﻿race_encp,race_date,track,race_no,grade,syumoku,syoriKbn,syusouInfoExistFlg,yudoSensyuName,raceResult1Syaban,raceResult2Syaban,backCnt1Syaban,backCnt2Syaban,lastUpdateTime
qB0b7MkHtkbTo5CbxWit46b19Ed0Lx4Pl5otUCqArlVCbtZGyA1i7dPRIa-4sBOu,20240208,川崎,1,F1,Ａ級一般,1,1,山田　幸司,2,1,3,4,2024/02/08 07:05&nbsp;更新
qB0b7MkHtkbTo5CbxWit4xTf9vHAMGkJSsfe2jt-aSGS0h8tnT3BqYVlCv70G48n,20240208,川崎,2,F1,Ａ級一般,1,1,成田　健児,5,3,2,"6,7",2024/02/08 07:05&nbsp;更新
qB0b7MkHtkbTo5CbxWit4-yyISA_QS1H0bcsh5MTLkGyKqsixrYPz53o1SLgvD2N,20240208,川崎,3,F1,Ａ級準決勝,1,1,野村　純宏,2,1,4,7,2024/02/08 07:05&nbsp;更新
qB0b7MkHtkbTo5CbxWit4x50XyqsBvzAzyI5XNFiVLjZqmIMhxoSIqmtNoXu2o1D,20240208,川崎,4,F1,Ａ級準決勝,1,1,伊藤　彰規,4,5,6,3,2024/02/08 07:05&nbsp;更新
qB0b7MkHtkbTo5CbxWit446i28Au1zJAtxUNiNKnc1_0HR2-fVATe8UIoHIXieu5,20240208,川崎,5,F1,Ａ級準決勝,1,1,山田　幸司,1,5,7,1,2024/02/08 07:05&nbsp;更新
qB0b7MkHtkbTo5CbxWit4-L1_s8yAlrvDIYijo-k4zqakK7QLplovRDcPDwFTn-b,20240208,川崎,6,F1,Ｓ級一般,1,1,齊藤　竜也,2,7,1,7,2024/02/08 07:05&nbsp;更新
qB0b7MkHtkbTo5CbxWit49R4oEIcdpUEN7uXqSDZ7v8uXL_1gIVp0FOoSrhYPlRm,20240208,川崎,7,F1,Ｓ級一般,1,1,野村　純宏,3,2,3,6,2024/02/08 07:05&nbsp;更新
qB0b7MkHtkbTo5CbxWit4xp5pN_-wVZ-6ocquj6a9k54by7zdsFv98Rn5wzIF22A,20240208,川崎,8,F1,Ｓ級選抜,1,1,成田　健児,4,2,4,1,2024/02/08 07:05&nbsp;更新
qB0b7MkHtkbTo5CbxWit4-vRM_0WMjY3UaLQ1Pk7b0Y7ht5sXqgpLBm5icRAZYJB,20240208,川崎,9,F1,Ｓ級選抜,1,1,伊藤　彰規,2,5,1,6,2024/02/08 07:05&nbsp;更新
qB0b7MkHtkbTo5CbxWit44VSC8xZIWbb8vmcLp1tt-9-9YLzMxaQLVyxmnVdtEpy,20240208,川崎,10,F1,Ｓ級準決勝,1,1,山田　幸司,7,2,3,"4,6",2024/02/08 07:05&nbsp;更新
qB0b7MkHtkbTo5CbxWit46os2-gieqlDU1mNxcfEKhX4Vtsckh5dH1_kDIFoFMob,20240208,川崎,11,F1,Ｓ級準決勝,1,1,齊藤　竜也,5,1,1,"2,4",2024/02/08 07:05&nbsp;更新
qB0b7MkHtkbTo5CbxWit41l_jcNXWNhqAlis8PahHKm3R4OukqlLrEM9wuhjSI7n,20240208,川崎,12,F1,Ｓ級準決勝,1,1,成田　健児,3,1,4,5,2024/02/08 07:05&nbsp;更新
XzGw51U-QJL0SQ0YQD3SNsH54_k_HayCi__rgK7XwW23txLl-kovejMzY9y66lmJ,20240208,小松島,1,F1,Ａ級一般,1,1,住村　実,5,1,5,4,2024/02/08 07:05&nbsp;更新
XzGw51U-QJL0SQ0YQD3SNrVbTwjNVGVI0qTdlYWZXxzOXa91LWUxUzEfsyCI5xMC,20240208,小松島,2,F1,Ａ級一般,1,1,滝山　実,3,7,2,7,2024/02/08 07:05&nbsp;更新
XzGw51U-QJL0SQ0YQD3SNvrCx-OeebbFX_PEM72pAs_7MkdL_f7nreILWZWjvQY7,20240208,小松島,3,F1,Ａ級特選,1,1,住村　実,1,5,6,5,2024/02/08 07:05&nbsp;更新
XzGw51U-QJL0SQ0YQD3SNgT5lr_jCs98ZfaNAnq7rz2cFUSTvqR4VGUT1jurrIDx,20240208,小松島,4,F1,Ａ級特選,1,1,滝山　実,5,7,1,2,2024/02/08 07:05&nbsp;更新
XzGw51U-QJL0SQ0YQD3SNn6oT7kzoW_XA3g421sgJPlShJ-3wRbe_2qCJGZIKOTx,20240208,小松島,5,F1,Ｓ級一般,1,1,藤岡　隆治,5,7,6,7,2024/02/08 07:05&nbsp;更新
XzGw51U-QJL0SQ0YQD3SNhvy5TINd5gK4fJQrKUed2GcjSLeg7BVO7cL49CLwdLz,20240208,小松島,6,F1,Ｓ級一般,1,1,堤　洋,4,7,6,5,2024/02/08 07:05&nbsp;更新
XzGw51U-QJL0SQ0YQD3SNhiMmBzdyFgP51oEFze5GG8v2BxbbTCf2jn36D2mpRFw,20240208,小松島,7,F1,Ｓ級一般,1,1,山形　一気,7,5,1,6,2024/02/08 07:05&nbsp;更新
XzGw51U-QJL0SQ0YQD3SNjpkKpWEpiD3WuvZyiEnl6YGaBATFl_dc7Ink58ahQMn,20240208,小松島,8,F1,Ｓ級特選,1,1,藤岡　隆治,1,2,7,5,2024/02/08 07:05&nbsp;更新
XzGw51U-QJL0SQ0YQD3SNktT4VyKgpZqYVJpFcuj81z1pILQ9Bz8R5ArbDBbVE5Y,20240208,小松島,9,F1,Ｓ級特選,1,1,堤　洋,5,1,3,7,2024/02/08 07:05&nbsp;更新
XzGw51U-QJL0SQ0YQD3SNjSP992ZSQeQw5iXw7iD2pW6vE4mOGwHROq4B2PGJa0z,20240208,小松島,10,F1,Ｓ級特選,1,1,山形　一気,2,5,1,4,2024/02/08 07:05&nbsp;更新
XzGw51U-QJL0SQ0YQD3SNq8ThQYOltoQFHQ6hCNh85WkEO8oc-mk658is9rWUKkY,20240208,小松島,11,F1,Ａ級決勝,1,1,滝山　実,4,7,"4,5,6",,2024/02/08 07:05&nbsp;更新
XzGw51U-QJL0SQ0YQD3SNoeI2SG1XwLKUK86SgMoI_sePuBstBKzygT7dWy7GvaM,20240208,小松島,12,F1,Ｓ級決勝,1,1,堤　洋,7,1,4,6,2024/02/08 07:05&nbsp;更新
40e_64vLzizZus8EyHmUfCTe9fWR7skXituNj072EGRHDkYjy7eA-2ZPeZcbLYmt,20240208,京王閣,1,F2,Ｌ級ガールズ一般,1,1,永井　隆一,1,2,2,6,2024/02/08 14:55&nbsp;更新
40e_64vLzizZus8EyHmUfEPGDv1FRsB1tc-gq0Q96rh6IO68BIxjFl0dbSsUdCuM,20240208,京王閣,2,F2,Ａ級一般,1,1,菅谷　隆司,1,2,2,3,2024/02/08 15:44&nbsp;更新
40e_64vLzizZus8EyHmUfM36XYjW2rxEZpsCrPHLeJlV-HJN7Ft8T3EKR-rqAF6_,20240208,京王閣,3,F2,Ａ級一般,1,1,松根　真,1,2,2,6,2024/02/08 15:44&nbsp;更新
40e_64vLzizZus8EyHmUfFKiulMDy8yuOTlmzVs3UNfOIiq76-3CNpqj5I64ZXGr,20240208,京王閣,4,F2,Ａ級一般,1,1,鈴木　薫,1,2,1,3,2024/02/08 15:44&nbsp;更新
40e_64vLzizZus8EyHmUfHIOEqe3cyTdf28sfk5lgsOfJf55MUy1mf3UV1x67xPq,20240208,京王閣,5,F2,Ａ級特選,1,1,永井　隆一,1,2,7,6,2024/02/08 15:44&nbsp;更新
40e_64vLzizZus8EyHmUfIla-PWpGcpL6vSh4BOKJ34_MjU4MejoqWc70TTkncaH,20240208,京王閣,6,F2,Ａ級特選,1,1,菅谷　隆司,1,2,3,5,2024/02/08 15:44&nbsp;更新
40e_64vLzizZus8EyHmUfMFbPxJvaX4gV9fYb-HJifQ7zj0qHSHLa9_Iltiao4Mt,20240208,京王閣,7,F2,Ａ級特選,1,1,鈴木　薫,1,2,6,4,2024/02/08 15:44&nbsp;更新
40e_64vLzizZus8EyHmUfML_X17IrJB4zbapO0z8LrX6GEpo33usoqslvUu7jlzi,20240208,京王閣,8,F2,Ｌ級ガールズ決勝,1,1,松根　真,1,2,5,"3,4",2024/02/08 14:55&nbsp;更新
40e_64vLzizZus8EyHmUfNJdtccUc0N47XAkIdQSg88af9KO-ka72EcURpx-LWT5,20240208,京王閣,9,F2,Ａ級決勝,1,1,長井　妙樹,1,2,6,5,2024/02/08 15:44&nbsp;更新
rBl6u-PQCfnEApS7lfmOv8iRlh5vEltqE0h9kY5lAGOI2awGYppf2488LsNTbSPM,20240208,向日町,1,F2,Ａ級チャレンジ予選,1,1,吉村　文隆,1,3,1,6,2024/02/08 07:05&nbsp;更新
rBl6u-PQCfnEApS7lfmOv2UydiLDNtrxlCe0gzXwmprjcBSAMcFMQcq96OHYGaAK,20240208,向日町,2,F2,Ａ級チャレンジ予選,1,1,山崎　光展,5,1,4,2,2024/02/08 07:05&nbsp;更新
rBl6u-PQCfnEApS7lfmOv6DoXLoQW4JXEP3MaH0ehTjBIXgQ4AWC1pubGEMARcpE,20240208,向日町,3,F2,Ａ級チャレンジ予選,1,1,西谷　岳文,1,2,4,7,2024/02/08 07:05&nbsp;更新
rBl6u-PQCfnEApS7lfmOvxjaEYALfRdHJH6Nepus2el7tvuwpq4K2Kg_c0Q0BWXQ,20240208,向日町,4,F2,Ａ級チャレンジ予選,1,1,河村　章憲,2,5,5,1,2024/02/08 07:05&nbsp;更新
rBl6u-PQCfnEApS7lfmOv07Uu3FNGRVApbgK9XuidHPgfLL9Fgv9k7ViBK7NE9Tj,20240208,向日町,5,F2,Ａ級チャレンジ予選,1,1,吉村　文隆,3,5,"1,3",,2024/02/08 07:05&nbsp;更新
rBl6u-PQCfnEApS7lfmOv34I7WQtTigN0QTekkaFkHmGA_uk90bQL6rY-8x64ffZ,20240208,向日町,6,F2,Ｌ級ガールズ予選（第１走）,1,1,武田　哲二,6,7,6,7,2024/02/08 07:05&nbsp;更新
rBl6u-PQCfnEApS7lfmOv9oyLSj50oWswQY9PWVeb_uanbgo1tsxFaRlQWCmMiIa,20240208,向日町,7,F2,Ｌ級ガールズ予選（第１走）,1,1,河村　章憲,4,3,"5,6",,2024/02/08 07:05&nbsp;更新
rBl6u-PQCfnEApS7lfmOvyD1hFVNZadkFliWOy400l2VaSgE716PQT7MEpC4jfXU,20240208,向日町,8,F2,Ａ級特予選,1,1,武田　哲二,7,1,5,7,2024/02/08 07:05&nbsp;更新
rBl6u-PQCfnEApS7lfmOv9c50TTKNP1qRlvlMvo0SrVh22EarYICI4tR2aAMTXJe,20240208,向日町,9,F2,Ａ級特予選,1,1,山崎　光展,4,5,1,7,2024/02/08 07:05&nbsp;更新
rBl6u-PQCfnEApS7lfmOv3E8ox_H0wyluZYKlM2rQ3aG5DL94wZ8BKlp1OSEdofC,20240208,向日町,10,F2,Ａ級特予選,1,1,西谷　岳文,3,5,6,5,2024/02/08 07:05&nbsp;更新
rBl6u-PQCfnEApS7lfmOv38RLTw4rZ5b2GPuHxdK9sZdHvS5Lx-AavZFo-7roQ_c,20240208,向日町,11,F2,Ａ級特予選,1,1,河村　章憲,1,2,7,4,2024/02/08 07:05&nbsp;更新
rBl6u-PQCfnEApS7lfmOv7YG9oGGP8uZUKNPvWOsXilxZE2WJYQQsETH8f8eGeV8,20240208,向日町,12,F2,Ａ級初日特選,1,1,武田　哲二,4,3,4,3,2024/02/08 07:05&nbsp;更新
hHQoBSTIFmBY5TBll3-vbqleBPLxDch-YsVT7Q8O9gJswrou_5Z7MK1O18VdDEAP,20240208,玉野,1,F2,Ａ級チャレンジ予選,1,1,川本　隆史,1,7,3,1,2024/02/08 07:05&nbsp;更新
hHQoBSTIFmBY5TBll3-vbh1jZUbvyOwl9utFQaQ-CMJa6GWG9Pmw57uvMvE-ZEmh,20240208,玉野,2,F2,Ａ級チャレンジ予選,1,1,井上　剛,1,3,"2,5",,2024/02/08 07:05&nbsp;更新
hHQoBSTIFmBY5TBll3-vbg5Hq2qW1m8zIyxu3MG9EBxVLr8o7VMsRtf9bMKnHJik,20240208,玉野,3,F2,Ａ級チャレンジ予選,1,1,川本　隆史,5,1,7,2,2024/02/08 07:05&nbsp;更新
hHQoBSTIFmBY5TBll3-vbqRJkvSLLLl69m9T-WrKh9TGaKjowAPiX3F4onphVZSb,20240208,玉野,4,F2,Ａ級チャレンジ予選,1,1,井上　剛,5,3,1,3,2024/02/08 07:05&nbsp;更新
hHQoBSTIFmBY5TBll3-vbueVwozVoEtE7zBziGcyH04THGvS3PTFwGqtRpbJiinN,20240208,玉野,5,F2,Ａ級チャレンジ予選,1,1,田上　晃也,4,3,4,2,2024/02/08 07:05&nbsp;更新
hHQoBSTIFmBY5TBll3-vbmaNWf0PXQfnv2-hJgJ0d2vZ9CfDu_Ad0bJOmmj3u-Ic,20240208,玉野,6,F2,Ｌ級ガールズ予選（第１走）,1,1,川本　隆史,5,2,5,3,2024/02/08 07:05&nbsp;更新
hHQoBSTIFmBY5TBll3-vbhNAGkklR5qxw8ivVDfBkfdiFq-I5dWo7ZM3b01ztvGK,20240208,玉野,7,F2,Ｌ級ガールズ予選（第１走）,1,1,井上　剛,4,7,4,7,2024/02/08 07:05&nbsp;更新
hHQoBSTIFmBY5TBll3-vbrkTxWvoaiqjdkouH_mSKwhRG_9Zsi87cEc3JZXH0_Gg,20240208,玉野,8,F2,Ａ級特予選,1,1,高橋清太郎,1,4,2,6,2024/02/08 07:05&nbsp;更新
hHQoBSTIFmBY5TBll3-vbtQLx5Sm3ReFiHi9dIcFom7LZbPU3kyCPOodrd6r2KXq,20240208,玉野,9,F2,Ａ級特予選,1,1,石丸　寛之,7,3,5,6,2024/02/08 07:05&nbsp;更新
hHQoBSTIFmBY5TBll3-vbslltpcOGxkQ33Bbm-SBk67yBPPIyloV9T6ilDP5mWw6,20240208,玉野,10,F2,Ａ級特予選,1,1,田上　晃也,1,5,5,6,2024/02/08 07:05&nbsp;更新
hHQoBSTIFmBY5TBll3-vbho9hR2aEND6gp5mAFXMAZRrxB9xGddI-BITvwm2EfrH,20240208,玉野,11,F2,Ａ級特予選,1,1,高橋清太郎,2,5,6,7,2024/02/08 07:05&nbsp;更新
hHQoBSTIFmBY5TBll3-vbt7cW9kBJa8FLIh-Pt0dYe9jlG91jrbHQLAXGTxeeV6f,20240208,玉野,12,F2,Ａ級初日特選,1,1,石丸　寛之,3,5,4,7,2024/02/08 07:05&nbsp;更新
TzXNr1IyQYXd8vmMpJjd_4Y5Vj7nS9eXZQgeCaGiY8T6zCVwd1yTTrFBnLd137wo,20240208,小倉,1,F2,Ａ級チャレンジ一般,1,1,森山　昌昭,1,2,2,1,2024/02/08 10:57&nbsp;更新
TzXNr1IyQYXd8vmMpJjd_y62z8ElQ3NkbeCSbkEXAQnPnqMFsS-xgnz39Q-NF5Hb,20240208,小倉,2,F2,Ａ級チャレンジ一般,1,1,松丸　裕紀,1,2,4,6,2024/02/08 17:25&nbsp;更新
TzXNr1IyQYXd8vmMpJjd_wqs3ZXRc48huMIQQljyZau3x_h17OEHnU3YT6Ufr2ct,20240208,小倉,3,F2,Ａ級チャレンジ選抜,1,1,飯田　裕次,1,2,1,3,2024/02/08 09:18&nbsp;更新
TzXNr1IyQYXd8vmMpJjd__TQHIGW_Ajd4rQrOABQ9pdDNeXvUxf5gCP6ORJoNkNy,20240208,小倉,4,F2,Ａ級特一般,1,1,八尋　英輔,1,2,4,,2024/02/08 09:20&nbsp;更新
TzXNr1IyQYXd8vmMpJjd_7f9VliPm7GQ3Y5YNYVEusMtF36o-352Uz7LbALReHDV,20240208,小倉,5,F2,Ａ級特一般,1,1,森山　昌昭,1,2,1,5,2024/02/08 09:24&nbsp;更新
TzXNr1IyQYXd8vmMpJjd_3rw-GFfqbDkDPNMLLMCLcDKx1lXbtigetzE_3dLyJO5,20240208,小倉,6,F2,Ａ級特選,1,1,飯田　裕次,1,2,6,2,2024/02/08 09:26&nbsp;更新
TzXNr1IyQYXd8vmMpJjd_9KzuE04c5qM43ls3m8SoAJezPeksugFX1N-L5T1pQ2H,20240208,小倉,7,F2,Ａ級特選,1,1,松丸　裕紀,1,2,1,3,2024/02/08 11:06&nbsp;更新
TzXNr1IyQYXd8vmMpJjd_8M1H0x0JZfLMMF1-aitPyFD56ti7DdHYvSOp_NYAxK1,20240208,小倉,8,F2,Ａ級チャレンジ決勝,1,1,飯田　裕次,1,2,4,1,2024/02/08 10:04&nbsp;更新
TzXNr1IyQYXd8vmMpJjd_1GFJRKCPipvbUIZ_rRmzvcfScbejaGohxK6566Op5JQ,20240208,小倉,9,F2,Ａ級決勝,1,1,八尋　英輔,1,2,7,3,2024/02/08 10:00&nbsp;更新
4sLptYw_uaU3-SWJZKrd1OYuanpUvt_JDyzpzPVa6ilzlHPdi-lTZDKZGEpsILTG,20240208,別府,1,F2,Ａ級一般,1,1,池部　壮太,5,1,5,1,2024/02/08 07:05&nbsp;更新
4sLptYw_uaU3-SWJZKrd1F0vEBnRWcyy5Axtz6yRwgDBLhtz94hk0KqWIG1VIQ22,20240208,別府,2,F2,Ａ級一般,1,1,一丸　尚伍,3,2,1,5,2024/02/08 07:05&nbsp;更新
4sLptYw_uaU3-SWJZKrd1ASMrxsXLQd14eNyjnd_IegH2OL7INBDJSJt92lOjkPy,20240208,別府,3,F2,Ａ級選抜,1,1,菅原　晃,3,1,7,,2024/02/08 07:05&nbsp;更新
4sLptYw_uaU3-SWJZKrd1JzDJuwptHenBkkdlnFbNIu6mrQnzCmZWF1HgohBeVFX,20240208,別府,4,F2,Ａ級選抜,1,1,山崎　翼,7,1,"5,6",,2024/02/08 07:05&nbsp;更新
4sLptYw_uaU3-SWJZKrd1FwBpc1F2rzu9LJqDFMJj4pzwXDrQhTfWCHSlOnWikgS,20240208,別府,5,F2,Ａ級準決勝,1,1,池部　壮太,7,2,"1,6",,2024/02/08 07:05&nbsp;更新
4sLptYw_uaU3-SWJZKrd1Ggj8tsi0WEiYEsv5VdGkALYZIrLtC0hXJjpXgqYHUqF,20240208,別府,6,F2,Ａ級準決勝,1,1,一丸　尚伍,2,7,7,1,2024/02/08 07:05&nbsp;更新
4sLptYw_uaU3-SWJZKrd1Df7-9tRI-5BWRTVnpvalsSJkknZo6EfGJaGZtWhCWSD,20240208,別府,7,F2,Ａ級準決勝,1,1,菅原　晃,1,2,6,5,2024/02/08 07:05&nbsp;更新
qW-ZPX5Na0y9CaoMyhsv4x5W-pEMXKJA7kVj4Br7UaI8Opx8sR_LaLq6RhlVf2zp,20240209,岐阜,1,G1,Ｓ級一次予選,1,1,志智　俊夫,3,9,9,5,2024/02/09 07:03&nbsp;更新
qW-ZPX5Na0y9CaoMyhsv4yi9ynO-MMjkMOlk7ZwaqqIm2PWoar3QUrFR2_QTvtkn,20240209,岐阜,2,G1,Ｓ級一次予選,1,1,山口　富生,2,7,9,"1,7",2024/02/09 07:03&nbsp;更新
qW-ZPX5Na0y9CaoMyhsv49vJ1Pb4St02ZyFecNWH1oCBlyV5z9kNkwRWrpBqkkl0,20240209,岐阜,3,G1,Ｓ級一次予選,1,1,藤原　誠,5,1,3,"1,4",2024/02/09 07:03&nbsp;更新
qW-ZPX5Na0y9CaoMyhsv49Oi_lHieII1a_NsYR2hjfEjym_4yMjX0qmAGteluIRb,20240209,岐阜,4,G1,Ｓ級一次予選,1,1,橋本　優己,7,5,3,6,2024/02/09 07:03&nbsp;更新
qW-ZPX5Na0y9CaoMyhsv47sQvw-x4RvXltuutuW7JxY4JTLv4SWXYnhX1fPu9-5l,20240209,岐阜,5,G1,Ｓ級一次予選,1,1,川口　聖二,7,9,7,6,2024/02/09 07:03&nbsp;更新
qW-ZPX5Na0y9CaoMyhsv4ylA7MK9RnTWImZjmD_WmS5unKLr6mhTuu8F-r90iwvW,20240209,岐阜,6,G1,Ｓ級一次予選,1,1,志智　俊夫,3,7,7,"3,4",2024/02/09 07:03&nbsp;更新
qW-ZPX5Na0y9CaoMyhsv434Np4zW6SDQrHYuLdexIBMtslGS6scFMD-kgGbAuFEQ,20240209,岐阜,7,G1,Ｓ級一次予選,1,1,山口　富生,7,3,"3,9",,2024/02/09 07:03&nbsp;更新
qW-ZPX5Na0y9CaoMyhsv4yzs_CNNmKtUKJugC9f5k2eca5LGn6d4box8_KwtV4Jc,20240209,岐阜,8,G1,Ｓ級一次予選,1,1,藤原　誠,2,5,6,5,2024/02/09 07:03&nbsp;更新
qW-ZPX5Na0y9CaoMyhsv46sF0ICc3GSZRSIRsUvMnzPsnfV6u3W70mn3fwdzT-Yg,20240209,岐阜,9,G1,Ｓ級一次予選,1,1,橋本　優己,7,3,3,"5,9",2024/02/09 07:03&nbsp;更新
qW-ZPX5Na0y9CaoMyhsv4wfCa7-6IfZKOLjEa887Q6IH9t0pyTC829xScFECZGeV,20240209,岐阜,10,G1,Ｓ級特別選抜予選,1,1,川口　聖二,7,5,7,1,2024/02/09 07:03&nbsp;更新
qW-ZPX5Na0y9CaoMyhsv4xKsVGBagqSMbJY_vzXqiSCG8fBV45PLM-x6ocBtmBFZ,20240209,岐阜,11,G1,Ｓ級特別選抜予選,1,1,志智　俊夫,7,1,6,9,2024/02/09 07:03&nbsp;更新
qW-ZPX5Na0y9CaoMyhsv4w7rPJcSl9QfNCxKpqSGxNEVJWnwVybfUHoH--h85j7W,20240209,岐阜,12,G1,Ｓ級特別選抜予選,1,1,山口　富生,1,5,7,3,2024/02/09 07:03&nbsp;更新
qB0b7MkHtkbTo5CbxWit40gTkoCWkTl-s7kYRnQofVxsv-DtZ074PSAzu2ua2LY9,20240209,川崎,1,F1,Ａ級一般,1,1,伊藤　彰規,4,2,1,3,2024/02/09 07:03&nbsp;更新
qB0b7MkHtkbTo5CbxWit4xKirEMUrHvv5UWsCntHVYJtdKKyUKa09-4QiBJwXUt8,20240209,川崎,2,F1,Ａ級一般,1,1,野村　純宏,1,5,6,7,2024/02/09 07:03&nbsp;更新
qB0b7MkHtkbTo5CbxWit48N58J3bGH7y86elTahlKkHgjTFtOiCMeAe8hQD3oiAG,20240209,川崎,3,F1,Ａ級特選,1,1,齊藤　竜也,2,5,4,7,2024/02/09 07:03&nbsp;更新
qB0b7MkHtkbTo5CbxWit4yHx1N5QLRRN_EcywFCffcj67gndyGcNXaNjr9yhTr7l,20240209,川崎,4,F1,Ａ級特選,1,1,成田　健児,3,1,4,"6,7",2024/02/09 07:03&nbsp;更新
qB0b7MkHtkbTo5CbxWit49HKV4eQKy9CFZ-W1l_ykpWsCzOO1H0zH-Cnc39OZUj-,20240209,川崎,5,F1,Ｓ級一般,1,1,山田　幸司,7,5,6,"2,5",2024/02/09 07:03&nbsp;更新
qB0b7MkHtkbTo5CbxWit40JEWnl5Mmt6YFvklfb6_4-sEYkYF_wtFdnjRBG4F8Bi,20240209,川崎,6,F1,Ｓ級一般,1,1,野村　純宏,4,5,"1,6",,2024/02/09 07:03&nbsp;更新
qB0b7MkHtkbTo5CbxWit4-eT0_14JTu-nnYnKMh02EYYALwkjttGlzUdHNMQV-bp,20240209,川崎,7,F1,Ｓ級一般,1,1,齊藤　竜也,1,4,6,1,2024/02/09 07:03&nbsp;更新
qB0b7MkHtkbTo5CbxWit4-JukYiPx43EonSgVgNBBM42Z_m90-HQ-mqoBom3Ep-V,20240209,川崎,8,F1,Ｓ級特選,1,1,伊藤　彰規,4,5,3,1,2024/02/09 13:24&nbsp;更新
qB0b7MkHtkbTo5CbxWit46trSK8rAR4VBwiEZ5frIloGsgDns4vciCus510Jbtz3,20240209,川崎,9,F1,Ｓ級特選,1,1,野村　純宏,3,7,"4,5",,2024/02/09 07:03&nbsp;更新
qB0b7MkHtkbTo5CbxWit49z70RIrerRq1BaG0KH1dw6sKFgjSINIgmkuQDJUDHCU,20240209,川崎,10,F1,Ｓ級特選,1,1,成田　健児,1,4,2,3,2024/02/09 07:03&nbsp;更新
qB0b7MkHtkbTo5CbxWit43CkwNJ49JH6R9zaPoB35ADz23SxloCVPB0HpfOEzTHG,20240209,川崎,11,F1,Ａ級決勝,1,1,山田　幸司,5,7,6,2,2024/02/09 07:03&nbsp;更新
qB0b7MkHtkbTo5CbxWit49y1egiiitH2Fj10FYklx0HDwbgOnxrgIZWtAPUYEbUw,20240209,川崎,12,F1,Ｓ級決勝,1,1,齊藤　竜也,5,1,3,"6,7",2024/02/09 07:03&nbsp;更新
bp6dAvRRo5C6cz9eTz8FqU0iTTvFjaNraMzY5nIQCyTwOaN8ewxF6VPLGgblqPP1,20240209,立川,1,F2,Ａ級チャレンジ予選,1,1,飯島　亮,2,7,3,4,2024/02/09 07:03&nbsp;更新
bp6dAvRRo5C6cz9eTz8FqV2oXBhA-qb0HwCVpMlncET-9QQNW7tvNaW1ZYX8VNPR,20240209,立川,2,F2,Ａ級チャレンジ予選,1,1,乙川　高徳,7,2,2,3,2024/02/09 07:03&nbsp;更新
bp6dAvRRo5C6cz9eTz8FqY5d565nnH3ou9sAFmGhzi6G3iWAMSS_lQZNCXsIvhQI,20240209,立川,3,F2,Ａ級チャレンジ予選,1,1,山本恵太郎,3,5,7,3,2024/02/09 07:03&nbsp;更新
bp6dAvRRo5C6cz9eTz8FqYrzyos8raKxbepWjbNiTdvpgC6qpD07Iddp4FcdZcdz,20240209,立川,4,F2,Ａ級チャレンジ予選,1,1,渡辺　航平,3,7,2,3,2024/02/09 07:03&nbsp;更新
bp6dAvRRo5C6cz9eTz8FqSVSCK0bGRHuBTmHRrxBR5c-1OuLL7SbWC6Ju_RN5Dxv,20240209,立川,5,F2,Ａ級チャレンジ予選,1,1,内田　英介,2,5,5,3,2024/02/09 07:03&nbsp;更新
bp6dAvRRo5C6cz9eTz8FqX-qB1CVBFK790EPNTe0SY79fmETEbCO51hfdbcX5chD,20240209,立川,6,F2,Ｌ級ガールズ予選（第１走）,1,1,鈴木　輝大,7,3,6,4,2024/02/09 07:03&nbsp;更新
bp6dAvRRo5C6cz9eTz8Fqb6O4RFsxFJjSzk5NmFBzLlXX4W3fdcF8uWkVHuZzzIe,20240209,立川,7,F2,Ｌ級ガールズ予選（第１走）,1,1,飯島　亮,6,1,6,1,2024/02/09 07:03&nbsp;更新
bp6dAvRRo5C6cz9eTz8FqXhwhpRH6qct3CuHlB_33JxGaY5oqS5xGXsB6s4yT94U,20240209,立川,8,F2,Ａ級特予選,1,1,乙川　高徳,5,2,6,"1,3",2024/02/09 07:03&nbsp;更新
bp6dAvRRo5C6cz9eTz8FqfWAwrwrp98NAyF34EXUFOhBBNfYPG9Be18pfcraY6lr,20240209,立川,9,F2,Ａ級特予選,1,1,山本恵太郎,5,4,5,3,2024/02/09 07:03&nbsp;更新
bp6dAvRRo5C6cz9eTz8FqYIExP8gzpn6pyx5Yoqma9v66TERnbNI6oK5tF0Rz51R,20240209,立川,10,F2,Ａ級特予選,1,1,渡辺　航平,3,7,3,4,2024/02/09 09:26&nbsp;更新
bp6dAvRRo5C6cz9eTz8FqbHNut7mwcX-7Z_RB3GoI5Ngnf0MHS6wd6Z8BImv9_U8,20240209,立川,11,F2,Ａ級特予選,1,1,内田　英介,3,1,1,6,2024/02/09 07:03&nbsp;更新
bp6dAvRRo5C6cz9eTz8Fqbh019R3I80pyEpbWk9oVwkVPb9knOezrO6tvXm3q9rq,20240209,立川,12,F2,Ａ級初日特選,1,1,鈴木　輝大,3,5,2,7,2024/02/09 07:03&nbsp;更新
rBl6u-PQCfnEApS7lfmOvwsVjCN1K-UCg-iq0AaAhJryXwyC4bX9VlbJtqCCwNHk,20240209,向日町,1,F2,Ａ級チャレンジ一般,1,1,吉村　文隆,4,2,5,4,2024/02/09 07:03&nbsp;更新
rBl6u-PQCfnEApS7lfmOvycFFvgaI0ES2G2qufh_8Qeq81EF0_4Y7SPQkPEvVdSF,20240209,向日町,2,F2,Ａ級チャレンジ一般,1,1,山崎　光展,5,2,2,6,2024/02/09 09:33&nbsp;更新
rBl6u-PQCfnEApS7lfmOv52IP0ZQB9sa5n_n14GMCoWQ2I0jABfmcU3kk_TI1D_p,20240209,向日町,3,F2,Ａ級チャレンジ準決勝,1,1,河村　章憲,4,1,4,2,2024/02/09 07:03&nbsp;更新
rBl6u-PQCfnEApS7lfmOv9T-ph60q1VUxTc7M10yBXZFThJ-EUq3TbwG1HdGpusL,20240209,向日町,4,F2,Ａ級チャレンジ準決勝,1,1,武田　哲二,7,3,1,6,2024/02/09 07:03&nbsp;更新
rBl6u-PQCfnEApS7lfmOvx3DNj7fCqOE5g87YgABvdXXX5PwPh5H4sInj24tLLB3,20240209,向日町,5,F2,Ａ級チャレンジ準決勝,1,1,西谷　岳文,7,5,7,5,2024/02/09 07:03&nbsp;更新
rBl6u-PQCfnEApS7lfmOvw4-n9YrPqqLsEmetkCzpcCB4qvRzXvRRkxp6SEUPXMm,20240209,向日町,6,F2,Ｌ級ガールズ予選（第２走）,1,1,河村　章憲,3,1,3,1,2024/02/09 07:03&nbsp;更新
rBl6u-PQCfnEApS7lfmOv80bcDw4LcquyqfsVv7pHMoC4hwIixs8od7sT9tmu6qh,20240209,向日町,7,F2,Ｌ級ガールズ予選（第２走）,1,1,武田　哲二,6,5,"1,2",,2024/02/09 07:03&nbsp;更新
rBl6u-PQCfnEApS7lfmOv4ca24OGzzewvDmNTw59Iur6PdGLT8QKr4fm2VsqPe_c,20240209,向日町,8,F2,Ａ級特一般,1,1,吉村　文隆,2,4,6,2,2024/02/09 07:03&nbsp;更新
rBl6u-PQCfnEApS7lfmOv6NRLHttR-zstMxCNOTSAQYbwFJASy13D6mueUWtf0TX,20240209,向日町,9,F2,Ａ級特一般,1,1,山崎　光展,1,2,2,4,2024/02/09 07:03&nbsp;更新
rBl6u-PQCfnEApS7lfmOv19JzgyJyt3vb3KNF5yrN7etdrtAAYGC7pdjBS213wgK,20240209,向日町,10,F2,Ａ級準決勝,1,1,西谷　岳文,2,1,7,4,2024/02/09 07:03&nbsp;更新
rBl6u-PQCfnEApS7lfmOv9U38nYsuYYPQ-Br5kVdI_Ery9dpXz4jiamugnVgat_8,20240209,向日町,11,F2,Ａ級準決勝,1,1,河村　章憲,2,4,3,5,2024/02/09 07:03&nbsp;更新
rBl6u-PQCfnEApS7lfmOv7-vtCON1WM_9GSucvTNRETFFwuYEGOZFFt_zkFwuqwn,20240209,向日町,12,F2,Ａ級準決勝,1,1,武田　哲二,1,4,1,6,2024/02/09 07:03&nbsp;更新
hHQoBSTIFmBY5TBll3-vbtvR5Flqei9PA6QLV2p3ae6Ce7E-wL94pnJdwiNdX9KV,20240209,玉野,1,F2,Ａ級チャレンジ一般,1,1,川本　隆史,2,1,7,4,2024/02/09 07:03&nbsp;更新
hHQoBSTIFmBY5TBll3-vbsO5UayiVcucnas4QA2S-1dAXW-r5gvQ_r69oori9U2g,20240209,玉野,2,F2,Ａ級チャレンジ一般,1,1,井上　剛,3,5,3,5,2024/02/09 07:03&nbsp;更新
hHQoBSTIFmBY5TBll3-vboWrweCF2uankHC5d1SXf5TSxUDElC7XYM-m843FV5vi,20240209,玉野,3,F2,Ａ級チャレンジ準決勝,1,1,田上　晃也,4,5,5,7,2024/02/09 07:03&nbsp;更新
hHQoBSTIFmBY5TBll3-vbhqE_MCzhFrtrMpe3QUTN8ax0x7YQ9mE6UEeToYWRekr,20240209,玉野,4,F2,Ａ級チャレンジ準決勝,1,1,高橋清太郎,1,5,3,5,2024/02/09 07:03&nbsp;更新
hHQoBSTIFmBY5TBll3-vbopKN7HeNF1IkCOicw2boBxM4sUpj2df3FI-iQ-xZR26,20240209,玉野,5,F2,Ａ級チャレンジ準決勝,1,1,石丸　寛之,7,3,6,1,2024/02/09 07:03&nbsp;更新
hHQoBSTIFmBY5TBll3-vbvvXvBk5Edwl46J7hsaAzE_xaOnq4_gJu1VQNmgaTXDh,20240209,玉野,6,F2,Ｌ級ガールズ予選（第２走）,1,1,川本　隆史,4,5,4,1,2024/02/09 07:03&nbsp;更新
hHQoBSTIFmBY5TBll3-vbhKvh8NbNAZNUhycNn4bPa6Wm8Dq5BiUbXRs8voSv-IF,20240209,玉野,7,F2,Ｌ級ガールズ予選（第２走）,1,1,井上　剛,5,4,5,4,2024/02/09 07:03&nbsp;更新
hHQoBSTIFmBY5TBll3-vbnpbOmMXA8aO3JpYstdM7tPSnox64N45UG3otblW7Mjt,20240209,玉野,8,F2,Ａ級特一般,1,1,高橋清太郎,2,5,3,1,2024/02/09 07:03&nbsp;更新
hHQoBSTIFmBY5TBll3-vbjOq_2arpT1L7PIZ4pZZQ5aodEGk5f_Uu9in7nFcdzfE,20240209,玉野,9,F2,Ａ級特一般,1,1,田上　晃也,1,5,5,7,2024/02/09 07:03&nbsp;更新
hHQoBSTIFmBY5TBll3-vbqljy7NcQ7NtgBcoeYEY3gg0rsOHoijzBc_DOMecvmX4,20240209,玉野,10,F2,Ａ級準決勝,1,1,井上　剛,2,1,"1,7",,2024/02/09 07:03&nbsp;更新
hHQoBSTIFmBY5TBll3-vbhd1uVjif27u3IdnQuxUbXoNJ9vT6ZFngrW9QMz7mX_R,20240209,玉野,11,F2,Ａ級準決勝,1,1,高橋清太郎,3,5,2,3,2024/02/09 07:03&nbsp;更新
hHQoBSTIFmBY5TBll3-vbnoo1j1cHTz5H9XQUVOL8MmhNZMmOE-lP_iFkBc_X-x9,20240209,玉野,12,F2,Ａ級準決勝,1,1,石丸　寛之,1,5,4,1,2024/02/09 07:03&nbsp;更新
L-h0DRY0KFM8zxiuG3qDbAjPbpEKgXNlgsTSvipnwz6wUdJ900PP7Ac504ibG_tO,20240209,松山,1,F2,Ｌ級ガールズ予選（第１走）,1,1,林　成人,1,2,3,6,2024/02/09 07:03&nbsp;更新
L-h0DRY0KFM8zxiuG3qDbNoouX0FkEtU97PiGsQlcTcjhzDDgaM5kJBb0_EMoJjW,20240209,松山,2,F2,Ｌ級ガールズ予選（第１走）,1,1,日野　博幸,1,2,1,5,2024/02/09 07:03&nbsp;更新
L-h0DRY0KFM8zxiuG3qDbNOvkgDmHMD5neLIAETYX6dROMIWjZdnDc2DBIcF423o,20240209,松山,3,F2,Ａ級予選,1,1,上田　学,1,2,6,4,2024/02/09 07:03&nbsp;更新
L-h0DRY0KFM8zxiuG3qDbLHvgZzJz27bH-3hym7qWGd45_Ix0AsbbW_Bq7SYLDu2,20240209,松山,4,F2,Ａ級予選,1,1,高市　訓但,1,2,5,"1,7",2024/02/09 07:03&nbsp;更新
L-h0DRY0KFM8zxiuG3qDbFtDPDx73MmdnefTFcu2VEmY0VjXiZb8SRfuJz0xBwcr,20240209,松山,5,F2,Ａ級予選,1,1,林　成人,1,2,3,"2,4",2024/02/09 07:03&nbsp;更新
L-h0DRY0KFM8zxiuG3qDbCqwuKgAPPQ4OLZiX65jprJe3Ox3mKqWTmZnabrPY_Sc,20240209,松山,6,F2,Ａ級予選,1,1,日野　博幸,1,2,3,4,2024/02/09 07:03&nbsp;更新
L-h0DRY0KFM8zxiuG3qDbGdV2LleHzStPZHraMlJn-xLD-VBYGiyyf83kSAAS3UB,20240209,松山,7,F2,Ａ級予選,1,1,上田　学,1,2,3,5,2024/02/09 07:03&nbsp;更新
L-h0DRY0KFM8zxiuG3qDbC3nUowa_AN6c9ftKCPgwXIH-HBOeosRGwDM6Yzu9z2a,20240209,松山,8,F2,Ａ級予選,1,1,林　成人,1,2,3,4,2024/02/09 07:03&nbsp;更新
L-h0DRY0KFM8zxiuG3qDbJ2oliMwr6VbFMdhqDeno5XTE3gI_Ayxd5zsveBi-9gK,20240209,松山,9,F2,Ａ級初日特選,1,1,高市　訓但,1,2,5,2,2024/02/09 07:03&nbsp;更新
dTawFXGT895LEmEj4dpxjt55OWwgQfHBGlIdsZxCnWqY2FEYZXn9cURDyU_-yw9p,20240209,久留米,1,F2,Ａ級チャレンジ予選,1,1,高尾　剛文,1,2,3,6,2024/02/09 07:03&nbsp;更新
dTawFXGT895LEmEj4dpxjqfeQxrMzA___Jn-pYftRPgvRgV6AXI9YOMNxpBmKN3s,20240209,久留米,2,F2,Ａ級チャレンジ予選,1,1,小竹　洋平,1,2,"5,6",,2024/02/09 07:03&nbsp;更新
dTawFXGT895LEmEj4dpxjhCJ8yQofnrdciIlEZhTfkZIwhrnwRm1Th9jISnH3NTb,20240209,久留米,3,F2,Ａ級チャレンジ予選,1,1,那須　久幸,1,2,4,3,2024/02/09 07:03&nbsp;更新
dTawFXGT895LEmEj4dpxjm4ZoG6-R0GR47sfafoTquP1LD9R9xXO-KVr7Tluc7Cd,20240209,久留米,4,F2,Ａ級チャレンジ予選,1,1,高尾　剛文,1,2,3,7,2024/02/09 07:03&nbsp;更新
dTawFXGT895LEmEj4dpxjgxRPhs4TkkSSRY_NazsAcY9ovzVeprNrmGK4KtIbUwV,20240209,久留米,5,F2,Ａ級特予選,1,1,藤田　剣次,1,2,5,4,2024/02/09 07:03&nbsp;更新
dTawFXGT895LEmEj4dpxjii5-F6EWrcb03hgIwe8QyoOdj2C12mDH7OyEVZFsdND,20240209,久留米,6,F2,Ａ級特予選,1,1,小竹　洋平,1,2,5,"1,6",2024/02/09 19:43&nbsp;更新
dTawFXGT895LEmEj4dpxjvAyZTgV0RdYjUxRWhX11tptSrHwEWImCXzKGCU33Pc9,20240209,久留米,7,F2,Ａ級特予選,1,1,高尾　剛文,1,2,1,"4,6",2024/02/09 07:03&nbsp;更新
dTawFXGT895LEmEj4dpxjoYSV9yUNrxOm8gcdYtyvTdgjwaeD7GOxThwsS9sYZPJ,20240209,久留米,8,F2,Ａ級特予選,1,1,藤田　剣次,1,2,1,6,2024/02/09 07:03&nbsp;更新
dTawFXGT895LEmEj4dpxjjy4Ag-Kbu9TUToJe7yIt2RjUDEJu7vNSg1y633toS4I,20240209,久留米,9,F2,Ａ級初日特選,1,1,那須　久幸,1,2,3,4,2024/02/09 07:03&nbsp;更新
4sLptYw_uaU3-SWJZKrd1N7E2satz9si3S2Ry_ZYPiCpg_ZhhIxParP0g7TwAIqS,20240209,別府,1,F2,Ａ級一般,1,1,山崎　翼,1,4,3,4,2024/02/09 07:03&nbsp;更新
4sLptYw_uaU3-SWJZKrd1IkiDzhaM_kPbARtdMYB8p1l5BPL2JN7op84aOqGwUdG,20240209,別府,2,F2,Ａ級一般,1,1,一丸　尚伍,4,3,7,5,2024/02/09 07:03&nbsp;更新
4sLptYw_uaU3-SWJZKrd1BqiT9G19x3JWnL_n9wDH1TJAR276Aw2wSQHBuzh-y66,20240209,別府,3,F2,Ａ級一般,1,1,菅原　晃,3,2,3,4,2024/02/09 07:03&nbsp;更新
4sLptYw_uaU3-SWJZKrd1C42XFC7Xkly3ofBMSgIIo29k_7JoWTsRIWWwDQnMclk,20240209,別府,4,F2,Ａ級特選,1,1,山崎　翼,5,3,3,"6,7",2024/02/09 07:03&nbsp;更新
4sLptYw_uaU3-SWJZKrd1IirFXYrZHbh-giyTGyMcPShzbBAa7p9h032dwJoAffz,20240209,別府,5,F2,Ａ級特選,1,1,池部　壮太,2,4,5,1,2024/02/09 07:03&nbsp;更新
4sLptYw_uaU3-SWJZKrd1Jm5KXwkNg9tdjT6cYwCO7VdzscHUyvQFJu-qleqw-bF,20240209,別府,6,F2,Ａ級特選,1,1,一丸　尚伍,2,3,5,1,2024/02/09 07:03&nbsp;更新
4sLptYw_uaU3-SWJZKrd1LCf9uoX22YemXKDTpMjmQ2JdyAag46ql0tUfFme73IL,20240209,別府,7,F2,Ａ級決勝,1,1,菅原　晃,2,7,5,1,2024/02/09 07:03&nbsp;更新
qW-ZPX5Na0y9CaoMyhsv4-IUxamBoUkEDmKgQG6FvrmcWkzBrY4Px5ktBjzltsNl,20240210,岐阜,1,G1,Ｓ級特一般,1,1,川口　聖二,9,2,9,1,2024/02/10 07:01&nbsp;更新
qW-ZPX5Na0y9CaoMyhsv4ww-ZCGB9_RiEZiRqHVwq7ZPMuAXBMcZLLw52--MGJTL,20240210,岐阜,2,G1,Ｓ級特一般,1,1,志智　俊夫,2,7,4,8,2024/02/10 07:01&nbsp;更新
qW-ZPX5Na0y9CaoMyhsv41q8qVWUYGq5yhW8y_CI9gMhszlZaSmKTlIuE_R5-Ipp,20240210,岐阜,3,G1,Ｓ級特一般,1,1,藤原　誠,9,5,5,7,2024/02/10 07:01&nbsp;更新
qW-ZPX5Na0y9CaoMyhsv4_XUULbqcLhC7eVsaGzC-_DeiCk9UU_NCtZbyTgbjdNU,20240210,岐阜,4,G1,Ｓ級特一般,1,1,橋本　優己,3,9,3,6,2024/02/10 07:01&nbsp;更新
qW-ZPX5Na0y9CaoMyhsv48KvaqYQXYS7mfOJiyenoHPSJ0Gczh3SG2ATRm-CatIk,20240210,岐阜,5,G1,Ｓ級特一般,1,1,川口　聖二,9,2,6,9,2024/02/10 07:01&nbsp;更新
qW-ZPX5Na0y9CaoMyhsv4wxNLeg_p-yd9fYVWH6CTFr0wjTJsHjoRjygdMkBZt68,20240210,岐阜,6,G1,Ｓ級二次予選,1,1,志智　俊夫,9,2,9,"4,5",2024/02/10 07:01&nbsp;更新
qW-ZPX5Na0y9CaoMyhsv4xST4J3_yEfqIsL_ZRmbJz7RPEh1Vi3UH235aAS4ZNs-,20240210,岐阜,7,G1,Ｓ級二次予選,1,1,山口　富生,1,9,8,3,2024/02/10 07:01&nbsp;更新
qW-ZPX5Na0y9CaoMyhsv47-DpVLz_3D732vTIuWtKZE0n0pJKyOA8md4ca48ug6d,20240210,岐阜,8,G1,Ｓ級二次予選,1,1,藤原　誠,9,3,2,5,2024/02/10 07:01&nbsp;更新
qW-ZPX5Na0y9CaoMyhsv41NC6EiOEqVxjsXvACX13KXWG3d9_fNXSflnhwS8gHz6,20240210,岐阜,9,G1,Ｓ級二次予選,1,1,橋本　優己,5,2,4,"2,9",2024/02/10 07:01&nbsp;更新
qW-ZPX5Na0y9CaoMyhsv41ZUGocnSQu9Fpm2934AFfCyzEOcMdZS9G7PWRfP2atn,20240210,岐阜,10,G1,Ｓ級二次予選,1,1,川口　聖二,5,1,8,3,2024/02/10 07:01&nbsp;更新
qW-ZPX5Na0y9CaoMyhsv42VoATcDD3qGuNS09d0OTkh8Axl_LTwKG--hugsVAL7p,20240210,岐阜,11,G1,Ｓ級二次予選,1,1,志智　俊夫,1,3,"5,7",,2024/02/10 07:01&nbsp;更新
qW-ZPX5Na0y9CaoMyhsv48B8lP7k7NqJg62m9UrkZm0sGdpZTt5c240E5rOx6SHL,20240210,岐阜,12,G1,Ｓ級スタールビー賞,1,1,山口　富生,5,2,5,3,2024/02/10 07:01&nbsp;更新
ZHNqMDrv_PhK_RMqwDdB9mSOc89FYFTO9Lt8yZLvT5Xt1RDe6AEXdcfju2y2vUb3,20240210,取手,1,F1,Ａ級予選,1,1,岩崎　大和,2,5,2,5,2024/02/10 07:01&nbsp;更新
ZHNqMDrv_PhK_RMqwDdB9v2sodHmi3rG7FMEbjHTX4K_8dTdRf72OuT0TpE7Pqcm,20240210,取手,2,F1,Ａ級予選,1,1,橋本　紀彰,5,2,6,5,2024/02/10 07:01&nbsp;更新
ZHNqMDrv_PhK_RMqwDdB9ng79BaW_PjXh0vDYLVX3XAD7bZ8FLeYxz_VTdz-ZrBm,20240210,取手,3,F1,Ａ級予選,1,1,岩崎　大和,1,3,1,5,2024/02/10 07:01&nbsp;更新
ZHNqMDrv_PhK_RMqwDdB9hxLFpbuP-1mLGdrQSbC8uck75NdhjrVHscHZ52qj8dW,20240210,取手,4,F1,Ａ級予選,1,1,山口　翼,2,4,2,7,2024/02/10 07:01&nbsp;更新
ZHNqMDrv_PhK_RMqwDdB9vJWKThCaGhCe1VnRt92-9KJODw5jMmDSnUqzi-a4l-8,20240210,取手,5,F1,Ａ級初日特選,1,1,橋本　紀彰,2,7,6,2,2024/02/10 07:01&nbsp;更新
ZHNqMDrv_PhK_RMqwDdB9kwM6KgNh4EaXRx9As_VmgX-_1u2HErHnisRqy-WNZT4,20240210,取手,6,F1,Ｌ級ガールズ予選（第１走）,1,1,岩崎　大和,2,1,1,6,2024/02/10 07:01&nbsp;更新
ZHNqMDrv_PhK_RMqwDdB9vZDX_dDwLuW4J6fspcpP4sKTdttzw-ePTmheReAct88,20240210,取手,7,F1,Ｌ級ガールズ予選（第１走）,1,1,橋本　紀彰,5,1,3,1,2024/02/10 07:01&nbsp;更新
ZHNqMDrv_PhK_RMqwDdB9qi4M9dD1H19AciVLibSEmf6tEnjrKEN_pvz5aaypztD,20240210,取手,8,F1,Ｓ級予選,1,1,関　貴之,4,2,4,"3,6",2024/02/10 07:01&nbsp;更新
ZHNqMDrv_PhK_RMqwDdB9pLxjcYzz-pTrGbWXqJNgxmUkITkeOTJVJC3Y0scDePG,20240210,取手,9,F1,Ｓ級予選,1,1,佐藤　礼文,2,5,1,2,2024/02/10 07:01&nbsp;更新
ZHNqMDrv_PhK_RMqwDdB9q98dhmK4fJ-lNa7aWokUVY0_QJx7V8o2BYLabv7NzCE,20240210,取手,10,F1,Ｓ級予選,1,1,山口　翼,1,7,5,3,2024/02/10 07:01&nbsp;更新
ZHNqMDrv_PhK_RMqwDdB9rfQ-GMBdLKaPe79XcwKYZUGEQvvhnnRb3D4Qa_b4MlJ,20240210,取手,11,F1,Ｓ級予選,1,1,関　貴之,1,7,3,7,2024/02/10 07:01&nbsp;更新
ZHNqMDrv_PhK_RMqwDdB9nuT4yXIbAMm-68q7iYQKUWFZ3ruAKoaE2OVVGl6CeZ5,20240210,取手,12,F1,Ｓ級初日特選,1,1,佐藤　礼文,3,1,6,1,2024/02/10 07:01&nbsp;更新
bp6dAvRRo5C6cz9eTz8FqUWYvi2fxWm9eqCmxehBBU45vE2_fn2wZrammeZJM2_v,20240210,立川,1,F2,Ａ級チャレンジ一般,1,1,飯島　亮,1,5,2,,2024/02/10 07:01&nbsp;更新
bp6dAvRRo5C6cz9eTz8FqV-28ix7vGasG_TQCpMkaApOHUnixmdikLE4-OQyl2Oj,20240210,立川,2,F2,Ａ級チャレンジ一般,1,1,乙川　高徳,4,3,"4,5",,2024/02/10 07:01&nbsp;更新
bp6dAvRRo5C6cz9eTz8FqYHtlCdUJZZYgJ7d8Cr9MoQwcwdlH0QDimzbnV01cTOs,20240210,立川,3,F2,Ａ級チャレンジ準決勝,1,1,山本恵太郎,3,7,2,7,2024/02/10 07:01&nbsp;更新
bp6dAvRRo5C6cz9eTz8FqYOGGWoiUldOvLc1AV2eAobWUB8aNA7UZFcB2HHiIw4b,20240210,立川,4,F2,Ａ級チャレンジ準決勝,1,1,渡辺　航平,3,5,1,5,2024/02/10 07:01&nbsp;更新
bp6dAvRRo5C6cz9eTz8FqWB0zyrXyU7IUGlxTWVkqzT4bklinkuxNrsDh59fFYVK,20240210,立川,5,F2,Ａ級チャレンジ準決勝,1,1,内田　英介,2,1,1,4,2024/02/10 07:01&nbsp;更新
bp6dAvRRo5C6cz9eTz8FqQgI2Mh1QnHwZspS0pzf-6r9Fj2R7fgLc5lCmVqks9vY,20240210,立川,6,F2,Ｌ級ガールズ予選（第２走）,1,1,鈴木　輝大,3,1,6,5,2024/02/10 07:01&nbsp;更新
bp6dAvRRo5C6cz9eTz8FqWc7xESv2YFFNdknUO5FBMLMz8oB5l0_5tcWL4Qeg6JR,20240210,立川,7,F2,Ｌ級ガールズ予選（第２走）,1,1,飯島　亮,1,7,5,1,2024/02/10 07:01&nbsp;更新
bp6dAvRRo5C6cz9eTz8FqUtSm8o3uVB0tJRLejSc89rMi6-n6zh67rB2JjMrD37z,20240210,立川,8,F2,Ａ級特一般,1,1,乙川　高徳,5,4,2,3,2024/02/10 07:01&nbsp;更新
bp6dAvRRo5C6cz9eTz8FqUh4wE09ilzvYWq0i73dBHxWCu6cBsrhR3FiMPIhejgx,20240210,立川,9,F2,Ａ級特一般,1,1,山本恵太郎,1,2,6,4,2024/02/10 07:01&nbsp;更新
bp6dAvRRo5C6cz9eTz8FqRsYiqlck814EDNlgQ-mnOko3mqaOx2Q22or4Jpn4dUC,20240210,立川,10,F2,Ａ級準決勝,1,1,渡辺　航平,3,1,2,3,2024/02/10 07:01&nbsp;更新
bp6dAvRRo5C6cz9eTz8Fqb7-LTVYrXdsJahd7sP8jeuuC4N7J_CiupnULUCTVl6q,20240210,立川,11,F2,Ａ級準決勝,1,1,内田　英介,7,1,1,6,2024/02/10 07:01&nbsp;更新
bp6dAvRRo5C6cz9eTz8FqcMApdQ9_jVorJ24-4URTRGPGQLScDd5OmyHLinGMWbD,20240210,立川,12,F2,Ａ級準決勝,1,1,鈴木　輝大,4,1,2,4,2024/02/10 07:01&nbsp;更新
wWGgXEq2uuee3jKNfyXvkDinVtZi3e7t4Z2_KIb4l7xaeevi4t1L4oE2E5u-cpxO,20240210,松戸,1,F2,Ａ級チャレンジ予選,1,1,中曽　直彦,2,3,"1,4",,2024/02/10 07:01&nbsp;更新
wWGgXEq2uuee3jKNfyXvkCHOn9EIvo2CRn-q9wWsEVVNIgSymfi-Lc3jE3ezDxAJ,20240210,松戸,2,F2,Ａ級チャレンジ予選,1,1,坂木田雄介,4,3,7,4,2024/02/10 07:01&nbsp;更新
wWGgXEq2uuee3jKNfyXvkBqOjfsKThtP5pQp3rJlmXiHFnLdfTp3ekoBI4ldEAA7,20240210,松戸,3,F2,Ａ級チャレンジ予選,1,1,佐藤　清之,1,2,1,5,2024/02/10 07:01&nbsp;更新
wWGgXEq2uuee3jKNfyXvkDj7TWxVLoTcngO6ffT5ZiQTbuQ-jwP_xR50hO19ZA27,20240210,松戸,4,F2,Ａ級チャレンジ予選,1,1,中曽　直彦,1,5,5,2,2024/02/10 07:01&nbsp;更新
wWGgXEq2uuee3jKNfyXvkIDfrTb4x0ffYZHwQZO7AYmINO4CF7PB_0j_DErwIIDP,20240210,松戸,5,F2,Ａ級チャレンジ予選,1,1,花田　将司,1,4,1,2,2024/02/10 07:01&nbsp;更新
wWGgXEq2uuee3jKNfyXvkK1OmMnpn4zEkACAsaPtONoJpxikF711M3_kWqOj3-tg,20240210,松戸,6,F2,Ｌ級ガールズ予選（第１走）,1,1,須藤　誠,4,3,4,7,2024/02/10 07:01&nbsp;更新
wWGgXEq2uuee3jKNfyXvkCD64LgRixLq0ShzXkfqSf5MWwnbsRdqPe7ihwBHp_RA,20240210,松戸,7,F2,Ｌ級ガールズ予選（第１走）,1,1,中曽　直彦,7,1,7,"1,5",2024/02/10 07:01&nbsp;更新
wWGgXEq2uuee3jKNfyXvkCckVdzBSWAwAnz4c3u3fK05SIoTwFXocYwNyeTQEIcv,20240210,松戸,8,F2,Ａ級特予選,1,1,坂木田雄介,1,7,7,1,2024/02/10 07:01&nbsp;更新
wWGgXEq2uuee3jKNfyXvkAaydEjguBa9oUccza165OPKs6UM6zzTMDN0SbvaQIYP,20240210,松戸,9,F2,Ａ級特予選,1,1,佐藤　清之,3,2,5,3,2024/02/10 07:01&nbsp;更新
wWGgXEq2uuee3jKNfyXvkKtXh-fxk-_JLxO9ENPL2ulmPwc_uOpXdOU97mIgsMyV,20240210,松戸,10,F2,Ａ級特予選,1,1,須藤　誠,1,4,5,4,2024/02/10 07:01&nbsp;更新
wWGgXEq2uuee3jKNfyXvkMeQjfXMGzvpNJ6E13KAht_dHuXV1iDwaQ-7WHNm45N2,20240210,松戸,11,F2,Ａ級特予選,1,1,花田　将司,2,7,2,5,2024/02/10 07:01&nbsp;更新
wWGgXEq2uuee3jKNfyXvkCf1plQILfe1TNpvCe6LNQYbZlOn2zs5SoaaDZmts4dc,20240210,松戸,12,F2,Ａ級初日特選,1,1,佐藤　清之,1,3,5,1,2024/02/10 07:01&nbsp;更新
pjpbN8xQZYQT1-bYupLW5_Pueou52IfEvHNhnLAbSxfBjlpwOap6bydlHEKSIHAx,20240210,小田原,1,F2,Ａ級チャレンジ予選,1,1,三ッ井　武,5,4,1,4,2024/02/10 07:01&nbsp;更新
pjpbN8xQZYQT1-bYupLW57jOebX4LSmz5fREoYfVjotLX2t3nlbcJ7GyEsmiOowy,20240210,小田原,2,F2,Ａ級チャレンジ予選,1,1,川田　忍,1,2,"2,3",,2024/02/10 07:01&nbsp;更新
pjpbN8xQZYQT1-bYupLW51U-raEcV2lt-RrteSMKsFSeGev3L9JS8geThP2rqQa2,20240210,小田原,3,F2,Ａ級チャレンジ予選,1,1,山田慎一郎,3,5,2,5,2024/02/10 07:01&nbsp;更新
pjpbN8xQZYQT1-bYupLW51H2lf1dbm5uE-ounRy17beeHRJUFBA3o2J0HfsZzJcK,20240210,小田原,4,F2,Ａ級チャレンジ予選,1,1,猪俣　康一,4,3,1,6,2024/02/10 07:01&nbsp;更新
pjpbN8xQZYQT1-bYupLW5wmDEwOKzFt7-kJNdIDqKlvZ1z5rT9L7cnbW07fdgltG,20240210,小田原,5,F2,Ａ級チャレンジ予選,1,1,三ッ井　武,1,5,1,7,2024/02/10 07:01&nbsp;更新
pjpbN8xQZYQT1-bYupLW58iC2ZoQzmKVUkOLR_hiF20AeYZCgD-AE6mw1e3jyvT2,20240210,小田原,6,F2,Ａ級チャレンジ予選,1,1,川田　忍,7,5,7,4,2024/02/10 07:01&nbsp;更新
pjpbN8xQZYQT1-bYupLW50oX0Gx6uTb4apNF6AlnjUjFGZpk8pMDkZ9GuiR4JnxH,20240210,小田原,7,F2,Ａ級チャレンジ予選,1,1,猪俣　康一,7,1,1,5,2024/02/10 07:01&nbsp;更新
rBl6u-PQCfnEApS7lfmOv2fPsrmAS5j3FI2SHJZAgJKFNAvf_6OSkF2aWaaY0wIR,20240210,向日町,1,F2,Ａ級チャレンジ一般,1,1,吉村　文隆,1,5,5,,2024/02/10 07:01&nbsp;更新
rBl6u-PQCfnEApS7lfmOv39nEyxJnMLz9d2Z1epSywRtXwohE_YD4Ld-p05FfBiI,20240210,向日町,2,F2,Ａ級チャレンジ一般,1,1,山崎　光展,3,5,1,5,2024/02/10 07:01&nbsp;更新
rBl6u-PQCfnEApS7lfmOv1DaxWPMF475vhHQYesAb7wNbhF_gr-g7yY7Y8Yi-GvO,20240210,向日町,3,F2,Ａ級チャレンジ選抜,1,1,河村　章憲,5,1,3,6,2024/02/10 07:01&nbsp;更新
rBl6u-PQCfnEApS7lfmOv3BXLHmtD8P4NVsXdiEQYhLmFw8vrTXVMg1zz_3mfOua,20240210,向日町,4,F2,Ａ級チャレンジ選抜,1,1,武田　哲二,1,7,3,7,2024/02/10 07:01&nbsp;更新
rBl6u-PQCfnEApS7lfmOv849icYWD9hIvS_MkXDS_QTURgiy1iEnGs2RZlnNxGzx,20240210,向日町,5,F2,Ａ級特一般,1,1,西谷　岳文,5,4,1,2,2024/02/10 07:01&nbsp;更新
rBl6u-PQCfnEApS7lfmOv5vGpK9IfZVmuSmXtCpek6pz60ka9af5HWt0IkGvJQxg,20240210,向日町,6,F2,Ａ級特一般,1,1,河村　章憲,4,2,4,1,2024/02/10 07:01&nbsp;更新
rBl6u-PQCfnEApS7lfmOvyiNuaF-G1IS7W7wGVdJScY-pWgvZo_GhEVw9s4_d096,20240210,向日町,7,F2,Ｌ級ガールズ一般,1,1,吉村　文隆,2,7,7,1,2024/02/10 07:01&nbsp;更新
rBl6u-PQCfnEApS7lfmOvx09-qD5NbuMtiM20Bw4vzW51_-0Wb45cRLG1rHv-n0H,20240210,向日町,8,F2,Ａ級特選,1,1,武田　哲二,3,2,"6,7",,2024/02/10 07:01&nbsp;更新
rBl6u-PQCfnEApS7lfmOv8ePLFGnRzEwZkbTWduW5Q980aFJ62EToxCWzWkxFT8P,20240210,向日町,9,F2,Ａ級特選,1,1,河村　章憲,3,4,5,1,2024/02/10 07:01&nbsp;更新
rBl6u-PQCfnEApS7lfmOv713lPOCyVPMqYIjMK3SeZU9ddRw96x6dUuZCoFrYQhn,20240210,向日町,10,F2,Ａ級チャレンジ決勝,1,1,西谷　岳文,5,3,2,1,2024/02/10 07:01&nbsp;更新
rBl6u-PQCfnEApS7lfmOv3i1RjWbKWVCvKS0wAQEWqybvMgi6MqtRIc3JLsWc-oU,20240210,向日町,11,F2,Ｌ級ガールズ決勝,1,1,山崎　光展,1,4,5,4,2024/02/10 07:01&nbsp;更新
rBl6u-PQCfnEApS7lfmOvzu37zhYpSQlJy2RqaQIUdHi7Svl8PxSW0qO0600h6BF,20240210,向日町,12,F2,Ａ級決勝,1,1,武田　哲二,3,4,6,3,2024/02/10 07:01&nbsp;更新
hHQoBSTIFmBY5TBll3-vbv2mOWWDUrEcPJkHJ8Z3879EFmzhXJZ7n0NLOm5T7V2q,20240210,玉野,1,F2,Ａ級チャレンジ一般,1,1,川本　隆史,2,4,4,2,2024/02/10 08:04&nbsp;更新
hHQoBSTIFmBY5TBll3-vbhnUe6as8uqDVI9X5BFW6NJBGRzCBLUEJx1ZkWMxnvwI,20240210,玉野,2,F2,Ａ級チャレンジ一般,1,1,井上　剛,5,1,5,3,2024/02/10 08:04&nbsp;更新
hHQoBSTIFmBY5TBll3-vblvXpbDqDGJhieDqGAjyHm64aHNcl8-AB072gVGL67L9,20240210,玉野,3,F2,Ａ級チャレンジ選抜,1,1,田上　晃也,7,1,2,1,2024/02/10 08:04&nbsp;更新
hHQoBSTIFmBY5TBll3-vbkdpfFENKBcVwdGx8pFQH-cv3t0wr5q9GYXzVWLPYpaA,20240210,玉野,4,F2,Ａ級チャレンジ選抜,1,1,高橋清太郎,5,7,2,4,2024/02/10 08:04&nbsp;更新
hHQoBSTIFmBY5TBll3-vbqtxayxGdPz8UhezsG_FOYu84M9g4olfk2FpejqcDCOS,20240210,玉野,5,F2,Ｌ級ガールズ一般,1,1,川本　隆史,3,1,3,,2024/02/10 08:04&nbsp;更新
hHQoBSTIFmBY5TBll3-vbqaXVQDo8c5S_i32fZKFcMPFCYqvI4Wp0ywa-QKWET_4,20240210,玉野,6,F2,Ａ級特一般,1,1,井上　剛,4,5,2,"3,4",2024/02/10 08:04&nbsp;更新
hHQoBSTIFmBY5TBll3-vbucgWsN6bi13c49pakRnBiX2d6oRSw-KQocIq9ai2ZAy,20240210,玉野,7,F2,Ａ級特一般,1,1,田上　晃也,5,3,6,3,2024/02/10 08:04&nbsp;更新
hHQoBSTIFmBY5TBll3-vbtzNUjlffmWJfcdof4x5Qnm8lIfPuEXRjOGn0xw8EbKA,20240210,玉野,8,F2,Ａ級特選,1,1,石丸　寛之,7,1,3,2,2024/02/10 08:04&nbsp;更新
hHQoBSTIFmBY5TBll3-vbix791eY0oLsncSSXh2X08xJZWASacaj6WK-DuuS-JMn,20240210,玉野,9,F2,Ａ級特選,1,1,高橋清太郎,1,4,1,,2024/02/10 08:04&nbsp;更新
hHQoBSTIFmBY5TBll3-vbjmVu_6kCmBvJ-t5miq_4Buwa8Rhk4M2uvEGcCSSnGpR,20240210,玉野,10,F2,Ａ級チャレンジ決勝,1,1,川本　隆史,7,2,5,1,2024/02/10 08:04&nbsp;更新
hHQoBSTIFmBY5TBll3-vbrGc0zPSAv1W2L9p_meEDqpd4FmVby2n_jjAT2L-zRT2,20240210,玉野,11,F2,Ｌ級ガールズ決勝,1,1,井上　剛,2,3,3,2,2024/02/10 08:04&nbsp;更新
hHQoBSTIFmBY5TBll3-vbqxRSzPpBYqKFY-CTYjhRjqneRmkS2ZwsfMGmFt3XI8B,20240210,玉野,12,F2,Ａ級決勝,1,1,石丸　寛之,2,3,5,3,2024/02/10 08:04&nbsp;更新
L-h0DRY0KFM8zxiuG3qDbMExz_7EhnDw-GJ26-W83viX-6mT8vdHHQ3Vzx0ZETxd,20240210,松山,1,F2,Ｌ級ガールズ予選（第２走）,1,1,林　成人,1,2,4,6,2024/02/10 11:04&nbsp;更新
L-h0DRY0KFM8zxiuG3qDbDiQ007QZAUMqXd-RZ25F9HqbXfA5Eaq4ztkyi0RDdjY,20240210,松山,2,F2,Ｌ級ガールズ予選（第２走）,1,1,日野　博幸,1,2,1,3,2024/02/10 11:04&nbsp;更新
L-h0DRY0KFM8zxiuG3qDbNIlaG6ML8mwyLK0ux0FIuFOHlYd3aSreg3Msm07usUH,20240210,松山,3,F2,Ａ級一般,1,1,上田　学,1,2,3,7,2024/02/10 12:27&nbsp;更新
L-h0DRY0KFM8zxiuG3qDbAl94uujbC_F7zEXnftXdTjNmp5QFcMZ6aTxK3PGzE0M,20240210,松山,4,F2,Ａ級一般,1,1,高市　訓但,1,2,2,7,2024/02/10 11:04&nbsp;更新
L-h0DRY0KFM8zxiuG3qDbERL8NeOoKKsGS0EFpe1u3V-GkD0I_8XX2XXUWWEf30Q,20240210,松山,5,F2,Ａ級選抜,1,1,林　成人,1,2,4,7,2024/02/10 11:04&nbsp;更新
L-h0DRY0KFM8zxiuG3qDbMr7RoigjeAFrsp_VKHwXEDuSRkGfJF9er_P_GVMOxJn,20240210,松山,6,F2,Ａ級選抜,1,1,上田　学,1,2,2,3,2024/02/10 11:04&nbsp;更新
L-h0DRY0KFM8zxiuG3qDbKWInHs38ZREe3NI6EQ-5C-pLj2A6FOtkyoyuNoUKooU,20240210,松山,7,F2,Ａ級準決勝,1,1,日野　博幸,1,2,5,1,2024/02/10 11:04&nbsp;更新
L-h0DRY0KFM8zxiuG3qDbEA3V4fH2BxWSL-79KPYhQZSEdfHrh9OYKqDUxkE9z62,20240210,松山,8,F2,Ａ級準決勝,1,1,高市　訓但,1,"2,3",1,6,2024/02/10 19:30&nbsp;更新
L-h0DRY0KFM8zxiuG3qDbGhJFNY1uLcLM3I4H7rCUCVtvq6UzCsVrkBiW6L1n6ge,20240210,松山,9,F2,Ａ級準決勝,1,1,上田　学,1,2,7,"1,2",2024/02/10 11:04&nbsp;更新
dTawFXGT895LEmEj4dpxjlp7uzEv7twjRLSWoWLBzEAmkjt0ZNCKYVlHGe_9SzRg,20240210,久留米,1,F2,Ａ級チャレンジ一般,1,1,高尾　剛文,1,2,2,4,2024/02/10 09:09&nbsp;更新
dTawFXGT895LEmEj4dpxjuB1UwKPRWZWMBT_GhVGF3xHtRwh5xHflm95Oy_hMO5g,20240210,久留米,2,F2,Ａ級チャレンジ一般,1,1,藤田　剣次,1,2,7,5,2024/02/10 09:13&nbsp;更新
dTawFXGT895LEmEj4dpxjremiuV0Tpp80Mg52-fvKaLUb5i2hjX4mzvJfSrqURlk,20240210,久留米,3,F2,Ａ級チャレンジ準決勝,1,1,小竹　洋平,1,2,6,3,2024/02/10 09:17&nbsp;更新
dTawFXGT895LEmEj4dpxjpvQtxZ0BWfXk2xmyLcHbXvOxMITs4YkFBTniNz2fTPo,20240210,久留米,4,F2,Ａ級チャレンジ準決勝,1,1,那須　久幸,1,2,4,3,2024/02/10 09:20&nbsp;更新
dTawFXGT895LEmEj4dpxjs_ctptXnJb9rtKjeF47EuZtjj4Hnw3fwqG77SnUjG5-,20240210,久留米,5,F2,Ａ級特一般,1,1,藤田　剣次,1,2,"5,6",,2024/02/10 09:26&nbsp;更新
dTawFXGT895LEmEj4dpxjuMxnNlaTLYZnpkj18kI3Y_QEneMr4_dmkAm5Et7mHTl,20240210,久留米,6,F2,Ａ級特一般,1,1,高尾　剛文,1,2,5,2,2024/02/10 09:29&nbsp;更新
dTawFXGT895LEmEj4dpxjsERNp7VnmYZjY4-XE5Lfquh0N6NwjYKEhBHLj3h4awQ,20240210,久留米,7,F2,Ａ級準決勝,1,1,小竹　洋平,1,2,2,1,2024/02/10 09:31&nbsp;更新
dTawFXGT895LEmEj4dpxjssVzwPgswaBR7n4X4Lp98RupXE38cg9yqwiT4ekP-Df,20240210,久留米,8,F2,Ａ級準決勝,1,1,藤田　剣次,1,2,1,7,2024/02/10 09:33&nbsp;更新
dTawFXGT895LEmEj4dpxjvsGWS6Eh5f6qYLfbR8rJCPoOrN5IiVummvF7m3J7BeU,20240210,久留米,9,F2,Ａ級準決勝,1,1,那須　久幸,1,2,2,7,2024/02/10 09:36&nbsp;更新
qW-ZPX5Na0y9CaoMyhsv472LOvneyeTrHkyCquVcx_CM99Fa8_awjjlMIR1iyNHG,20240211,岐阜,1,G1,Ｓ級一般,1,1,志智　俊夫,1,5,1,6,2024/02/11 07:03&nbsp;更新
qW-ZPX5Na0y9CaoMyhsv4xBtWqmj48B21l14OF00Rl67PtwK7lTQ3IDopuhuhfrx,20240211,岐阜,2,G1,Ｓ級一般,1,1,山口　富生,9,3,1,2,2024/02/11 07:03&nbsp;更新
qW-ZPX5Na0y9CaoMyhsv4xO_P8dVwyk17lE52Aj-9P5RrEbDS9qjVm431A7lRhbw,20240211,岐阜,3,G1,Ｓ級一般,1,1,藤原　誠,7,5,8,9,2024/02/11 07:03&nbsp;更新
qW-ZPX5Na0y9CaoMyhsv49Q2TNEvGcsRq_7QJEdD5AtO5-JMk1ln9tmFuJZcZlqk,20240211,岐阜,4,G1,Ｓ級選抜,1,1,橋本　優己,9,1,4,1,2024/02/11 07:03&nbsp;更新
qW-ZPX5Na0y9CaoMyhsv44atzyFnxZl3Y85hBOdqwXzl5I-jAWavpvH3kdU1b3PJ,20240211,岐阜,5,G1,Ｓ級選抜,1,1,川口　聖二,7,1,3,9,2024/02/11 07:03&nbsp;更新
qW-ZPX5Na0y9CaoMyhsv440Bnw90VC_3cxGrcMZl3U2jZCiRFH2tlIestbl-dtAj,20240211,岐阜,6,G1,Ｓ級選抜,1,1,志智　俊夫,9,7,1,8,2024/02/11 07:03&nbsp;更新
qW-ZPX5Na0y9CaoMyhsv4xnOdyq-Or5PIeAtCddh6RR8JFgSsm33Ofrj3-83diaO,20240211,岐阜,7,G1,Ｓ級特選,1,1,山口　富生,5,2,"2,6",,2024/02/11 07:03&nbsp;更新
qW-ZPX5Na0y9CaoMyhsv4_uJCyglrFd7ZZ1LJKIMCYBaFihvsHyc7L23ifYcBgWm,20240211,岐阜,8,G1,Ｓ級特選,1,1,藤原　誠,1,2,9,8,2024/02/11 07:03&nbsp;更新
qW-ZPX5Na0y9CaoMyhsv40KYxUA0RY7gweHkvmpCbfjFRhUZjUV-64_4Adg-Ckpe,20240211,岐阜,9,G1,Ｓ級特選,1,1,橋本　優己,1,9,9,"3,7",2024/02/11 07:03&nbsp;更新
qW-ZPX5Na0y9CaoMyhsv45H2kXxqJsmKJwPpux3mqXQI_qefNrFO9zWXGolua4Kk,20240211,岐阜,10,G1,Ｓ級準決勝,1,1,川口　聖二,1,7,8,1,2024/02/11 07:03&nbsp;更新
qW-ZPX5Na0y9CaoMyhsv45puemdJm-MNS6XepcGYPctFhcHcqCbMbjD3BVXsnlSc,20240211,岐阜,11,G1,Ｓ級準決勝,1,1,志智　俊夫,9,5,"3,9",,2024/02/11 07:03&nbsp;更新
qW-ZPX5Na0y9CaoMyhsv49cLO1zr9inrRq4Oj7lZQPw4IvwgYJeBzUtQ45YdcGPK,20240211,岐阜,12,G1,Ｓ級準決勝,1,1,山口　富生,9,1,3,7,2024/02/11 07:03&nbsp;更新
ZHNqMDrv_PhK_RMqwDdB9sk1KjP8dhxQRpvSZQ6YhoiuDVdKuw1-URo_poQU7RWs,20240211,取手,1,F1,Ａ級一般,1,1,岩崎　大和,1,5,3,1,2024/02/11 07:03&nbsp;更新
ZHNqMDrv_PhK_RMqwDdB9uSSYuN3J6qvjtVfwmjtPWFMJ4ugIkZlDk5mNzuPmHR-,20240211,取手,2,F1,Ａ級一般,1,1,橋本　紀彰,1,2,1,4,2024/02/11 07:03&nbsp;更新
ZHNqMDrv_PhK_RMqwDdB9lZFLjaSez7diX6OFD4bv7oHhacaEOWneyJdX4YzwAK6,20240211,取手,3,F1,Ａ級準決勝,1,1,岩崎　大和,1,7,7,2,2024/02/11 07:03&nbsp;更新
ZHNqMDrv_PhK_RMqwDdB9jKZpJkMLjSL-cZfv4HYHXxSrDcfiJJYLFnlmMXUWLYe,20240211,取手,4,F1,Ａ級準決勝,1,1,橋本　紀彰,1,5,3,2,2024/02/11 07:03&nbsp;更新
ZHNqMDrv_PhK_RMqwDdB9jHVD66QBAoz3iCMNNdKqTtoDd-3PPv9bxC_f7U8d1Jk,20240211,取手,5,F1,Ａ級準決勝,1,1,山口　翼,5,1,4,5,2024/02/11 07:03&nbsp;更新
ZHNqMDrv_PhK_RMqwDdB9r0aBbHM5frjArERcb-q4a2LqpOfHsLPKSepeFK8AHjI,20240211,取手,6,F1,Ｌ級ガールズ予選（第２走）,1,1,岩崎　大和,4,6,6,4,2024/02/11 07:03&nbsp;更新
ZHNqMDrv_PhK_RMqwDdB9kkYJauy6sqJXD4Dl8XGpiYyjvvwqN9Z7Jy1HyHtiT2W,20240211,取手,7,F1,Ｌ級ガールズ予選（第２走）,1,1,橋本　紀彰,6,4,7,"2,4",2024/02/11 07:03&nbsp;更新
ZHNqMDrv_PhK_RMqwDdB9kuuohahavv0DUpzDR9ZdPz4-6KjDYlmagofGz2OkAuS,20240211,取手,8,F1,Ｓ級一般,1,1,関　貴之,2,4,4,6,2024/02/11 07:03&nbsp;更新
ZHNqMDrv_PhK_RMqwDdB9gZTwkjf2wGY6WatEzLBE1bbTBi4XbSDJcj4ZeAqCeR0,20240211,取手,9,F1,Ｓ級一般,1,1,佐藤　礼文,1,4,1,5,2024/02/11 07:03&nbsp;更新
ZHNqMDrv_PhK_RMqwDdB9hedYHMA-4VU0b8HW0sMLS_iOLumBfpPsqD2qT8CZi-l,20240211,取手,10,F1,Ｓ級準決勝,1,1,山口　翼,1,2,7,6,2024/02/11 07:03&nbsp;更新
ZHNqMDrv_PhK_RMqwDdB9u4fqs14nbKCYQaRGHpZ8ryQIwjm338i97pjnULlOH25,20240211,取手,11,F1,Ｓ級準決勝,1,1,関　貴之,2,7,1,6,2024/02/11 07:03&nbsp;更新
ZHNqMDrv_PhK_RMqwDdB9iqFj3QFfAbkMiWZ1eJHDceLav8iNvY0tzKpnP1FuzL2,20240211,取手,12,F1,Ｓ級準決勝,1,1,佐藤　礼文,7,4,"3,5",,2024/02/11 07:03&nbsp;更新
bp6dAvRRo5C6cz9eTz8FqR3j2LJGHLT4OOPMOlk8EHKrDJaKrN49eG3-m1XI3UHd,20240211,立川,1,F2,Ａ級チャレンジ一般,1,1,飯島　亮,2,1,2,1,2024/02/11 07:03&nbsp;更新
bp6dAvRRo5C6cz9eTz8FqWCtQxZI9KRJUN4GKtpV5CcWSBK2Myug22eOERhYJUKM,20240211,立川,2,F2,Ａ級チャレンジ一般,1,1,乙川　高徳,2,3,"2,6",,2024/02/11 07:03&nbsp;更新
bp6dAvRRo5C6cz9eTz8Fqf53Wwai81VRc7bDQLWL3F2c6-EitJNNu33iAogjN6Rj,20240211,立川,3,F2,Ａ級チャレンジ選抜,1,1,山本恵太郎,5,7,7,2,2024/02/11 07:03&nbsp;更新
bp6dAvRRo5C6cz9eTz8FqQoGmv7ETyciBz27YCK-zvxAoC0DpzMWeuwwOBfP_5HG,20240211,立川,4,F2,Ａ級チャレンジ選抜,1,1,渡辺　航平,4,3,4,1,2024/02/11 07:03&nbsp;更新
bp6dAvRRo5C6cz9eTz8FqdyArYwhMfYOX6dg09qlJZHerNaesKYmIr8oXo7bpQGf,20240211,立川,5,F2,Ｌ級ガールズ一般,1,1,鈴木　輝大,6,7,1,3,2024/02/11 07:03&nbsp;更新
bp6dAvRRo5C6cz9eTz8Fqd5XKKsy8TUtO3vDFin38eC-6B6pgceJlmn1YcBrGyaH,20240211,立川,6,F2,Ａ級特一般,1,1,内田　英介,3,7,4,6,2024/02/11 07:03&nbsp;更新
bp6dAvRRo5C6cz9eTz8FqaOjBOBSfNJQrvM1pOi05qhAF-7kaRg9Lrb7opmtMwAl,20240211,立川,7,F2,Ａ級特一般,1,1,乙川　高徳,1,5,1,2,2024/02/11 07:03&nbsp;更新
bp6dAvRRo5C6cz9eTz8FqUZo5AUXczysE4Tg38AmCaUNVYmBMc1MPV1LlLA5MoEk,20240211,立川,8,F2,Ａ級チャレンジ決勝,1,1,山本恵太郎,4,1,1,7,2024/02/11 07:03&nbsp;更新
bp6dAvRRo5C6cz9eTz8FqbZGrYMfp36r5TH7W7Ro_MFd-cbMAB4bZBAZAebbkF2n,20240211,立川,9,F2,Ｌ級ガールズ決勝,1,1,飯島　亮,5,1,2,5,2024/02/11 07:03&nbsp;更新
bp6dAvRRo5C6cz9eTz8FqbnWI_wvLXg8XUqN9NXFnjyWFQJcBVL2F6hNg_AWiGB1,20240211,立川,10,F2,Ａ級特選,1,1,渡辺　航平,5,1,"1,6",,2024/02/11 07:03&nbsp;更新
bp6dAvRRo5C6cz9eTz8FqdYlbA1Xp0ZwISqsUcGi6vAmYSYUW6cQum5-3qi9Ok8C,20240211,立川,11,F2,Ａ級特選,1,1,内田　英介,7,2,7,5,2024/02/11 07:03&nbsp;更新
bp6dAvRRo5C6cz9eTz8FqdiYJYint0iPUnnfRcM2WDHq3lAxbF3vmrp5uLlvC8Ax,20240211,立川,12,F2,Ａ級決勝,1,1,鈴木　輝大,5,7,4,"5,6",2024/02/11 07:03&nbsp;更新
wWGgXEq2uuee3jKNfyXvkEcO5KKsvA0mBCd5AewhTFJCuNguVxq_ygTShTwvkjIt,20240211,松戸,1,F2,Ａ級チャレンジ一般,1,1,須藤　誠,4,2,1,7,2024/02/11 07:03&nbsp;更新
wWGgXEq2uuee3jKNfyXvkClOd9I5JXhcPteT3AOec9k5bG4ewt6wXysjXCI-hufH,20240211,松戸,2,F2,Ａ級チャレンジ一般,1,1,佐藤　清之,4,1,"3,4",,2024/02/11 13:59&nbsp;更新
wWGgXEq2uuee3jKNfyXvkP8PQWpR5nyImXxJcihTQoGQzJnjKS4yMa8rFnM3RbaE,20240211,松戸,3,F2,Ａ級チャレンジ準決勝,1,1,中曽　直彦,7,2,2,6,2024/02/11 07:03&nbsp;更新
wWGgXEq2uuee3jKNfyXvkJsFdxSpmfpX_q6MHFXcYWp7_2S4Sr_Wl4vIiWJXlkaW,20240211,松戸,4,F2,Ａ級チャレンジ準決勝,1,1,坂木田雄介,7,2,7,"2,5",2024/02/11 07:03&nbsp;更新
wWGgXEq2uuee3jKNfyXvkCPv26CmKLjf_Y2H6_97-RG295RsvU561nX3Mo82qc4D,20240211,松戸,5,F2,Ａ級チャレンジ準決勝,1,1,須藤　誠,4,1,3,2,2024/02/11 07:03&nbsp;更新
wWGgXEq2uuee3jKNfyXvkFAavcsMm5wUnDSOZkc9V_OatdiQ0LgyaiXyXQA-Whtb,20240211,松戸,6,F2,Ｌ級ガールズ予選（第２走）,1,1,中曽　直彦,4,2,2,"3,4",2024/02/11 07:03&nbsp;更新
wWGgXEq2uuee3jKNfyXvkH3mPsPjCZSIXJIrMD4xymVT1uIn9Ur8XteH-Gmecg2o,20240211,松戸,7,F2,Ｌ級ガールズ予選（第２走）,1,1,佐藤　清之,4,5,4,1,2024/02/11 07:03&nbsp;更新
wWGgXEq2uuee3jKNfyXvkLgw9HdJYtENcboa026QDN3jEaGifYtGBLpowCFOR2-D,20240211,松戸,8,F2,Ａ級特一般,1,1,花田　将司,4,5,4,"1,3",2024/02/11 07:03&nbsp;更新
wWGgXEq2uuee3jKNfyXvkLe__yzAJmY543mokBBi3tk-iI7fw27iy-4P98oQ9cMp,20240211,松戸,9,F2,Ａ級特一般,1,1,中曽　直彦,3,2,7,3,2024/02/11 07:03&nbsp;更新
wWGgXEq2uuee3jKNfyXvkHNvvwSo0bgKaOI31THcNt76H7U8DVSM5wuh0goBdRzn,20240211,松戸,10,F2,Ａ級準決勝,1,1,須藤　誠,4,1,3,5,2024/02/11 07:03&nbsp;更新
wWGgXEq2uuee3jKNfyXvkFcyL204A6sG7kKAgJ0HrR8hZ1NcGPoHFW_RptDITejf,20240211,松戸,11,F2,Ａ級準決勝,1,1,坂木田雄介,4,1,7,2,2024/02/11 07:03&nbsp;更新
wWGgXEq2uuee3jKNfyXvkBvIugTGfs66jHXnB2pM8vhckZZQaToT8_MZfbuf7jrG,20240211,松戸,12,F2,Ａ級準決勝,1,1,花田　将司,2,1,1,7,2024/02/11 07:03&nbsp;更新
pjpbN8xQZYQT1-bYupLW5xIBC0iF6grZ0zXaZdC9hJnSrAUJcPDf1GH4cK2rf0qg,20240211,小田原,1,F2,Ａ級チャレンジ一般,1,1,三ッ井　武,5,1,4,1,2024/02/11 07:03&nbsp;更新
pjpbN8xQZYQT1-bYupLW5z7VjvJbKrCcMAc8KtONepP2qcLoO8HcVWyh6LFJfNjE,20240211,小田原,2,F2,Ａ級チャレンジ選抜,1,1,猪俣　康一,5,4,1,,2024/02/11 07:03&nbsp;更新
pjpbN8xQZYQT1-bYupLW52IIB_nsDdaTtCwRgIF0lla1sAuSfYUT7LyaRgSZkQiw,20240211,小田原,3,F2,Ａ級チャレンジ選抜,1,1,川田　忍,7,5,,,2024/02/11 07:03&nbsp;更新
pjpbN8xQZYQT1-bYupLW5yVxyt0TX3q2TbDgpnysJbssfZhzRQqp6PmeZXcusods,20240211,小田原,4,F2,Ａ級チャレンジ準決勝,1,1,三ッ井　武,1,5,3,"2,5",2024/02/11 07:03&nbsp;更新
pjpbN8xQZYQT1-bYupLW58EtRBAuybNF8Emd-Xtu4Gjnib_GFvFv3TmbzAxbFnCz,20240211,小田原,5,F2,Ａ級チャレンジ準決勝,1,1,猪俣　康一,1,5,5,3,2024/02/11 07:03&nbsp;更新
pjpbN8xQZYQT1-bYupLW5xIbTJv1cpWyqDPBqbW4wSk7-0VkcO7hHBrG9mnu8Dkn,20240211,小田原,6,F2,Ａ級チャレンジ準決勝,1,1,山田慎一郎,1,7,1,3,2024/02/11 07:03&nbsp;更新
L-h0DRY0KFM8zxiuG3qDbIqWnZJt_hy-buIPXWSEKUA-MOV4QlJSb47aXTYv2d2l,20240211,松山,1,F2,Ｌ級ガールズ一般,1,1,林　成人,1,2,3,,2024/02/11 09:49&nbsp;更新
L-h0DRY0KFM8zxiuG3qDbPr6mKwqQbVHZwyzyyF-EBk0YcJCpcdPyPwfyxbtXg1U,20240211,松山,2,F2,Ａ級一般,1,1,日野　博幸,1,2,2,"6,7",2024/02/11 09:49&nbsp;更新
L-h0DRY0KFM8zxiuG3qDbKXp8-B7CuZszZ_jcLg-Rk641tk_PdtfthmaC9k1vm4T,20240211,松山,3,F2,Ａ級一般,1,1,上田　学,1,2,3,4,2024/02/11 09:49&nbsp;更新
L-h0DRY0KFM8zxiuG3qDbKeMOLeDkCt3aq44OxsMun87T_lNr76RDWgye43Whg_l,20240211,松山,4,F2,Ａ級一般,1,1,高市　訓但,1,2,7,2,2024/02/11 09:49&nbsp;更新
L-h0DRY0KFM8zxiuG3qDbDBmM8typuK4l9jo5o7th0wHsNZGf7WrQobs_AEIqDpx,20240211,松山,5,F2,Ａ級特選,1,1,日野　博幸,1,2,5,4,2024/02/11 09:49&nbsp;更新
L-h0DRY0KFM8zxiuG3qDbAEt7DEP0IYEsgmpjehgJhD5B5glam23r_4bx0M0Lvgd,20240211,松山,6,F2,Ａ級特選,1,1,林　成人,1,2,5,1,2024/02/11 09:49&nbsp;更新
L-h0DRY0KFM8zxiuG3qDbFJ83MVtFfYccP3Q4GpVwGjiYLHbJaumxiVV8bPcYrhm,20240211,松山,7,F2,Ａ級特選,1,1,上田　学,1,2,4,6,2024/02/11 09:49&nbsp;更新
L-h0DRY0KFM8zxiuG3qDbK3T1ckXrLZZken3TNNI6IHcbb705hV-pbDQj6_-dzak,20240211,松山,8,F2,Ｌ級ガールズ決勝,1,1,日野　博幸,1,2,1,6,2024/02/11 09:49&nbsp;更新
L-h0DRY0KFM8zxiuG3qDbD-QOjeM2Dh0uLsPhA1yAu8e95QR0FFY5efrh2WHmr6n,20240211,松山,9,F2,Ａ級決勝,1,1,高市　訓但,1,2,5,2,2024/02/11 09:49&nbsp;更新
TzXNr1IyQYXd8vmMpJjd_0IZakgXKzDS8EDM4dTBnvNVCytLJCe9Q0nOqx9xIB49,20240211,小倉,1,F2,Ａ級チャレンジ予選,1,1,木谷　凉,1,7,3,7,2024/02/11 07:03&nbsp;更新
TzXNr1IyQYXd8vmMpJjd_87-h1rL3_Gc03V_j8wNt-cvpDNFnBrJNt8S5jxHHZvR,20240211,小倉,2,F2,Ａ級チャレンジ予選,1,1,高田　誠,7,1,1,4,2024/02/11 07:03&nbsp;更新
TzXNr1IyQYXd8vmMpJjd_52QLPIoZYWdChGAauPXDSwErvKjtOk5YzComTU_MFJ8,20240211,小倉,3,F2,Ａ級チャレンジ予選,1,1,名川　豊,3,5,3,4,2024/02/11 07:03&nbsp;更新
TzXNr1IyQYXd8vmMpJjd_wLzJMeoXsk3FCPjC25hjNpAZLYV64jhh9lueHOPhxM5,20240211,小倉,4,F2,Ａ級チャレンジ予選,1,1,加藤　昌平,1,4,4,3,2024/02/11 07:03&nbsp;更新
TzXNr1IyQYXd8vmMpJjd_xLOilpSmEnRqYhHvCt1NUnJ1cVqUfxUnmEl5ZiFQInb,20240211,小倉,5,F2,Ａ級チャレンジ予選,1,1,八谷　誠賢,1,5,1,4,2024/02/11 07:03&nbsp;更新
TzXNr1IyQYXd8vmMpJjd_wocX7RUie5imv8ey1yarhIj5xD7tnSHDhqr64aXsCPy,20240211,小倉,6,F2,Ａ級予選,1,1,木谷　凉,3,7,3,4,2024/02/11 07:03&nbsp;更新
TzXNr1IyQYXd8vmMpJjd_4V5X70hlbcnV_MGbMJTqai5rzCZkvP8S5I1wKb5gerk,20240211,小倉,7,F2,Ａ級予選,1,1,高田　誠,7,3,7,5,2024/02/11 07:03&nbsp;更新
TzXNr1IyQYXd8vmMpJjd_0v0ceq0-gc8MbKWsyY1_NfX7drJ0hPvNZRS6okIEb1R,20240211,小倉,8,F2,Ａ級予選,1,1,名川　豊,1,7,7,5,2024/02/11 07:03&nbsp;更新
TzXNr1IyQYXd8vmMpJjd_22clqSwJx52K0O0vPncjScfwZlBPItONa4YYR3D8qOP,20240211,小倉,9,F2,Ａ級予選,1,1,加藤　昌平,4,1,5,1,2024/02/11 07:03&nbsp;更新
TzXNr1IyQYXd8vmMpJjd_yAplrHfJ65Hytdozw_xzuQ-B33kui43ME2C6HuO6qjg,20240211,小倉,10,F2,Ａ級予選,1,1,八谷　誠賢,2,4,7,3,2024/02/11 07:03&nbsp;更新
TzXNr1IyQYXd8vmMpJjd_y9sL1kqPdlunv92qoedyW2U_j64Ng7PZ5fFtSkJslg_,20240211,小倉,11,F2,Ａ級予選,1,1,加藤　昌平,4,7,4,5,2024/02/11 07:03&nbsp;更新
TzXNr1IyQYXd8vmMpJjd_-cqBLbpl0jQf3KmiaVa_30SnR2LFDNARcyjF3F1irEn,20240211,小倉,12,F2,Ａ級初日特選,1,1,八谷　誠賢,2,5,5,"3,7",2024/02/11 07:03&nbsp;更新
dTawFXGT895LEmEj4dpxjtBQEh-ZucaJrAvYSXygPwBjxhOUyzCmF4lTlQbMbPuQ,20240211,久留米,1,F2,Ａ級チャレンジ一般,1,1,高尾　剛文,1,2,1,4,2024/02/11 09:15&nbsp;更新
dTawFXGT895LEmEj4dpxjuzKjcfumatmNR4iQDvkjqJXWySPGWR50ffDoT1E1S8o,20240211,久留米,2,F2,Ａ級チャレンジ一般,1,1,小竹　洋平,1,2,3,6,2024/02/11 09:17&nbsp;更新
dTawFXGT895LEmEj4dpxjs2MGUSd9EDVIjBPy7qTxhiCjHFC6K3lIA1edlOGc-qS,20240211,久留米,3,F2,Ａ級チャレンジ選抜,1,1,藤田　剣次,1,2,4,7,2024/02/11 09:23&nbsp;更新
dTawFXGT895LEmEj4dpxjucL4HH3xzTXN5PgLnJ_mVruA0qp5zsg7TQ2dnz5XK9A,20240211,久留米,4,F2,Ａ級特一般,1,1,那須　久幸,1,2,6,5,2024/02/11 09:26&nbsp;更新
dTawFXGT895LEmEj4dpxjusRUlMt6BpygNLecpeq_AfG1n7Frg8ljrylzXKDZ1zh,20240211,久留米,5,F2,Ａ級特一般,1,1,小竹　洋平,1,2,4,1,2024/02/11 09:29&nbsp;更新
dTawFXGT895LEmEj4dpxjuZDeV-nvUoZMvHUvMUzYnPf1hV2l5CHd1FZjZdqxfe4,20240211,久留米,6,F2,Ａ級特選,1,1,高尾　剛文,1,2,6,5,2024/02/11 09:33&nbsp;更新
dTawFXGT895LEmEj4dpxjtnKejjMhS54ynvBN2oxVnst8RjGhTq6uHtrFLBsB_uQ,20240211,久留米,7,F2,Ａ級特選,1,1,藤田　剣次,1,2,1,5,2024/02/11 09:36&nbsp;更新
dTawFXGT895LEmEj4dpxjhD7oGZUuxnQZAqcFzk4lU0_5Cns5YfwN2eMfFmlGtkA,20240211,久留米,8,F2,Ａ級チャレンジ決勝,1,1,小竹　洋平,1,2,4,7,2024/02/11 09:39&nbsp;更新
dTawFXGT895LEmEj4dpxjkQTegOiqO4Z6NqbdaJFaKe3BZOuNSGsgN9mq5Vp1pT2,20240211,久留米,9,F2,Ａ級決勝,1,1,那須　久幸,1,2,1,2,2024/02/11 09:53&nbsp;更新
qW-ZPX5Na0y9CaoMyhsv43udLo5B7f10QXGLf3i4a6BwVY7-mx3FGMpMDSTUiZlL,20240212,岐阜,1,G1,Ｓ級一般,1,1,川口　聖二,2,1,2,5,2024/02/12 07:00&nbsp;更新
qW-ZPX5Na0y9CaoMyhsv46BqHVuTXU6MS8K47y-tU11A68V2AqO6t9dW6Fq8X0ow,20240212,岐阜,2,G1,Ｓ級一般,1,1,志智　俊夫,3,2,4,8,2024/02/12 07:00&nbsp;更新
qW-ZPX5Na0y9CaoMyhsv44AnZ1dYZhRrzk7tdU2m9NmGrhmCROnfN82_2t0SsKA5,20240212,岐阜,3,G1,Ｓ級一般,1,1,山口　富生,5,3,2,7,2024/02/12 09:13&nbsp;更新
qW-ZPX5Na0y9CaoMyhsv4yQ-ob8UQZ9YufDVuyRbshdDTWHxRykXpL9Jw0ujbjVT,20240212,岐阜,4,G1,Ｓ級選抜,1,1,藤原　誠,3,5,1,3,2024/02/12 07:00&nbsp;更新
qW-ZPX5Na0y9CaoMyhsv47sTzcyCVu0LU-2z850DnZdx96CN7tUl7sNKkkYmXdpP,20240212,岐阜,5,G1,Ｓ級選抜,1,1,橋本　優己,7,3,5,4,2024/02/12 07:00&nbsp;更新
qW-ZPX5Na0y9CaoMyhsv42RqkLhRZHI2M4tfgb0qMIzYos0w6NlqjV5gqZFAOHJW,20240212,岐阜,6,G1,Ｓ級選抜,1,1,川口　聖二,9,2,6,9,2024/02/12 07:00&nbsp;更新
qW-ZPX5Na0y9CaoMyhsv43ik8UFMUgATHuJk9T7I-GHFAvjVcWilMzq5KdGLr4Pq,20240212,岐阜,7,G1,Ｓ級特選,1,1,志智　俊夫,5,3,2,5,2024/02/12 07:00&nbsp;更新
qW-ZPX5Na0y9CaoMyhsv4w62U8u09CblHDx2bZ2anG8WYFrZXGgEMlD3Geb8iBdu,20240212,岐阜,8,G1,Ｓ級特選,1,1,藤原　誠,7,1,2,1,2024/02/12 07:00&nbsp;更新
qW-ZPX5Na0y9CaoMyhsv4wWyM5zStCvE-vYQ_xnpOhTqf5_9lVN2t28RbU1gpwpm,20240212,岐阜,9,G1,Ｓ級特選,1,1,橋本　優己,9,2,1,4,2024/02/12 07:00&nbsp;更新
qW-ZPX5Na0y9CaoMyhsv45M527AvXCCynqvUEZ6H9t2C-3ybYsSi24pE9WQRl-bV,20240212,岐阜,10,G1,Ｓ級特別優秀,1,1,川口　聖二,3,5,2,3,2024/02/12 07:00&nbsp;更新
qW-ZPX5Na0y9CaoMyhsv4wqRYZSFioGxoeGYGqBAmN85R2zeIXbPKDCecxozvCai,20240212,岐阜,11,G1,Ｓ級特別優秀,1,1,志智　俊夫,1,2,5,4,2024/02/12 07:00&nbsp;更新
qW-ZPX5Na0y9CaoMyhsv47BD5AcDtAtHRhLKp39X6b71DLpRJ8bsFW_M6SUNKQd1,20240212,岐阜,12,G1,Ｓ級決勝,1,1,山口　富生,2,9,6,1,2024/02/12 07:00&nbsp;更新
ZHNqMDrv_PhK_RMqwDdB9g6CNVXeOWJuqHh1ICUxDv6WY17KU2OIiDMAqHYvmNVZ,20240212,取手,1,F1,Ａ級一般,1,1,岩崎　大和,1,7,2,5,2024/02/12 07:00&nbsp;更新
ZHNqMDrv_PhK_RMqwDdB9qfxjJMtucLXogT5jN0PLqLbRDj0WvRg7ALAImAUnglq,20240212,取手,2,F1,Ａ級一般,1,1,橋本　紀彰,2,7,2,6,2024/02/12 07:00&nbsp;更新
ZHNqMDrv_PhK_RMqwDdB9oDnhwogXF0FFU8L9_hGVPXN6Es2DM5PUBT57wnL4c7s,20240212,取手,3,F1,Ａ級特選,1,1,岩崎　大和,7,5,5,4,2024/02/12 07:00&nbsp;更新
ZHNqMDrv_PhK_RMqwDdB9tEHKPSaYfSE5GeRapqovEBFFPOu8cMOpla9zddAvcYl,20240212,取手,4,F1,Ａ級特選,1,1,橋本　紀彰,7,5,1,7,2024/02/12 07:00&nbsp;更新
ZHNqMDrv_PhK_RMqwDdB9r3-L7t4ouKoPYvR3TDWPWiAWpK1ByVfQ7vYmW51rVwf,20240212,取手,5,F1,Ｌ級ガールズ一般,1,1,岩崎　大和,6,5,1,4,2024/02/12 07:00&nbsp;更新
ZHNqMDrv_PhK_RMqwDdB9hMXyfjGSbxr0cVBXIYkKlKz8b2Q-g5U5LPdqQQoK_Ps,20240212,取手,6,F1,Ｓ級一般,1,1,山口　翼,3,5,1,4,2024/02/12 07:00&nbsp;更新
ZHNqMDrv_PhK_RMqwDdB9j-CS0yuRyzALh4K6ALnDkmGCcTLWNsU0NdRCmn9LyKi,20240212,取手,7,F1,Ｓ級一般,1,1,関　貴之,3,4,6,7,2024/02/12 07:00&nbsp;更新
ZHNqMDrv_PhK_RMqwDdB9tH8jTFogwu1DnQSV25aTZoCN6UF6nQM-JBPppCKdk6g,20240212,取手,8,F1,Ｓ級特選,1,1,佐藤　礼文,5,2,3,7,2024/02/12 07:00&nbsp;更新
ZHNqMDrv_PhK_RMqwDdB9l54bU5TRwdCSZlIXKlvvutcOM3gPBP1gfkv-uCAgepd,20240212,取手,9,F1,Ｓ級特選,1,1,関　貴之,4,3,6,2,2024/02/12 07:00&nbsp;更新
ZHNqMDrv_PhK_RMqwDdB9i-_M7a3Ytei9CMRJffq9DQu8Ei4S--3e82kyzew2Oco,20240212,取手,10,F1,Ｌ級ガールズ決勝,1,1,橋本　紀彰,1,6,3,7,2024/02/12 07:00&nbsp;更新
ZHNqMDrv_PhK_RMqwDdB9j4a2ThBiRbPoUvCGgZj6mWlTPgNmVnegPoJkmfo7Nso,20240212,取手,11,F1,Ａ級決勝,1,1,山口　翼,1,7,3,6,2024/02/12 07:00&nbsp;更新
ZHNqMDrv_PhK_RMqwDdB9ue_nh8yHijLonjDb5aeu_WqT_c6Wc3g0ETcYGrBgIZT,20240212,取手,12,F1,Ｓ級決勝,1,1,佐藤　礼文,5,3,4,3,2024/02/12 07:00&nbsp;更新
wWGgXEq2uuee3jKNfyXvkLsYohKMVJFyXyktXL0Rg78dgywtV48S6K52hjTymnCh,20240212,松戸,1,F2,Ａ級チャレンジ一般,1,1,坂木田雄介,2,5,1,2,2024/02/12 07:00&nbsp;更新
wWGgXEq2uuee3jKNfyXvkPhqzBJ00IUwdzPraWfLYs1CM2-HyTuXSgua79r6E4eL,20240212,松戸,2,F2,Ａ級チャレンジ一般,1,1,中曽　直彦,7,1,2,7,2024/02/12 07:00&nbsp;更新
wWGgXEq2uuee3jKNfyXvkGmDuyHelpVLytupmC2o4ZNG7F0eRRGFx8Hr9bnTIXNo,20240212,松戸,3,F2,Ａ級チャレンジ選抜,1,1,花田　将司,2,4,7,5,2024/02/12 07:00&nbsp;更新
wWGgXEq2uuee3jKNfyXvkFb1BqggGy2oXJYneyFbBBiT1i4ck18hhZhCVlL_8Y4A,20240212,松戸,4,F2,Ａ級チャレンジ選抜,1,1,坂木田雄介,2,7,4,7,2024/02/12 07:00&nbsp;更新
wWGgXEq2uuee3jKNfyXvkFnijIzoPl4jMaUOF_6KUcGSGCBS5H9fh7y7MasXwwK3,20240212,松戸,5,F2,Ｌ級ガールズ一般,1,1,佐藤　清之,2,4,"2,7",,2024/02/12 07:00&nbsp;更新
wWGgXEq2uuee3jKNfyXvkDTk1azrT57JuV06RtzBY5_HxTHJylVJXWgnr3Xa8hn1,20240212,松戸,6,F2,Ａ級特一般,1,1,須藤　誠,2,7,7,2,2024/02/12 07:00&nbsp;更新
wWGgXEq2uuee3jKNfyXvkId_1AS05DoYFQCcBKHlQ2qN963XaQDUcaxcPWIAgw1B,20240212,松戸,7,F2,Ａ級特一般,1,1,中曽　直彦,5,3,4,5,2024/02/12 07:00&nbsp;更新
wWGgXEq2uuee3jKNfyXvkKOvbTAv1tItmptlQvCBGLeWcP9coH8vZvNmNJDiZVSM,20240212,松戸,8,F2,Ａ級特選,1,1,花田　将司,5,7,1,7,2024/02/12 07:00&nbsp;更新
wWGgXEq2uuee3jKNfyXvkLT2aZ0tZuM-3fppBgyAsF0ZhTBwESkNi1OkHI44sYyr,20240212,松戸,9,F2,Ａ級特選,1,1,佐藤　清之,5,1,4,2,2024/02/12 07:00&nbsp;更新
wWGgXEq2uuee3jKNfyXvkK317VLvdxgdi7gWLef5pdCrdnV1STPmGGvaoKnAywNk,20240212,松戸,10,F2,Ａ級チャレンジ決勝,1,1,坂木田雄介,3,7,4,1,2024/02/12 07:00&nbsp;更新
wWGgXEq2uuee3jKNfyXvkJGNKcSyLwO5Kdn7UXXKvLzi0k3i9Zg0Jjc09WXmAodM,20240212,松戸,11,F2,Ｌ級ガールズ決勝,1,1,須藤　誠,1,7,5,1,2024/02/12 07:00&nbsp;更新
wWGgXEq2uuee3jKNfyXvkCJZjjsx6C34EzYSyX4323VKQhFWqfmPiP0mAqj3LczR,20240212,松戸,12,F2,Ａ級決勝,1,1,花田　将司,5,2,1,7,2024/02/12 07:00&nbsp;更新
pjpbN8xQZYQT1-bYupLW520F5h4p5TTGc2QKxjZG0ddkIWsyxaPt6RwOH5EtpW51,20240212,小田原,1,F2,Ａ級チャレンジ一般,1,1,山田慎一郎,2,5,1,4,2024/02/12 07:00&nbsp;更新
pjpbN8xQZYQT1-bYupLW52nu7pnrkQO_KBCTnmGDC5tRUPXcqOh2PxaTeeQSEFoV,20240212,小田原,2,F2,Ａ級チャレンジ一般,1,1,三ッ井　武,1,3,3,1,2024/02/12 07:00&nbsp;更新
pjpbN8xQZYQT1-bYupLW5z-9Koc-WG7R4Nz-ItDsQP7tJ-YDH1D_tZARQx9zhYro,20240212,小田原,3,F2,Ａ級チャレンジ選抜,1,1,川田　忍,4,2,1,7,2024/02/12 07:00&nbsp;更新
pjpbN8xQZYQT1-bYupLW5xYdmHYNg9q4PI6lCe2urWqkOJHZg6kCmUQXDpL9GL7x,20240212,小田原,4,F2,Ａ級チャレンジ選抜,1,1,山田慎一郎,4,5,7,1,2024/02/12 07:00&nbsp;更新
pjpbN8xQZYQT1-bYupLW56Q9Hrq33CySJdTHkUox6ETpnW2kbn_kQuEan7OLmJdZ,20240212,小田原,5,F2,Ａ級チャレンジ決勝,1,1,猪俣　康一,3,5,2,3,2024/02/12 07:00&nbsp;更新
pjpbN8xQZYQT1-bYupLW5_JD5bBSAFIub376uAJPoE3f1aG9LZ0Nhwc3D1x4RF5H,20240212,小田原,6,F2,Ａ級チャレンジ選抜,1,1,川田　忍,1,4,4,,2024/02/12 07:00&nbsp;更新
4YDG_8c_ujN7jm5c2eSyjSLl57QUfG4VBmgcazxeZb5AtY3amWVp0bWmYRisrapG,20240212,名古屋,1,F2,Ａ級チャレンジ予選,1,1,伊藤　正樹,1,2,1,5,2024/02/12 07:00&nbsp;更新
4YDG_8c_ujN7jm5c2eSyjRhdPGR1r9iD3UJXdcnWTQ6hAY7Kih4eN_gzdATlMTpR,20240212,名古屋,2,F2,Ａ級チャレンジ予選,1,1,服部　竜二,1,2,4,2,2024/02/12 07:00&nbsp;更新
4YDG_8c_ujN7jm5c2eSyjRYBa3HKfd11vEREtjq1biBQ2xVZLGtgNuUzXjJok3hq,20240212,名古屋,3,F2,Ａ級チャレンジ予選,1,1,小川　大地,1,2,2,4,2024/02/12 07:00&nbsp;更新
4YDG_8c_ujN7jm5c2eSyjQ5WBoeTDAvIMEzFAoI7Ap6JtSxeTSTpCcBUruH9ub6x,20240212,名古屋,4,F2,Ａ級チャレンジ予選,1,1,伊藤　正樹,1,2,5,1,2024/02/12 19:39&nbsp;更新
4YDG_8c_ujN7jm5c2eSyjZ4SA4JDI1TWzKDGbZeFMSmZdl_zSRVouHU7pR4a7Zrf,20240212,名古屋,5,F2,Ａ級特予選,1,1,三浦　稔希,1,2,2,4,2024/02/12 07:00&nbsp;更新
4YDG_8c_ujN7jm5c2eSyjUac-mkSKsyr7n_wBZ6gf0FOLgv19MhDa_LH_wgFA8A6,20240212,名古屋,6,F2,Ａ級特予選,1,1,服部　竜二,1,2,3,1,2024/02/12 07:00&nbsp;更新
4YDG_8c_ujN7jm5c2eSyjWUCWzqOcNQnrwcJnWO3a4f1o5WkGTlLqcZVMj5IhsnR,20240212,名古屋,7,F2,Ａ級特予選,1,1,小川　大地,1,2,2,7,2024/02/12 07:00&nbsp;更新
4YDG_8c_ujN7jm5c2eSyjYazcOWtzNfK9AO_SupufZ7wYyRf9eKtXFRuRXXPXBv0,20240212,名古屋,8,F2,Ａ級特予選,1,1,三浦　稔希,1,2,3,1,2024/02/12 07:00&nbsp;更新
4YDG_8c_ujN7jm5c2eSyjQ60CIEv9VdNidmUFUD4aOm1ZTDBw6dcxhbAouyOsJmV,20240212,名古屋,9,F2,Ａ級初日特選,1,1,伊藤　正樹,1,2,1,6,2024/02/12 07:00&nbsp;更新
TzXNr1IyQYXd8vmMpJjd_zAkjbo0i_DU9BIl_M7rmlnLpmJHxyjiXxpjEBCISfgm,20240212,小倉,1,F2,Ａ級チャレンジ一般,1,1,木谷　凉,2,4,2,5,2024/02/12 07:00&nbsp;更新
TzXNr1IyQYXd8vmMpJjd_37E3B48z6fPR0rQn9GvppFc7VkJub0XFQIR8mB4HMOu,20240212,小倉,2,F2,Ａ級チャレンジ一般,1,1,高田　誠,7,4,5,7,2024/02/12 07:00&nbsp;更新
TzXNr1IyQYXd8vmMpJjd_wfCBJEvwENBucLeM6Bp1jMZyx-c5k_5Jhd_xyIuAk28,20240212,小倉,3,F2,Ａ級チャレンジ準決勝,1,1,名川　豊,5,4,4,3,2024/02/12 07:00&nbsp;更新
TzXNr1IyQYXd8vmMpJjd_yihJHoMYahjrc8dOTt4sofw8DVBbDuAcYJKlUxogBk3,20240212,小倉,4,F2,Ａ級チャレンジ準決勝,1,1,加藤　昌平,5,3,7,5,2024/02/12 07:00&nbsp;更新
TzXNr1IyQYXd8vmMpJjd_1CkwstiEyQISIa9scYnIozeAX-HDWGHJJ56cLSgEjYs,20240212,小倉,5,F2,Ａ級チャレンジ準決勝,1,1,八谷　誠賢,2,5,5,1,2024/02/12 07:00&nbsp;更新
TzXNr1IyQYXd8vmMpJjd_665hTp_e79QmlsNtDokzPAbLKXQyWYUSsRWj_fqlhho,20240212,小倉,6,F2,Ａ級一般,1,1,高田　誠,7,1,7,1,2024/02/12 07:00&nbsp;更新
TzXNr1IyQYXd8vmMpJjd_0txCTePkrwQy5pLeU-5Z5X-QnJsN3k9t835TrxrVrsJ,20240212,小倉,7,F2,Ａ級一般,1,1,名川　豊,3,1,"1,7",,2024/02/12 07:00&nbsp;更新
TzXNr1IyQYXd8vmMpJjd_7QGFYGgKmKeSWyfPIZsKIYYdepsc3sO-cUwRCxS_icl,20240212,小倉,8,F2,Ａ級選抜,1,1,木谷　凉,2,4,6,7,2024/02/12 07:00&nbsp;更新
TzXNr1IyQYXd8vmMpJjd_94dv0b_YSo8B4r09H1RJz8aN4rgWSPBkg9w01p2o9Pw,20240212,小倉,9,F2,Ａ級選抜,1,1,高田　誠,4,1,2,"4,7",2024/02/12 07:00&nbsp;更新
TzXNr1IyQYXd8vmMpJjd_6aiXugQ8waTFjwx3SRKBXSTOmUaxBnIdPUXTachoD6Q,20240212,小倉,10,F2,Ａ級準決勝,1,1,名川　豊,2,1,4,3,2024/02/12 07:00&nbsp;更新
TzXNr1IyQYXd8vmMpJjd_xJoNAYlhTRwSV_KfGIv7PT3xqcjyHLNn6j8SCSGv8bH,20240212,小倉,11,F2,Ａ級準決勝,1,1,加藤　昌平,5,1,3,2,2024/02/12 07:00&nbsp;更新
TzXNr1IyQYXd8vmMpJjd_8mN674g956abxRmgR9vkwXIyC-x3rVATCmuA-8ivNyA,20240212,小倉,12,F2,Ａ級準決勝,1,1,八谷　誠賢,7,3,4,7,2024/02/12 07:00&nbsp;更新
4sLptYw_uaU3-SWJZKrd1O7vPMw1PYy2jP_bl6Q8J-KLhPueRcFFRS017GzF5qFd,20240212,別府,1,F2,Ｌ級ガールズ予選（第１走）,1,1,篠田　樹,1,2,4,1,2024/02/12 07:00&nbsp;更新
4sLptYw_uaU3-SWJZKrd1DixLixKycHJvryDbMpi9JZspcchnEWrgYqR8BW5b2hf,20240212,別府,2,F2,Ｌ級ガールズ予選（第１走）,1,1,梶原　恵介,1,2,1,"2,4",2024/02/12 07:00&nbsp;更新
4sLptYw_uaU3-SWJZKrd1E7w72tp7aGSCzKaCiITAH1v8yxtHGwBdd_5w_QwPGba,20240212,別府,3,F2,Ａ級予選,1,1,加藤　大輔,1,2,7,1,2024/02/12 07:00&nbsp;更新
4sLptYw_uaU3-SWJZKrd1DPX1vhukZC4YAlI9n-cSsEBG6Bk6oEN54W9lJKjJF5P,20240212,別府,4,F2,Ａ級予選,1,1,高橋　義秋,1,2,1,3,2024/02/12 07:00&nbsp;更新
4sLptYw_uaU3-SWJZKrd1P2b1GP-PZTwrcYJXzzMRuA8lnQ7EMKjtaTONvxx8Wy3,20240212,別府,5,F2,Ａ級予選,1,1,梶原　恵介,1,2,2,3,2024/02/12 07:00&nbsp;更新
4sLptYw_uaU3-SWJZKrd1NqZlavOgw45Jc7FPYA9xiWo0_k3AqQjm4GSYp96ArC6,20240212,別府,6,F2,Ａ級予選,1,1,篠田　樹,1,2,1,7,2024/02/12 07:00&nbsp;更新
4sLptYw_uaU3-SWJZKrd1FMcaPBdckhzfnkra_sDbaf9WCwbukpMk01y4KbUmZzr,20240212,別府,7,F2,Ａ級予選,1,1,梶原　恵介,1,2,2,4,2024/02/12 07:00&nbsp;更新
4sLptYw_uaU3-SWJZKrd1BSxA-QT0iYH6147QrTODWHwC-js9p8pxnUuESCC8Zf-,20240212,別府,8,F2,Ａ級予選,1,1,加藤　大輔,1,2,"1,7",,2024/02/12 07:00&nbsp;更新
4sLptYw_uaU3-SWJZKrd1AOhsbzpGnhkG0w5P1AcXrw2kCdiDyRww0nyomBOSWb1,20240212,別府,9,F2,Ａ級初日特選,1,1,高橋　義秋,1,2,3,5,2024/02/12 07:00&nbsp;更新
6WBVJpA-uKT9ycVIuSeDZmSmqXC_S3cBLOj9RFoFDvKkU8OeS0h8sH6S9bgDmoNY,20240213,西武園,1,F1,Ａ級予選,1,1,高橋　昇平,4,1,4,7,2024/02/13 07:02&nbsp;更新
6WBVJpA-uKT9ycVIuSeDZmAcBEV0dvV1vSHbHOdGSxEK8fpNDq6tzc615rPy5nU9,20240213,西武園,2,F1,Ａ級予選,1,1,大矢　将大,4,5,4,1,2024/02/13 07:02&nbsp;更新
6WBVJpA-uKT9ycVIuSeDZqhX6cs9t5UTlaw01Ai_XEx0iM26lsJGYa63gSTvonc4,20240213,西武園,3,F1,Ａ級予選,1,1,藤田　竜矢,4,1,1,"5,7",2024/02/13 07:02&nbsp;更新
6WBVJpA-uKT9ycVIuSeDZrRXMG7orKrbDT-ug8jU9QHwsEzhvKnCqITnCwo1ljZ4,20240213,西武園,4,F1,Ａ級予選,1,1,高橋　昇平,1,7,1,2,2024/02/13 07:02&nbsp;更新
6WBVJpA-uKT9ycVIuSeDZp73LzyfYRNbI5Gix0eFh_ljYy37qR3dnwzzCvJ2Vq63,20240213,西武園,5,F1,Ａ級初日特選,1,1,吉田　裕全,4,5,2,5,2024/02/13 07:02&nbsp;更新
6WBVJpA-uKT9ycVIuSeDZsVzqzjvkDihOr1Cz9S8PEW4hj3yCEu1TsJ2QeEoALD2,20240213,西武園,6,F1,Ｓ級予選,1,1,大矢　将大,2,4,5,3,2024/02/13 07:02&nbsp;更新
6WBVJpA-uKT9ycVIuSeDZi8pw4mWYUcyu9lfWRAqeEn76yY2lq7rye3sL8apyyqK,20240213,西武園,7,F1,Ｓ級予選,1,1,吉田　勇人,2,4,6,4,2024/02/13 07:02&nbsp;更新
6WBVJpA-uKT9ycVIuSeDZiZJXSfjXQhkrT3A8A9GdA9TB9_SAywtWKvnYHkSPWFa,20240213,西武園,8,F1,Ｓ級予選,1,1,藤田　竜矢,5,2,4,1,2024/02/13 07:02&nbsp;更新
6WBVJpA-uKT9ycVIuSeDZgA5M0E1ofodcKFqI9bv1G6zTvxsmH7U7DPDgdJ8qZ4t,20240213,西武園,9,F1,Ｓ級予選,1,1,高橋　昇平,1,7,1,3,2024/02/13 07:02&nbsp;更新
6WBVJpA-uKT9ycVIuSeDZnvd1EB1FrLHYIbkdsffH05zbMaQBeoZxY6Fo-3XsSDG,20240213,西武園,10,F1,Ｓ級予選,1,1,吉田　裕全,1,5,2,5,2024/02/13 07:02&nbsp;更新
6WBVJpA-uKT9ycVIuSeDZnx5O4MUFbiohNxEBYomo_BR9lSIKSDJVNvYU5ldVpYt,20240213,西武園,11,F1,Ｓ級予選,1,1,大矢　将大,5,1,4,1,2024/02/13 07:02&nbsp;更新
6WBVJpA-uKT9ycVIuSeDZvd6C7u18_6aY0Ly4rxmmKza0tOR6LPXo0jPNKUiWTE2,20240213,西武園,12,F1,Ｓ級初日特選,1,1,吉田　勇人,7,2,4,5,2024/02/13 07:02&nbsp;更新
smk0n7SBH_a9mcIxlw8ves8YTUh7GnAK4zmuxsV_XGnzBIULFRcHbMD0_Vrwzx4h,20240213,伊東,1,F1,Ａ級予選,1,1,深澤　伸介,3,2,2,1,2024/02/13 07:02&nbsp;更新
smk0n7SBH_a9mcIxlw8ver2kUCco5JMHwfzWHkPzfK2cPuo7pHnTj4m-klcnPz4F,20240213,伊東,2,F1,Ａ級予選,1,1,渡邉　直弥,4,5,2,4,2024/02/13 07:02&nbsp;更新
smk0n7SBH_a9mcIxlw8veqzn8VJIelk46SRLgJViy3JYp4nr39fzRFboaN13tLm5,20240213,伊東,3,F1,Ａ級予選,1,1,仁藤　秀,5,1,4,5,2024/02/13 07:02&nbsp;更新
smk0n7SBH_a9mcIxlw8vekNiab1RhF3p2O2slUoBL06wbmteFIMzmTs3jXB1jayb,20240213,伊東,4,F1,Ａ級予選,1,1,高橋　隆太,3,5,1,3,2024/02/13 07:02&nbsp;更新
smk0n7SBH_a9mcIxlw8vemISZ3LyC3NKHm-cqsIF05AYC6x08Z6kxUvYPIM-dhcp,20240213,伊東,5,F1,Ａ級初日特選,1,1,深澤　伸介,2,7,6,7,2024/02/13 07:02&nbsp;更新
smk0n7SBH_a9mcIxlw8veh4pVJevxvxlhuCLygl8qc63hvKSyfEZ0Ibtcc781oO0,20240213,伊東,6,F1,Ｓ級予選,1,1,渡邉　直弥,2,1,5,3,2024/02/13 07:02&nbsp;更新
smk0n7SBH_a9mcIxlw8veqACaQKsSmqUCRcgfZ0uBS_i8PWbmpfjhvJArUVOwt-j,20240213,伊東,7,F1,Ｓ級予選,1,1,仁藤　秀,3,5,5,7,2024/02/13 07:02&nbsp;更新
smk0n7SBH_a9mcIxlw8vemiCT22gEgwJroExvReWETOueu0FzXselMxOmpq_VZQO,20240213,伊東,8,F1,Ｓ級予選,1,1,齋藤　友幸,4,2,7,2,2024/02/13 07:02&nbsp;更新
smk0n7SBH_a9mcIxlw8ven0hwaqM3NQ_8IX_GLVNqPl6DLsBm57hnFggMoMbc7lL,20240213,伊東,9,F1,Ｓ級予選,1,1,高橋　隆太,7,5,7,"2,4",2024/02/13 07:02&nbsp;更新
smk0n7SBH_a9mcIxlw8veoYf8cfKhNgFqfD3c6N9ae8GIwqY5mFI2tOBYl4eCDxh,20240213,伊東,10,F1,Ｓ級予選,1,1,仁藤　秀,5,4,4,3,2024/02/13 07:02&nbsp;更新
smk0n7SBH_a9mcIxlw8verXQ_tO9QVYmsXLJqrLU346f3bQrDxef7AY0dizszCRR,20240213,伊東,11,F1,Ｓ級予選,1,1,齋藤　友幸,7,2,2,6,2024/02/13 14:44&nbsp;更新
smk0n7SBH_a9mcIxlw8verltWT3gYN0HLOGRJKFdwzx-v2sWM_kNgjylCwKzBTOO,20240213,伊東,12,F1,Ｓ級初日特選,1,1,高橋　隆太,7,1,5,"2,7",2024/02/13 07:02&nbsp;更新
4YDG_8c_ujN7jm5c2eSyjegS8SeRUUseSQmiiroSsz_g7BjZ7aw7mEMxbzLI-NsC,20240213,名古屋,1,F2,Ａ級チャレンジ一般,1,1,伊藤　正樹,1,2,5,3,2024/02/13 11:19&nbsp;更新
4YDG_8c_ujN7jm5c2eSyjSXmJs7AWGfZb_6s9wzLgnoHHuohAOK1HIU_6eDxuyDl,20240213,名古屋,2,F2,Ａ級チャレンジ一般,1,1,服部　竜二,1,2,4,2,2024/02/13 11:19&nbsp;更新
4YDG_8c_ujN7jm5c2eSyjaKvpBMVNd6NVwu1u1oaL8puzvSoVIjvl4TM67wElTaA,20240213,名古屋,3,F2,Ａ級チャレンジ準決勝,1,1,小川　大地,1,2,1,2,2024/02/13 11:19&nbsp;更新
4YDG_8c_ujN7jm5c2eSyjWYiw1baMUoHGH0IPXJn15rXfB6uU70ucfvOM-6ailKQ,20240213,名古屋,4,F2,Ａ級チャレンジ準決勝,1,1,三浦　稔希,1,2,4,6,2024/02/13 11:19&nbsp;更新
4YDG_8c_ujN7jm5c2eSyjcaOnM-pmsfBX9p7Z1AgOoLw5r-XB8N4WHZsL9vYzwfi,20240213,名古屋,5,F2,Ａ級特一般,1,1,伊藤　正樹,1,2,5,2,2024/02/13 11:31&nbsp;更新
4YDG_8c_ujN7jm5c2eSyjfyZ_cCqmPYNHoJN_wqF-vH_AK3E6BRCOTfcazdZeL7S,20240213,名古屋,6,F2,Ａ級特一般,1,1,服部　竜二,1,2,1,6,2024/02/13 11:19&nbsp;更新
4YDG_8c_ujN7jm5c2eSyjZgIHQqF2bfd6CTJl_iT-zQUs4bHCRCn6LvmMjW1da4r,20240213,名古屋,7,F2,Ａ級準決勝,1,1,小川　大地,1,2,5,4,2024/02/13 11:19&nbsp;更新
4YDG_8c_ujN7jm5c2eSyjcy0T_7kZpArGXjphh95XaPlF4iIEgyc0bt-HXJUh3SE,20240213,名古屋,8,F2,Ａ級準決勝,1,1,三浦　稔希,1,2,4,1,2024/02/13 11:19&nbsp;更新
4YDG_8c_ujN7jm5c2eSyjUdER-i7V2zpxV8_tKTSjoBAy4Xe_Swt4njKWJ4X49x4,20240213,名古屋,9,F2,Ａ級準決勝,1,1,伊藤　正樹,1,2,1,6,2024/02/13 11:19&nbsp;更新
lrrgkIOCNWMkGpMAgnwNNsZYksyR_2v_9W8FeNtHFSCE0BZg1xBVCk7zXZSyeSvF,20240213,奈良,1,F2,Ａ級チャレンジ予選,1,1,伊狩　知人,2,5,"2,7",,2024/02/13 07:02&nbsp;更新
lrrgkIOCNWMkGpMAgnwNNqUb4kimWXbWgilJkbgLJJmhGrPBxqhoABLSGEQjT_B5,20240213,奈良,2,F2,Ａ級チャレンジ予選,1,1,岡崎　和久,1,2,7,3,2024/02/13 07:02&nbsp;更新
lrrgkIOCNWMkGpMAgnwNNnyM07mQmt1aAoK89O_i3rLB4hbFiNhXOEPvPEOVY0Td,20240213,奈良,3,F2,Ａ級チャレンジ予選,1,1,佐山　寛明,3,1,3,1,2024/02/13 07:02&nbsp;更新
lrrgkIOCNWMkGpMAgnwNNoHJLL1RXrry39OHxv4knDtMYWDMaPWUm_q8CnLrx7Dt,20240213,奈良,4,F2,Ａ級チャレンジ予選,1,1,辰己　豊,5,4,4,5,2024/02/13 07:02&nbsp;更新
lrrgkIOCNWMkGpMAgnwNNqu35HO7Etk69EUYw_bmWnXDI-sJFGFnkMXAp0pVogmF,20240213,奈良,5,F2,Ａ級チャレンジ予選,1,1,佐藤　成人,5,2,5,3,2024/02/13 07:02&nbsp;更新
lrrgkIOCNWMkGpMAgnwNNtl8fp1UNarpTfgBK-AudUNfeHPkS1YRQTEpHUG6Spum,20240213,奈良,6,F2,Ａ級予選,1,1,伊狩　知人,5,4,7,2,2024/02/13 07:02&nbsp;更新
lrrgkIOCNWMkGpMAgnwNNpm9BBPz2Lbr3pC-mKMe2QVCtB5oLDVP5mdtsfgQy_P8,20240213,奈良,7,F2,Ａ級予選,1,1,辰己　豊,3,4,5,6,2024/02/13 07:02&nbsp;更新
lrrgkIOCNWMkGpMAgnwNNo0LZfd3pdOqp0a6HeJRHP3Aq0_AKp5EDkhNCRR-Co5g,20240213,奈良,8,F2,Ａ級予選,1,1,佐藤　成人,2,1,4,7,2024/02/13 07:02&nbsp;更新
lrrgkIOCNWMkGpMAgnwNNnfrvRjDhKgMLsT_NZ-jlI3mWeJHV5JAIHiBhyRnPMtG,20240213,奈良,9,F2,Ａ級予選,1,1,岡崎　和久,5,3,3,6,2024/02/13 07:02&nbsp;更新
lrrgkIOCNWMkGpMAgnwNNgVyq7W3MZwwuK6tx4Cz3lU2m1c5THv2bCRYbRfJurFg,20240213,奈良,10,F2,Ａ級予選,1,1,佐山　寛明,1,7,1,5,2024/02/13 07:02&nbsp;更新
lrrgkIOCNWMkGpMAgnwNNmCp6Fjv7cgxFcULHLtuPkVcg8-DChKwp2LjIwQaxIVm,20240213,奈良,11,F2,Ａ級予選,1,1,辰己　豊,5,1,"3,5",,2024/02/13 07:02&nbsp;更新
lrrgkIOCNWMkGpMAgnwNNjuR80x7lgxD0D1OfycsxXo5dSS0QtxPumvfxt_VsRu6,20240213,奈良,12,F2,Ａ級初日特選,1,1,佐藤　成人,4,2,4,"5,6",2024/02/13 07:02&nbsp;更新
TzXNr1IyQYXd8vmMpJjd_9SZrq__GBe8vUJXo2VSz8hSfrmaDjL3FMA6V_qJ6fHD,20240213,小倉,1,F2,Ａ級チャレンジ一般,1,1,木谷　凉,2,5,2,1,2024/02/13 07:02&nbsp;更新
TzXNr1IyQYXd8vmMpJjd_6AlcqxX_-r0CIuUcAa2ANlYb9w6aBOr4DeRtOx6zhLb,20240213,小倉,2,F2,Ａ級チャレンジ一般,1,1,高田　誠,2,5,2,5,2024/02/13 07:02&nbsp;更新
TzXNr1IyQYXd8vmMpJjd_4teLeP1uGBuyXf80Iqvd8QVpJp48-68N3upxMF4y5M9,20240213,小倉,3,F2,Ａ級チャレンジ選抜,1,1,名川　豊,3,7,3,5,2024/02/13 07:02&nbsp;更新
TzXNr1IyQYXd8vmMpJjd_7euGrC4LVU2zDrEf-gxDN92bD1juTrJcqwRmoEh2pTm,20240213,小倉,4,F2,Ａ級チャレンジ選抜,1,1,木谷　凉,1,4,7,4,2024/02/13 07:02&nbsp;更新
TzXNr1IyQYXd8vmMpJjd_-EBLU1hLpIIPtJq551VWvy0shATV4eVLMEnRnB_Cuta,20240213,小倉,5,F2,Ａ級一般,1,1,加藤　昌平,4,2,2,4,2024/02/13 07:02&nbsp;更新
TzXNr1IyQYXd8vmMpJjd_6fvQuTbm4DD-YmCs286xW9FaECXHFDAKadSYZ4tWHVs,20240213,小倉,6,F2,Ａ級一般,1,1,八谷　誠賢,7,5,3,7,2024/02/13 14:23&nbsp;更新
TzXNr1IyQYXd8vmMpJjd_2Vqq9uuMc5kwJ0Av_elmDLh-1EWdHGnMcOIxZETQO09,20240213,小倉,7,F2,Ａ級一般,1,1,木谷　凉,5,2,3,1,2024/02/13 07:02&nbsp;更新
TzXNr1IyQYXd8vmMpJjd_wJjUxlpDCBiVq21v0pNrrscjvn6yV79tqGrp8MmFEyd,20240213,小倉,8,F2,Ａ級特選,1,1,高田　誠,1,2,2,3,2024/02/13 07:02&nbsp;更新
TzXNr1IyQYXd8vmMpJjd_2QSYTYAtlJx9-y5SYF0s7U7pLvnRJnRdOn3xH29v7Y2,20240213,小倉,9,F2,Ａ級特選,1,1,八谷　誠賢,1,7,5,4,2024/02/13 07:02&nbsp;更新
TzXNr1IyQYXd8vmMpJjd_yq3v7ZDAEVPljwSPOZdh3Rkb4-y6bmMr1jyG9QUQWln,20240213,小倉,10,F2,Ａ級特選,1,1,加藤　昌平,1,4,1,3,2024/02/13 07:02&nbsp;更新
TzXNr1IyQYXd8vmMpJjd_xwvCwamvFh4kVVM8hw93sm7zvuOYA9QueYtdYc9zNRA,20240213,小倉,11,F2,Ａ級チャレンジ決勝,1,1,名川　豊,2,7,"4,7",,2024/02/13 07:02&nbsp;更新
TzXNr1IyQYXd8vmMpJjd_6bKSL8sSYgWJWlLnkLk0x08XAlczwDGv0rOzlu4onkU,20240213,小倉,12,F2,Ａ級決勝,1,1,八谷　誠賢,7,2,6,5,2024/02/13 07:02&nbsp;更新
4sLptYw_uaU3-SWJZKrd1PvYIJTsUNRGoJBtuirO7UVw1BdTlH3d4cR-GeCNmeoQ,20240213,別府,1,F2,Ｌ級ガールズ予選（第２走）,1,1,篠田　樹,1,2,1,"2,5",2024/02/13 08:59&nbsp;更新
4sLptYw_uaU3-SWJZKrd1LduAY8AmPumMx8SAftV2-OhHPFllg1NRYue-HV3RQ_o,20240213,別府,2,F2,Ｌ級ガールズ予選（第２走）,1,1,梶原　恵介,1,2,4,1,2024/02/13 08:59&nbsp;更新
4sLptYw_uaU3-SWJZKrd1BjTxzwzHbDDiFXKEaODyboX6fovHCpA8druYUsUmgXk,20240213,別府,3,F2,Ａ級一般,1,1,加藤　大輔,1,2,1,6,2024/02/13 08:59&nbsp;更新
4sLptYw_uaU3-SWJZKrd1P2eJKaEjACS_p03hfKeDc2VLzEgX_TmjcQ6LxNyWJEp,20240213,別府,4,F2,Ａ級一般,1,1,高橋　義秋,1,2,7,1,2024/02/13 08:59&nbsp;更新
4sLptYw_uaU3-SWJZKrd1I8hKLd00axEpgmIh3yrV9FyzifeK6kRbQJHqrbkTM0Y,20240213,別府,5,F2,Ａ級選抜,1,1,篠田　樹,1,2,1,,2024/02/13 08:59&nbsp;更新
4sLptYw_uaU3-SWJZKrd1DiHhjn2PQTyT22OOzghrMbLkFs8ActH2i_TlLWx4mPB,20240213,別府,6,F2,Ａ級選抜,1,1,加藤　大輔,1,2,1,4,2024/02/13 08:59&nbsp;更新
4sLptYw_uaU3-SWJZKrd1Eardy1hpGKE9FYGpt03NxSk-kiA9KI3MJb-Ff2lLi2_,20240213,別府,7,F2,Ａ級準決勝,1,1,梶原　恵介,1,2,4,2,2024/02/13 08:59&nbsp;更新
4sLptYw_uaU3-SWJZKrd1BqV9qLZIyIFy7x5UWSf9N0RUmkSTT-iCWDO8VNlXQxL,20240213,別府,8,F2,Ａ級準決勝,1,1,加藤　大輔,1,2,2,5,2024/02/13 08:59&nbsp;更新
4sLptYw_uaU3-SWJZKrd1Kl3LuEeiVr_I4uhTMpAoscOJcinfdIvmfbPjCIwpMXo,20240213,別府,9,F2,Ａ級準決勝,1,1,高橋　義秋,1,2,3,5,2024/02/13 08:59&nbsp;更新
6WBVJpA-uKT9ycVIuSeDZg92dN6cATVSTwl30_ZRScKhcelhMaWNBRcRfI5eH01Y,20240214,西武園,1,F1,Ａ級一般,1,1,藤田　竜矢,4,1,4,3,2024/02/14 07:03&nbsp;更新
6WBVJpA-uKT9ycVIuSeDZhnLGvqkEnCAYjyglbdAQXZw-PRR6SU0o9llA7S6DPKr,20240214,西武園,2,F1,Ａ級一般,1,1,高橋　昇平,1,4,1,7,2024/02/14 07:03&nbsp;更新
6WBVJpA-uKT9ycVIuSeDZiPckU8Jj2gvQcJuRfh-svUX_OBpwXu0ElARt4gH5_2y,20240214,西武園,3,F1,Ａ級準決勝,1,1,藤田　竜矢,2,7,3,4,2024/02/14 07:03&nbsp;更新
6WBVJpA-uKT9ycVIuSeDZlIAMStTfk1eWOxdTqF5EEnjXzvZLI5HiwCogtUGNXaC,20240214,西武園,4,F1,Ａ級準決勝,1,1,高橋　昇平,7,1,2,7,2024/02/14 07:03&nbsp;更新
6WBVJpA-uKT9ycVIuSeDZohFGf9B8eayU9F2KJ3eRjFtSGGhr3B3zvNEdxQlJBO4,20240214,西武園,5,F1,Ａ級準決勝,1,1,吉田　裕全,1,2,5,7,2024/02/14 07:03&nbsp;更新
6WBVJpA-uKT9ycVIuSeDZmXElmajmz2tMpEv6E4qWHqTsq5ghSoxegWWKrfoleAD,20240214,西武園,6,F1,Ｓ級一般,1,1,藤田　竜矢,2,1,2,6,2024/02/14 07:03&nbsp;更新
6WBVJpA-uKT9ycVIuSeDZstwXGHH_nwQ6vWJFmkML4q1G1GLiPj7lYn3CE0DAjiO,20240214,西武園,7,F1,Ｓ級一般,1,1,吉田　勇人,4,3,5,6,2024/02/14 07:03&nbsp;更新
6WBVJpA-uKT9ycVIuSeDZmn26dxZsbW6hdY31k9pSxxc1tz5xYKIsanyLBYwjs8e,20240214,西武園,8,F1,Ｓ級選抜,1,1,大矢　将大,3,1,1,"2,3,5",2024/02/14 07:03&nbsp;更新
6WBVJpA-uKT9ycVIuSeDZmSHIVvjX6FehNum7eR8PdqcxWYuRdI2M_vBThkD6MZ9,20240214,西武園,9,F1,Ｓ級選抜,1,1,高橋　昇平,4,7,"1,2",,2024/02/14 07:03&nbsp;更新
6WBVJpA-uKT9ycVIuSeDZpfRQBTU4buyYfJdOvKbrFHYAqzMUm_5hC79il4ww4wG,20240214,西武園,10,F1,Ｓ級準決勝,1,1,吉田　裕全,3,4,2,5,2024/02/14 07:03&nbsp;更新
6WBVJpA-uKT9ycVIuSeDZh51bexGuEGktaF16HTRFKaw15vhOw6bj_qkAwaZ8_rP,20240214,西武園,11,F1,Ｓ級準決勝,1,1,大矢　将大,7,1,5,6,2024/02/14 07:03&nbsp;更新
6WBVJpA-uKT9ycVIuSeDZmVq8fbcJ9DZMEIFMJ7UpsBfjxPo_mDyFNhFKMyfzFMM,20240214,西武園,12,F1,Ｓ級準決勝,1,1,吉田　勇人,3,2,6,4,2024/02/14 07:03&nbsp;更新
smk0n7SBH_a9mcIxlw8vevPbKuwFGWXI615Q35_9jo2TZMpx3Zyfn490WXQSixF1,20240214,伊東,1,F1,Ａ級一般,1,1,深澤　伸介,4,3,3,5,2024/02/14 07:03&nbsp;更新
smk0n7SBH_a9mcIxlw8verIvwpgDEY2Z_9ifUGTxrfyK8LFjrIU1xlj07PCYA8Tm,20240214,伊東,2,F1,Ａ級一般,1,1,仁藤　秀,5,7,7,2,2024/02/14 07:03&nbsp;更新
smk0n7SBH_a9mcIxlw8veh3SBjP6Ppz8dDA6Wk54-lK7I6MXesNpnrL9Q4orXbkR,20240214,伊東,3,F1,Ａ級準決勝,1,1,渡邉　直弥,5,2,3,7,2024/02/14 07:03&nbsp;更新
smk0n7SBH_a9mcIxlw8venQ05UGQjyB_D5FSMpSP05QlZ-N4gSSwFG6ex1p5Mfxk,20240214,伊東,4,F1,Ａ級準決勝,1,1,深澤　伸介,4,1,4,"2,6,7",2024/02/14 07:03&nbsp;更新
smk0n7SBH_a9mcIxlw8vejD46aDtVJehApKaJ2p2CcElRCCIqjRk3pGG3vXhL7FK,20240214,伊東,5,F1,Ａ級準決勝,1,1,齋藤　友幸,2,7,1,2,2024/02/14 07:03&nbsp;更新
smk0n7SBH_a9mcIxlw8ven4tp-Y7I6EbY_9iYd8I95EkrUEVbH-9LRqiUJipv63c,20240214,伊東,6,F1,Ｓ級一般,1,1,高橋　隆太,7,4,7,2,2024/02/14 07:03&nbsp;更新
smk0n7SBH_a9mcIxlw8vepjwpdr0v9RwL_9XbjO4NQ1x_E_XKOHNyufXbfl4puFW,20240214,伊東,7,F1,Ｓ級一般,1,1,仁藤　秀,4,1,3,1,2024/02/14 07:03&nbsp;更新
smk0n7SBH_a9mcIxlw8veqISfu0lJnPidYtc7KdIZYHp-PKti34TbrjuSn8o7jxT,20240214,伊東,8,F1,Ｓ級選抜,1,1,渡邉　直弥,3,5,7,,2024/02/14 07:03&nbsp;更新
smk0n7SBH_a9mcIxlw8verurfOzee6-iKfIitSGBaV5Nz8gjJeFTeNq4qrbyBtfY,20240214,伊東,9,F1,Ｓ級選抜,1,1,深澤　伸介,7,2,1,,2024/02/14 07:03&nbsp;更新
smk0n7SBH_a9mcIxlw8vesD1mA82LFQL9LywbWjSNRpXh9a2MFWHw_LMuPPk88yX,20240214,伊東,10,F1,Ｓ級準決勝,1,1,高橋　隆太,1,5,4,5,2024/02/14 07:03&nbsp;更新
smk0n7SBH_a9mcIxlw8veurIdpSwRPv4T7iSAsOpd0cdelZb0r6naIL2Q3VxRxmR,20240214,伊東,11,F1,Ｓ級準決勝,1,1,齋藤　友幸,1,4,7,1,2024/02/14 07:03&nbsp;更新
smk0n7SBH_a9mcIxlw8vevU-cRjmM176mVn9UzfYpCRULYRmW9ypq-MYlT2bJP-f,20240214,伊東,12,F1,Ｓ級準決勝,1,1,仁藤　秀,3,5,7,3,2024/02/14 07:03&nbsp;更新
hHQoBSTIFmBY5TBll3-vbtKIFd1YmYS5Spf_FLbIYXjiHIj5nf6o9xw9Hx8gfkaq,20240214,玉野,1,F1,Ａ級予選,1,1,鳥丸　晃順,7,1,2,1,2024/02/14 07:03&nbsp;更新
hHQoBSTIFmBY5TBll3-vboxIxUvBZ4Qh1pRzzGlCCz6kcYeNMkmoXcIqhBeANoXy,20240214,玉野,2,F1,Ａ級予選,1,1,榊原　洋,3,7,3,"2,7",2024/02/14 07:03&nbsp;更新
hHQoBSTIFmBY5TBll3-vbh4FtZt0Ngmr5FD498-yBKZOHuMQ1MAhkHhPheQ3Sigi,20240214,玉野,3,F1,Ａ級予選,1,1,鳥丸　晃順,7,2,1,7,2024/02/14 07:03&nbsp;更新
hHQoBSTIFmBY5TBll3-vbtB6h-MMaYZrpbAWEycrRRVyVqy5zu0Qto668y7LtVLP,20240214,玉野,4,F1,Ａ級予選,1,1,高嶋　一朗,5,4,2,7,2024/02/14 07:03&nbsp;更新
hHQoBSTIFmBY5TBll3-vbkVxC-s_vUYdrbUnSpi4jvkkwuFIYGCxsbfcG4j362EH,20240214,玉野,5,F1,Ａ級初日特選,1,1,櫻井　太士,3,1,1,7,2024/02/14 07:03&nbsp;更新
hHQoBSTIFmBY5TBll3-vbs2hAzjSdcFQV82XP_Pn6Nw2Oj3AWKiESUF9BSbljHgm,20240214,玉野,6,F1,Ｌ級ガールズ予選（第１走）,1,1,鳥丸　晃順,5,3,1,5,2024/02/14 07:03&nbsp;更新
hHQoBSTIFmBY5TBll3-vboPR2Rn0KCigcIClu8gD-mDZQwDg-O2OEY7BkNwy0m_G,20240214,玉野,7,F1,Ｌ級ガールズ予選（第１走）,1,1,榊原　洋,1,4,4,"1,2,6",2024/02/14 07:03&nbsp;更新
hHQoBSTIFmBY5TBll3-vbtOR8nVlktdl9D8n5yKPmBTh-ZeHfFodZ6AjZ2D_ccUE,20240214,玉野,8,F1,Ｓ級予選,1,1,高嶋　一朗,2,1,7,"1,5",2024/02/14 09:30&nbsp;更新
hHQoBSTIFmBY5TBll3-vbt3-If9FWZ89Q18iZuPk6tzkjddrVt6JbKc2ft--Flbf,20240214,玉野,9,F1,Ｓ級予選,1,1,立花　成泰,1,5,5,7,2024/02/14 07:03&nbsp;更新
hHQoBSTIFmBY5TBll3-vbntpzi23lkG_h3RN2IUtCADfJF9Pv26k5dkLER9fHAGp,20240214,玉野,10,F1,Ｓ級予選,1,1,櫻井　太士,1,5,5,2,2024/02/14 07:03&nbsp;更新
hHQoBSTIFmBY5TBll3-vbhINaGGUEk514XrbbwJmQv-6vw5RRxsvGB1eh8jPJRne,20240214,玉野,11,F1,Ｓ級予選,1,1,高嶋　一朗,3,2,7,4,2024/02/14 07:03&nbsp;更新
hHQoBSTIFmBY5TBll3-vbo4ZB4BBlUVyFHNjg3qRiRltOpiSxvnTpZFvcV8zkJvK,20240214,玉野,12,F1,Ｓ級初日特選,1,1,立花　成泰,2,3,5,2,2024/02/14 07:03&nbsp;更新
4YDG_8c_ujN7jm5c2eSyjcwagxUsJvq92gk5k2AGx7t9srrnq9tgYHz-Q1DpWncn,20240214,名古屋,1,F2,Ａ級チャレンジ一般,1,1,服部　竜二,1,2,3,5,2024/02/14 09:34&nbsp;更新
4YDG_8c_ujN7jm5c2eSyjSjFMFjiglztIGaVxbHgk6Dykq3CV2m-SF_xsb448Ja_,20240214,名古屋,2,F2,Ａ級チャレンジ一般,1,1,小川　大地,1,2,3,5,2024/02/14 10:00&nbsp;更新
4YDG_8c_ujN7jm5c2eSyjWvFFXXFYvuxWS2fmO2LTD1u7qoEL4sodiBGtnswXksy,20240214,名古屋,3,F2,Ａ級チャレンジ選抜,1,1,伊藤　正樹,1,2,5,,2024/02/14 09:34&nbsp;更新
4YDG_8c_ujN7jm5c2eSyjV7X4GU0-5AwDQDlDtA4TEvPX0PlsnLSm8Ssk0v8O6bi,20240214,名古屋,4,F2,Ａ級特一般,1,1,服部　竜二,1,2,3,6,2024/02/14 09:34&nbsp;更新
4YDG_8c_ujN7jm5c2eSyjRhUBDFlqYzzQ6hCTrYrhxrZ1BgS7nx8rTFoNuzW8xkC,20240214,名古屋,5,F2,Ａ級特一般,1,1,三浦　稔希,1,2,1,"5,7",2024/02/14 09:59&nbsp;更新
4YDG_8c_ujN7jm5c2eSyjcjR0HXr9ohu9pdIMKKWzJKCUeYRQijdQp86cP_ZWbLc,20240214,名古屋,6,F2,Ａ級特選,1,1,伊藤　正樹,1,2,2,7,2024/02/14 09:59&nbsp;更新
4YDG_8c_ujN7jm5c2eSyjbYTGKT11T96Dj1EiH6AKOSdJJwWqcliwd1V4qZxrwtQ,20240214,名古屋,7,F2,Ａ級特選,1,1,小川　大地,1,2,4,1,2024/02/14 10:20&nbsp;更新
4YDG_8c_ujN7jm5c2eSyjU5Q-qj54SwtpzPwVRP3T6nVkgmHvzFmcucEU3ikP8UZ,20240214,名古屋,8,F2,Ａ級チャレンジ決勝,1,1,三浦　稔希,1,2,4,1,2024/02/14 09:59&nbsp;更新
4YDG_8c_ujN7jm5c2eSyjXWkRanPD7fkwhLkYyG1IGP9cjOfQPFUgO8UjeUSnJb6,20240214,名古屋,9,F2,Ａ級決勝,1,1,伊藤　正樹,1,2,1,7,2024/02/14 09:59&nbsp;更新
lrrgkIOCNWMkGpMAgnwNNuIk66whl-VUxCAxf3vo7vwW1OCFJcwYyI8YRdUl4yy4,20240214,奈良,1,F2,Ａ級チャレンジ一般,1,1,伊狩　知人,4,1,1,5,2024/02/14 07:03&nbsp;更新
lrrgkIOCNWMkGpMAgnwNNkqQ07jignJCuDdURL0zrcc8H5GnU-mNXSN9VAG20Zjx,20240214,奈良,2,F2,Ａ級チャレンジ一般,1,1,岡崎　和久,7,3,7,4,2024/02/14 07:03&nbsp;更新
lrrgkIOCNWMkGpMAgnwNNiVS8aKng9fsJ_Tx1AvmKUtQ5soH18uV7CNKBOi1cP8z,20240214,奈良,3,F2,Ａ級チャレンジ準決勝,1,1,佐山　寛明,7,4,5,4,2024/02/14 07:03&nbsp;更新
lrrgkIOCNWMkGpMAgnwNNg-gxUmxqYiSqR2n__q1ZV-eptuhWHqlZiNcL_ckobpX,20240214,奈良,4,F2,Ａ級チャレンジ準決勝,1,1,辰己　豊,7,4,4,7,2024/02/14 07:03&nbsp;更新
lrrgkIOCNWMkGpMAgnwNNqudxllA15pDF0zmyUP36xegcoyzxgq7Vhc-gTtVfS6e,20240214,奈良,5,F2,Ａ級チャレンジ準決勝,1,1,佐藤　成人,1,3,2,1,2024/02/14 07:03&nbsp;更新
lrrgkIOCNWMkGpMAgnwNNqp4ZKPdULOTE-cVWas09iW3_vP_iSnzDz1ilj3J6QSZ,20240214,奈良,6,F2,Ａ級一般,1,1,伊狩　知人,4,5,3,2,2024/02/14 07:03&nbsp;更新
lrrgkIOCNWMkGpMAgnwNNlZgVOhI3MxwOqvkU6FdxGLZg1nrf98vHC6xVgT4b2VP,20240214,奈良,7,F2,Ａ級一般,1,1,辰己　豊,5,2,6,5,2024/02/14 07:03&nbsp;更新
lrrgkIOCNWMkGpMAgnwNNiy8isNvPDK5kNHtXebPDW8K0xqzpNWw2o4vBeEv5xrk,20240214,奈良,8,F2,Ａ級選抜,1,1,佐藤　成人,5,2,4,5,2024/02/14 07:03&nbsp;更新
lrrgkIOCNWMkGpMAgnwNNs_jIFqWq4TCcxbGIQtZ6Wo8Xeo9e4elQTaucH07em_B,20240214,奈良,9,F2,Ａ級選抜,1,1,岡崎　和久,1,3,5,1,2024/02/14 07:03&nbsp;更新
lrrgkIOCNWMkGpMAgnwNNkV4Yl4wp5ZnjLizK0VTnM25ny2yNy80bT44r6Z78S9Y,20240214,奈良,10,F2,Ａ級準決勝,1,1,佐山　寛明,5,7,7,4,2024/02/14 07:03&nbsp;更新
lrrgkIOCNWMkGpMAgnwNNkt0--JwblpkV20UTCkn-99w4F4gJG-wm9M8rBXZXMVK,20240214,奈良,11,F2,Ａ級準決勝,1,1,辰己　豊,3,5,7,5,2024/02/14 07:03&nbsp;更新
lrrgkIOCNWMkGpMAgnwNNt7KjmgH80SVrgxYp-x09AZ1dV8k263urlW4gZZycA4U,20240214,奈良,12,F2,Ａ級準決勝,1,1,佐藤　成人,1,5,1,6,2024/02/14 07:03&nbsp;更新
4sLptYw_uaU3-SWJZKrd1D7HN95jwW_7iT1uWD3_oIjQ_BIXHoW1pg7zX8yBlErs,20240214,別府,1,F2,Ｌ級ガールズ一般,1,1,篠田　樹,1,2,1,3,2024/02/14 07:42&nbsp;更新
4sLptYw_uaU3-SWJZKrd1NcYNlyzT37JF3c6oFCp1N_SorfMNyf7iWHJco4yzRy3,20240214,別府,2,F2,Ａ級一般,1,1,梶原　恵介,1,2,"2,7",,2024/02/14 07:42&nbsp;更新
4sLptYw_uaU3-SWJZKrd1KXQJyQQtnW50qkrhH69rvxjx-1KeEwHLl8KfmbpF9qj,20240214,別府,3,F2,Ａ級一般,1,1,加藤　大輔,1,2,7,3,2024/02/14 07:42&nbsp;更新
4sLptYw_uaU3-SWJZKrd1G0KeX5D9DKmK-DNSVie9NqdQsXbiMpCxR0dOpGEBPpa,20240214,別府,4,F2,Ａ級一般,1,1,高橋　義秋,1,2,1,7,2024/02/14 07:42&nbsp;更新
4sLptYw_uaU3-SWJZKrd1FQk4Eqvq-_WPCM2yKbxk7uabcYVzFAUmzQe5PORtrPt,20240214,別府,5,F2,Ａ級特選,1,1,篠田　樹,1,2,2,3,2024/02/14 07:42&nbsp;更新
4sLptYw_uaU3-SWJZKrd1Ku2nG4LbZYme8mmMP6dwAv7I1LkGowZifLxg0D-s9Wo,20240214,別府,6,F2,Ａ級特選,1,1,高橋　義秋,1,2,3,1,2024/02/14 07:42&nbsp;更新
4sLptYw_uaU3-SWJZKrd1Oy9UPD8qlE6lAQXI8DBHll95nj3ubvW3r3V5Rwf1vpF,20240214,別府,7,F2,Ａ級特選,1,1,加藤　大輔,1,2,5,4,2024/02/14 07:42&nbsp;更新
4sLptYw_uaU3-SWJZKrd1EPgihmzxOTuQfPxvJDmTsPletg9UV-9gRKpG_whcwci,20240214,別府,8,F2,Ｌ級ガールズ決勝,1,1,梶原　恵介,1,2,"1,2",,2024/02/14 07:42&nbsp;更新
4sLptYw_uaU3-SWJZKrd1Fu4Bs3CcwOsYLLfPmJqewVxQsnWG_cPpT2rzBJ6oAGH,20240214,別府,9,F2,Ａ級決勝,1,1,高橋　義秋,1,2,4,6,2024/02/14 07:42&nbsp;更新
