﻿category,grade,kaisai_name,keirin_cd,meeting_icon,pos1_car_no,pos1_decision,pos1_name,pos1_region,pos2_car_no,pos2_decision,pos2_name,pos2_region,pos3_car_no,pos3_decision,pos3_name,pos3_region,quinella,quinella_payout,quinella_popularity,race_date,race_no,track,trifecta,trifecta_payout,trifecta_popularity
Ａ級予選,F1,,24,1,7,差し,須藤　誠,千　葉,4,逃げ,近藤　圭佑,埼　玉,1,,栗田　雄矢,静　岡,7-4,350円,(1),20240205,1R,宇都宮,7-4-1,410円,(1)
Ａ級予選,F1,,24,1,2,差し,長谷部　翔,静　岡,5,捲り,伊早坂駿一,茨　城,7,,櫻井　丈,静　岡,2-5,"4,110円",(8),20240205,2R,宇都宮,2-5-7,"14,840円",(27)
Ａ級予選,F1,,24,1,1,差し,辰己　豊,奈　良,5,逃げ,丹波　孝佑,大　阪,3,,會澤　龍,宮　城,1-5,220円,(1),20240205,3R,宇都宮,1-5-3,470円,(1)
Ａ級予選,F1,,24,1,7,差し,山口　貴弘,栃　木,1,逃げ,鈴木　涼介,福　島,6,,奥山　雅士,静　岡,7-1,190円,(1),20240205,4R,宇都宮,7-1-6,"2,660円",(8)
Ａ級初日特選,F1,,24,1,1,捲り,高橋　成英,愛　知,4,マーク,愛敬　博之,愛　知,3,,柿沼　信也,埼　玉,1-4,"2,990円",(11),20240205,5R,宇都宮,1-4-3,"13,150円",(42)
Ａ級予選,F1,,45,3,7,差し,伊原　弘幸,福　井,5,差し,上田　学,愛　媛,3,,村上　竜馬,広　島,7-5,"5,080円",(13),20240205,1R,豊橋,7-5-3,"9,950円",(27)
Ａ級予選,F1,,45,3,5,捲り,高山　雄丞,愛　媛,2,マーク,増田　鉄男,徳　島,4,,松岡晋乃介,岐　阜,5-2,"1,840円",(8),20240205,2R,豊橋,5-2-4,"12,010円",(44)
Ａ級予選,F1,,45,3,1,捲り,井寺　亮太,長　崎,2,差し,野口　正則,奈　良,7,,内藤　敦,岡　山,1-2,"5,190円",(13),20240205,3R,豊橋,1-2-7,"27,320円",(66)
Ａ級予選,F1,,45,3,5,捲り,日野　博幸,愛　媛,2,マーク,越智　展孝,愛　媛,1,,松本秀之慎,熊　本,5-2,"2,620円",(7),20240205,4R,豊橋,5-2-1,"5,920円",(15)
Ａ級初日特選,F1,,45,3,7,差し,柴崎　俊光,三　重,1,マーク,大瀬戸潤一,広　島,4,,長屋　秀明,岐　阜,7-1,"1,760円",(4),20240205,5R,豊橋,7-1-4,"4,150円",(11)
Ｓ級予選,F1,,45,3,1,捲り,徳永　哲人,熊　本,5,差し,長尾　拳太,岐　阜,3,,三宅　達也,岡　山,1-5,"3,320円",(14),20240205,6R,豊橋,1-5-3,"11,320円",(45)
Ｓ級予選,F1,,45,3,1,差し,角　令央奈,福　岡,2,差し,水谷　好宏,大　阪,5,,紫原　政文,福　岡,1-2,"2,360円",(11),20240205,7R,豊橋,1-2-5,"6,330円",(20)
Ｓ級予選,F1,,45,3,2,差し,小川　賢人,福　岡,3,差し,大屋　健司,広　島,5,,畝木　聖,岡　山,2-3,"2,130円",(8),20240205,8R,豊橋,2-3-5,"7,260円",(26)
Ｓ級予選,F1,,45,3,7,捲り,小森　貴大,福　井,1,差し,大崎飛雄馬,愛　媛,3,,鷲田　佳史,福　井,7-1,"2,390円",(9),20240205,9R,豊橋,7-1-3,"5,480円",(18)
Ｓ級予選,F1,,45,3,3,差し,澤田　義和,兵　庫,2,マーク,國村　洋,山　口,4,,吉田　敏洋,愛　知,3-2,"3,170円",(11),20240205,10R,豊橋,3-2-4,"15,560円",(39)
Ｓ級予選,F1,,45,3,2,差し,阪本　和也,長　崎,5,逃げ,後藤　大輝,福　岡,7,,佐々木則幸,高　知,2-5,220円,(2),20240205,11R,豊橋,2-5-7,"2,070円",(8)
Ｓ級初日特選,F1,,45,3,3,差し,山下　一輝,山　口,7,逃げ,片岡　迪之,岡　山,4,,林　大悟,福　岡,3-7,"3,220円",(10),20240205,12R,豊橋,3-7-4,"23,360円",(87)
Ａ級予選,F1,,56,1,3,差し,堺　文人,和歌山,5,マーク,村上　卓茂,愛　知,6,,北村　篤,岐　阜,3-5,910円,(3),20240205,1R,岸和田,3-5-6,"9,490円",(32)
Ａ級予選,F1,,56,1,5,捲り,佐藤　竜太,愛　知,1,マーク,山出　裕幸,福　井,3,,比佐　宝太,福　島,5-1,270円,(1),20240205,2R,岸和田,5-1-3,"1,410円",(4)
Ａ級予選,F1,,56,1,1,差し,上田　隼,岐　阜,4,逃げ,近谷　涼,富　山,5,,山崎　光展,京　都,1-4,330円,(2),20240205,3R,岸和田,1-4-5,410円,(2)
Ａ級予選,F1,,56,1,4,差し,宮司　周郎,愛　知,2,逃げ,中村　泰輔,和歌山,1,,竹山　慶太,宮　城,4-2,"6,570円",(17),20240205,4R,岸和田,4-2-1,"37,540円",(84)
Ａ級初日特選,F1,,56,1,2,逃げ,田中　大我,奈　良,5,マーク,伊藤　成紀,大　阪,4,,冨尾　享平,大　阪,2-5,"1,290円",(4),20240205,5R,岸和田,2-5-4,"5,570円",(17)
Ｓ級予選,F1,,56,1,3,差し,伏見　俊昭,福　島,7,差し,坂本　周輝,青　森,1,,中釜　章成,大　阪,3-7,860円,(4),20240205,6R,岸和田,3-7-1,"4,730円",(18)
Ｓ級予選,F1,,56,1,4,差し,笠松　信幸,愛　知,2,マーク,鷲田　幸司,福　井,7,,竹内　雄作,岐　阜,4-2,"3,260円",(11),20240205,7R,岸和田,4-2-7,"11,880円",(34)
Ｓ級予選,F1,,56,1,2,差し,松岡　健介,兵　庫,4,捲り,土生　敦弘,大　阪,1,,小嶋　敬二,石　川,2-4,720円,(2),20240205,8R,岸和田,2-4-1,"2,970円",(10)
Ｓ級予選,F1,,56,1,7,差し,大槻　寛徳,宮　城,2,差し,藤井　昭吾,滋　賀,4,,丸山　貴秀,秋　田,7-2,650円,(2),20240205,9R,岸和田,7-2-4,"3,040円",(9)
Ｓ級予選,F1,,56,1,7,差し,菅原　大也,神奈川,2,マーク,鈴木　庸之,新　潟,4,,上田　国広,三　重,7-2,"3,410円",(11),20240205,10R,岸和田,7-2-4,"18,310円",(63)
Ｓ級予選,F1,,56,1,4,差し,池野　健太,兵　庫,2,捲り,齋木　翔多,静　岡,5,,渡辺　十夢,福　井,4-2,"5,060円",(19),20240205,11R,岸和田,4-2-5,"13,490円",(39)
Ｓ級初日特選,F1,,56,1,5,捲り,佐々木眞也,神奈川,3,マーク,近藤　保,千　葉,7,,三谷　将太,奈　良,5-3,840円,(2),20240205,12R,岸和田,5-3-7,"2,090円",(1)
,F2,,26,3,,,,,,,,,,,,,,,,20240205,,西武園,,,
Ａ級一般,F2,,36,8,5,差し,水野　悟志,静　岡,1,逃げ,勝俣　亮,神奈川,6,,植田　誠,静　岡,5-1,400円,(2),20240205,1R,小田原,5-1-6,"1,170円",(3)
Ａ級一般,F2,,36,8,7,差し,清水　邦章,香　川,1,捲り,中野　良,北海道,4,,梅原　大治,静　岡,7-1,"1,800円",(7),20240205,2R,小田原,7-1-4,"16,520円",(48)
Ａ級選抜,F2,,36,8,7,捲り,山崎　寛巳,新　潟,5,マーク,野間　司,茨　城,6,,長崎　達也,神奈川,7-5,"1,100円",(4),20240205,3R,小田原,7-5-6,"10,570円",(32)
Ａ級選抜,F2,,36,8,7,差し,田上　晃也,岡　山,3,逃げ,池部　壮太,大　分,5,,渡邊　政幸,埼　玉,7-3,"2,480円",(9),20240205,4R,小田原,7-3-5,"15,540円",(50)
Ａ級準決勝,F2,,36,8,5,逃げ,松坂　侑亮,神奈川,6,差し,柴田　竜史,静　岡,1,,出澤　拓也,神奈川,5-6,"5,090円",(11),20240205,5R,小田原,5-6-1,"7,000円",(17)
Ａ級準決勝,F2,,36,8,5,捲り,今野　有樹,愛　媛,4,差し,安部　達也,埼　玉,3,,宮下　一歩,長　野,5-4,"1,140円",(5),20240205,6R,小田原,5-4-3,"2,650円",(4)
Ａ級準決勝,F2,,36,8,7,逃げ,長谷川飛向,東　京,4,マーク,矢部　駿人,岡　山,3,,名川　豊,福　岡,7-4,"3,140円",(12),20240205,7R,小田原,7-4-3,"7,210円",(21)
Ａ級チャレンジ一般,F2,,48,5,3,差し,吉竹　雄城,千　葉,1,逃げ,久保　将史,神奈川,4,,長岡　豪,群　馬,3-1,500円,(2),20240205,1R,四日市,3-1-4,"2,530円",(10)
Ａ級チャレンジ一般,F2,,48,5,4,捲り,山元　大夢,石　川,1,差し,天沼　雅貴,埼　玉,2,,沼川　夢久,群　馬,4-1,480円,(1),20240205,2R,四日市,4-1-2,"1,300円",(2)
Ａ級チャレンジ選抜,F2,,48,5,1,差し,渡会　啓介,愛　知,4,逃げ,加藤　正法,愛　知,3,,河元　茂,奈　良,1-4,350円,(1),20240205,3R,四日市,1-4-3,680円,(1)
Ａ級特一般,F2,,48,5,1,差し,本村　隆文,岐　阜,3,マーク,有馬　雄二,奈　良,2,,小谷田公則,福　島,1-3,420円,(2),20240205,4R,四日市,1-3-2,"1,750円",(3)
Ａ級特一般,F2,,48,5,3,差し,高谷進太郎,三　重,1,逃げ,大谷　靖茂,愛　知,2,,豊田　一馬,群　馬,3-1,290円,(2),20240205,5R,四日市,3-1-2,830円,(4)
Ａ級特選,F2,,48,5,7,差し,岡崎　祥伍,岐　阜,3,逃げ,堀　兼壽,岐　阜,5,,松根　真,東　京,7-3,"3,460円",(13),20240205,6R,四日市,7-3-5,"20,270円",(66)
Ａ級特選,F2,,48,5,1,捲り,加賀山　淳,千　葉,2,捲り,房州　輝也,福　島,3,,山崎　司,福　島,1-2,460円,(2),20240205,7R,四日市,1-2-3,950円,(3)
Ａ級チャレンジ決勝,F2,,48,5,3,逃げ,出口謙一郎,岐　阜,4,マーク,服部　正継,岐　阜,1,,吉村　文隆,京　都,3-4,660円,(3),20240205,8R,四日市,3-4-1,"4,780円",(18)
Ａ級決勝,F2,,48,5,2,逃げ,岸田　剛,福　井,5,差し,志水　祐彦,大　阪,3,,三谷　政史,奈　良,2-5,730円,(3),20240205,9R,四日市,2-5-3,"1,400円",(3)
Ａ級チャレンジ一般,F2,,53,5,2,逃げ,宮道　良輔,徳　島,3,マーク,大林　亮介,香　川,6,,組橋　一高,香　川,2-3,120円,(1),20240205,1R,奈良,2-3-6,300円,(2)
Ａ級チャレンジ一般,F2,,53,5,1,逃げ,隅田　幸助,広　島,5,差し,森山　昌昭,福　岡,7,,幸津　博,徳　島,1-5,"1,310円",(5),20240205,2R,奈良,1-5-7,"4,030円",(14)
Ａ級チャレンジ選抜,F2,,53,5,1,捲り,立石　拓也,福　岡,4,マーク,永田　修一,熊　本,3,,富安　保充,愛　知,1-4,"3,070円",(9),20240205,3R,奈良,1-4-3,"17,370円",(39)
Ａ級特一般,F2,,53,5,1,逃げ,宮崎　康司,香　川,2,マーク,梶應　弘樹,愛　媛,6,,岡田　雅也,高　知,1-2,190円,(1),20240205,4R,奈良,1-2-6,440円,(1)
Ａ級特一般,F2,,53,5,1,逃げ,後藤　祐貴,兵　庫,6,マーク,樋口有樹郎,兵　庫,4,,杉山　剛,福　岡,1-6,290円,(2),20240205,5R,奈良,1-6-4,"2,590円",(8)
Ａ級特選,F2,,53,5,2,逃げ,末廣　快理,兵　庫,5,差し,舛井　幹雄,三　重,7,,廣田　敦士,三　重,2-5,"3,520円",(12),20240205,6R,奈良,2-5-7,"18,200円",(49)
Ａ級特選,F2,,53,5,1,捲り,渡邉　豪大,福　岡,6,捲り,桜井　雄太,愛　知,3,,一ノ瀬貴将,大　阪,1-6,"2,300円",(5),20240205,7R,奈良,1-6-3,"12,870円",(32)
Ａ級チャレンジ決勝,F2,,53,5,4,捲り,梶原　海斗,福　岡,5,マーク,半田　誠,熊　本,3,,内山　慧大,福　井,4-5,230円,(1),20240205,8R,奈良,4-5-3,720円,(1)
Ａ級決勝,F2,,53,5,3,逃げ,黒瀬浩太郎,広　島,1,マーク,一丸　尚伍,大　分,4,,今岡　徹二,広　島,3-1,"3,180円",(13),20240205,9R,奈良,3-1-4,"7,850円",(29)
Ａ級チャレンジ一般,F2,,75,3,1,逃げ,野見　泰要,岡　山,5,差し,升澤　祥晃,愛　媛,3,,佐々木英之,香　川,1-5,"1,320円",(4),20240205,1R,松山,1-5-3,"2,020円",(7)
Ａ級チャレンジ一般,F2,,75,3,2,差し,齋藤　仁,徳　島,7,差し,川添　輝彦,沖　縄,3,,濱田昭一郎,鹿児島,2-7,"3,200円",(12),20240205,2R,松山,2-7-3,"16,280円",(49)
Ａ級チャレンジ選抜,F2,,75,3,4,差し,龍野琳太郎,岡　山,7,捲り,白濱　一平,長　崎,2,,高尾　剛文,福　岡,4-7,"1,340円",(4),20240205,3R,松山,4-7-2,"3,140円",(8)
Ａ級チャレンジ選抜,F2,,75,3,7,差し,石田　宏樹,青　森,5,差し,大山　泰伸,香　川,6,,村上　清隆,山　口,7-5,"3,060円",(11),20240205,4R,松山,7-5-6,"20,120円",(60)
Ｌ級ガールズ一般,F2,,75,3,1,捲り,高木　佑真,神奈川,2,マーク,田中　千尋,愛　知,6,,荒川ひかり,茨　城,1-2,650円,(4),20240205,5R,松山,1-2-6,"2,020円",(8)
Ａ級特一般,F2,,75,3,7,捲り,小岩　哲也,大　分,3,マーク,荒木　真慈,熊　本,5,,伊藤　奎,福　島,7-3,"1,350円",(4),20240205,6R,松山,7-3-5,"5,340円",(18)
Ａ級特一般,F2,,75,3,5,差し,船曳　義之,香　川,3,差し,外崎　一成,北海道,2,,才迫　勇馬,広　島,5-3,"4,020円",(12),20240205,7R,松山,5-3-2,"15,650円",(43)
Ａ級特選,F2,,75,3,5,差し,坂本　晃輝,佐　賀,4,マーク,藤原　浩,高　知,3,,國武　耕二,佐　賀,5-4,"1,300円",(5),20240205,8R,松山,5-4-3,"5,870円",(18)
Ａ級特選,F2,,75,3,7,捲り,川又　裕樹,鹿児島,5,差し,増田　仁,広　島,2,,安東　英博,大　分,7-5,"2,950円",(11),20240205,9R,松山,7-5-2,"10,460円",(33)
Ａ級チャレンジ決勝,F2,,75,3,2,捲り,治田　知也,新　潟,1,逃げ,岡崎　陸登,愛　媛,7,,安本　昇平,山　口,2-1,"1,170円",(4),20240205,10R,松山,2-1-7,"3,330円",(12)
Ｌ級ガールズ決勝,F2,,75,3,5,差し,山口　真未,静　岡,4,逃げ,日野　未来,奈　良,6,,山原さくら,高　知,5-4,"1,960円",(8),20240205,11R,松山,5-4-6,"3,670円",(13)
Ａ級決勝,F2,,75,3,1,逃げ,門田　凌,愛　媛,7,マーク,小川　圭二,徳　島,5,,片折　亮太,埼　玉,1-7,"1,080円",(3),20240205,12R,松山,1-7-5,"2,700円",(2)
