﻿category,grade,kaisai_name,keirin_cd,meeting_icon,pos1_car_no,pos1_decision,pos1_name,pos1_region,pos2_car_no,pos2_decision,pos2_name,pos2_region,pos3_car_no,pos3_decision,pos3_name,pos3_region,quinella,quinella_payout,quinella_popularity,race_date,race_no,track,trifecta,trifecta_payout,trifecta_popularity
Ａ級一般,F1,,31,1,1,逃げ,篠原　龍馬,高　知,5,マーク,水本　博行,岡　山,7,,武田　哲二,京　都,1-5,230円,(1),20250226,1R,松戸,1-5-7,580円,(1)
Ａ級一般,F1,,31,1,3,逃げ,山崎　航,山　口,4,マーク,武市　和人,高　知,7,,大関　祐也,千　葉,3-4,"1,960円",(6),20250226,2R,松戸,3-4-7,"16,100円",(51)
Ａ級準決勝,F1,,31,1,7,差し,泉　文人,福　島,5,差し,藤原　悠斗,岡　山,1,,関根健太郎,神奈川,7-5,"6,160円",(22),20250226,3R,松戸,7-5-1,"11,560円",(37)
Ａ級準決勝,F1,,31,1,2,捲り,牧田　悠生,新　潟,5,マーク,山田　幸司,神奈川,3,,松本　卓也,徳　島,2-5,200円,(1),20250226,4R,松戸,2-5-3,"2,000円",(4)
Ａ級準決勝,F1,,31,1,7,逃げ,山崎　歩夢,福　島,1,マーク,會澤　龍,宮　城,6,,宮倉　勇,千　葉,7-1,170円,(1),20250226,5R,松戸,7-1-6,820円,(3)
Ｌ級ガールズ予選（第２走）,F1,,31,1,7,捲り,日野　未来,奈　良,4,逃げ,大浦　彩瑛,神奈川,1,,五味田奈穂,千　葉,7-4,170円,(1),20250226,6R,松戸,7-4-1,400円,(2)
Ｌ級ガールズ予選（第２走）,F1,,31,1,6,逃げ,久米　詩,静　岡,2,捲り,當銘　直美,愛　知,3,,加瀬加奈子,新　潟,6-2,140円,(1),20250226,7R,松戸,6-2-3,400円,(1)
Ｓ級一般,F1,,31,1,6,差し,原田　泰志,新　潟,2,捲り,安倍　大成,埼　玉,5,,久保田泰弘,山　口,6-2,"8,220円",(25),20250226,8R,松戸,6-2-5,"47,360円",(98)
Ｓ級一般,F1,,31,1,3,捲り,兼本　将太,熊　本,7,マーク,東矢　昇太,熊　本,1,,齋藤　雄行,神奈川,3-7,620円,(2),20250226,9R,松戸,3-7-1,"1,670円",(2)
Ｓ級準決勝,F1,,31,1,2,捲り,石原　颯,香　川,3,捲り,橋本　壮史,茨　城,1,,西村　光太,三　重,2-3,450円,(2),20250226,10R,松戸,2-3-1,"1,540円",(4)
Ｓ級準決勝,F1,,31,1,7,逃げ,長田　龍拳,静　岡,1,マーク,中村　浩士,千　葉,6,,吉武信太朗,愛　媛,7-1,440円,(2),20250226,11R,松戸,7-1-6,"3,950円",(13)
Ｓ級準決勝,F1,,31,1,3,逃げ,新田　祐大,福　島,5,マーク,伏見　俊昭,福　島,7,,佐々木雄一,福　島,3-5,290円,(1),20250226,12R,松戸,3-5-7,500円,(1)
Ａ級予選,F1,,61,1,3,差し,田中　会心,熊　本,5,逃げ,伊藤　歩登,兵　庫,4,,安谷屋将志,沖　縄,3-5,"2,660円",(11),20250226,1R,玉野,3-5-4,"20,770円",(67)
Ａ級予選,F1,,61,1,6,逃げ,野上　竜太,岡　山,1,マーク,隅　貴史,山　口,5,,樋口　開土,東　京,6-1,"2,030円",(6),20250226,2R,玉野,6-1-5,"9,250円",(30)
Ａ級予選,F1,,61,1,4,差し,竹内　一暢,滋　賀,3,逃げ,中川　繁樹,京　都,2,,中野光太郎,徳　島,4-3,"2,330円",(9),20250226,3R,玉野,4-3-2,"8,790円",(29)
Ａ級予選,F1,,61,1,2,差し,奥原　亨,神奈川,7,逃げ,松本　京太,静　岡,5,,福田　拓也,栃　木,2-7,570円,(2),20250226,4R,玉野,2-7-5,"1,810円",(5)
Ａ級初日特選,F1,,61,1,5,逃げ,藤原俊太郎,岡　山,1,差し,内藤　久文,愛　知,2,,木村　幸希,広　島,5-1,"2,100円",(7),20250226,5R,玉野,5-1-2,"4,930円",(16)
Ｓ級予選,F1,,61,1,5,差し,桑名　僚也,埼　玉,2,逃げ,阿部　大樹,埼　玉,4,,三ツ石康洋,徳　島,5-2,"3,680円",(14),20250226,6R,玉野,5-2-4,"14,540円",(52)
Ｓ級予選,F1,,61,1,4,差し,佐藤　和也,青　森,3,逃げ,阿部架惟都,宮　城,1,,中村　昌弘,広　島,4-3,"1,330円",(4),20250226,7R,玉野,4-3-1,"4,900円",(13)
Ｓ級予選,F1,,61,1,7,捲り,小松原正登,福　井,4,逃げ,篠田　幸希,群　馬,2,,保科　千春,宮　城,7-4,"4,810円",(14),20250226,8R,玉野,7-4-2,"10,510円",(31)
Ｓ級予選,F1,,61,1,5,捲り,畝木　聖,岡　山,7,差し,大塚　玲,神奈川,6,,安藤　直希,京　都,5-7,"1,720円",(6),20250226,9R,玉野,5-7-6,"39,210円",(80)
Ｓ級予選,F1,,61,1,3,差し,天田　裕輝,群　馬,4,逃げ,朝倉　智仁,茨　城,7,,丸山　貴秀,秋　田,3-4,310円,(1),20250226,10R,玉野,3-4-7,670円,(1)
Ｓ級予選,F1,,61,1,7,差し,岡本　大嗣,東　京,2,捲り,市橋司優人,福　岡,4,,渡邉　豪大,福　岡,7-2,"2,060円",(7),20250226,11R,玉野,7-2-4,"6,010円",(20)
Ｓ級初日特選,F1,,61,1,4,捲り,鈴木　玄人,東　京,7,差し,嶋田　誠也,福　岡,5,,片岡　迪之,岡　山,4-7,"2,050円",(7),20250226,12R,玉野,4-7-5,"15,700円",(58)
Ａ級一般,F1,,85,3,7,差し,三槻　智清,佐　賀,1,逃げ,成海　大聖,大　分,2,,矢内　良和,群　馬,7-1,340円,(1),20250226,1R,佐世保,7-1-2,740円,(2)
Ａ級一般,F1,,85,3,2,捲り,安東　宏高,大　分,4,差し,阿部　英光,宮　城,5,,窪田　陽介,滋　賀,2-4,"4,840円",(12),20250226,2R,佐世保,2-4-5,"44,010円",(86)
Ａ級準決勝,F1,,85,3,7,差し,吉永　好宏,広　島,2,逃げ,矢部　駿人,岡　山,6,,鳥生　知八,愛　媛,7-2,"1,150円",(4),20250226,3R,佐世保,7-2-6,"2,850円",(10)
Ａ級準決勝,F1,,85,3,3,捲り,宗崎　世連,高　知,7,マーク,山口　智弘,愛　知,4,,塩島嵩一朗,神奈川,3-7,"13,910円",(23),20250226,4R,佐世保,3-7-4,"89,710円",(106)
Ａ級準決勝,F1,,85,3,7,逃げ,木村　皆斗,茨　城,3,差し,柏木　伸介,静　岡,1,,寺沼　将彦,東　京,7-3,960円,(4),20250226,5R,佐世保,7-3-1,"1,720円",(4)
Ｓ級一般,F1,,85,3,3,捲り,角　令央奈,福　岡,1,捲り,小嶋　敬二,石　川,7,,小西　晴己,三　重,3-1,"1,830円",(7),20250226,6R,佐世保,3-1-7,"11,700円",(48)
Ｓ級一般,F1,,85,3,5,逃げ,後藤　悠,岩　手,6,マーク,中川　聖大,福　岡,3,,山中　秀将,千　葉,5-6,"7,250円",(27),20250226,7R,佐世保,5-6-3,"49,530円",(157)
Ｓ級選抜,F1,,85,3,3,差し,海老根恵太,千　葉,2,差し,小林　弘和,佐　賀,5,,松本秀之慎,熊　本,3-2,"1,060円",(4),20250226,8R,佐世保,3-2-5,"3,640円",(8)
Ｓ級選抜,F1,,85,3,7,差し,山口　泰生,岐　阜,3,マーク,原井　博斗,福　岡,2,,徳田　匠,京　都,7-3,"1,770円",(9),20250226,9R,佐世保,7-3-2,"5,120円",(15)
Ｓ級準決勝,F1,,85,3,1,捲り,上野　雅彦,香　川,3,差し,坂本健太郎,福　岡,,,,,1-3,770円,(6),20250226,10R,佐世保,1-3-7,"2,230円",(13)
Ｓ級準決勝,F1,,85,3,2,捲り,佐藤　幸治,長　崎,3,差し,山形　一気,徳　島,5,,元砂　勇雪,奈　良,2-3,"2,740円",(10),20250226,11R,佐世保,2-3-5,"11,780円",(35)
Ｓ級準決勝,F1,,85,3,6,捲り,伊藤　信,大　阪,2,マーク,上田　国広,三　重,3,,武田　豊樹,茨　城,6-2,"1,090円",(3),20250226,12R,佐世保,6-2-3,"6,590円",(20)
Ａ級予選,F2,,26,5,3,捲り,下沖　功児,宮　崎,1,マーク,立花　成泰,岡　山,2,,土田　栄二,茨　城,3-1,600円,(2),20250226,1R,西武園,3-1-2,"2,130円",(7)
Ａ級予選,F2,,26,5,5,差し,立石　拓也,福　岡,3,逃げ,利根　正明,大　分,6,,渡邉　直弥,静　岡,5-3,"1,060円",(3),20250226,2R,西武園,5-3-6,"14,320円",(39)
Ａ級予選,F2,,26,5,1,差し,飯尾　主税,静　岡,3,逃げ,栗田　万生,千　葉,2,,長松　大祐,大　分,1-3,250円,(1),20250226,3R,西武園,1-3-2,760円,(2)
Ａ級予選,F2,,26,5,1,差し,吉田　元輝,茨　城,3,逃げ,小玉　勇一,埼　玉,4,,山川　奨太,熊　本,1-3,340円,(1),20250226,4R,西武園,1-3-4,"1,430円",(2)
Ａ級予選,F2,,26,5,2,逃げ,川上　隆義,栃　木,4,マーク,須賀　和彦,茨　城,6,,樋口　瑛土,東　京,2-4,140円,(1),20250226,5R,西武園,2-4-6,300円,(1)
Ａ級予選,F2,,26,5,2,差し,上吹越俊一,鹿児島,6,捲り,才迫　勇馬,広　島,1,,田川　翔琉,熊　本,2-6,"3,770円",(11),20250226,6R,西武園,2-6-1,"11,100円",(32)
Ａ級初日特選,F2,,26,5,3,差し,大矢　将大,埼　玉,2,差し,石橋慎太郎,静　岡,5,,秋本耀太郎,栃　木,3-2,"5,060円",(18),20250226,7R,西武園,3-2-5,"11,120円",(38)
Ｌ級ガールズ予選（第２走）,F2,,28,8,1,逃げ,太田　美穂,三　重,5,差し,板根　茜弥,東　京,7,,谷元　音羽,鹿児島,1-5,200円,(1),20250226,1R,立川,1-5-7,"1,680円",(6)
Ｌ級ガールズ予選（第２走）,F2,,28,8,7,逃げ,黒河内由実,長　野,4,捲り,高木　萌那,福　岡,1,,田中　まい,千　葉,7-4,"20,500円",(14),20250226,2R,立川,7-4-1,"76,850円",(52)
Ａ級チャレンジ一般,F2,,28,8,1,差し,村松　俊弥,山　梨,2,差し,樋口　奨平,富　山,4,,笹川　竜治,新　潟,1-2,"4,390円",(14),20250226,3R,立川,1-2-4,"16,380円",(42)
Ａ級チャレンジ一般,F2,,28,8,4,差し,植田　誠,静　岡,3,差し,長谷川辰徳,埼　玉,1,,中川　博文,福　井,4-3,"2,450円",(8),20250226,4R,立川,4-3-1,"24,510円",(59)
Ａ級チャレンジ準決勝,F2,,28,8,1,逃げ,志田愛希飛,富　山,5,マーク,中井　修,滋　賀,4,,大崎　智久,青　森,1-5,180円,(1),20250226,5R,立川,1-5-4,540円,(2)
Ａ級チャレンジ準決勝,F2,,28,8,3,逃げ,橋谷　成海,埼　玉,1,差し,望月裕一郎,静　岡,2,,油谷　蒼,兵　庫,3-1,"2,880円",(7),20250226,6R,立川,3-1-2,"10,310円",(29)
Ａ級チャレンジ準決勝,F2,,28,8,1,逃げ,小堀　敢太,北海道,2,マーク,瀧川　幸広,愛　知,4,,臼井　昌巨,愛　知,1-2,230円,(1),20250226,7R,立川,1-2-4,370円,(1)
Ａ級予選,F2,,43,5,1,差し,佐野　梅一,京　都,5,マーク,乾　庄平,滋　賀,2,,小林　史也,和歌山,1-5,740円,(3),20250226,1R,岐阜,1-5-2,"1,080円",(2)
Ａ級予選,F2,,43,5,1,逃げ,菅谷　隆司,東　京,2,マーク,田村　真広,群　馬,7,,岩崎　大和,茨　城,1-2,210円,(1),20250226,2R,岐阜,1-2-7,"1,740円",(5)
Ａ級予選,F2,,43,5,1,逃げ,高本　和也,神奈川,2,マーク,鈴木　良太,静　岡,3,,山本　隼人,大　阪,1-2,180円,(1),20250226,3R,岐阜,1-2-3,650円,(2)
Ａ級予選,F2,,43,5,3,逃げ,福田　稔希,栃　木,2,マーク,梅山　英樹,群　馬,1,,布居　寛幸,和歌山,3-2,140円,(1),20250226,4R,岐阜,3-2-1,480円,(2)
Ａ級予選,F2,,43,5,3,差し,田中　秀治,岐　阜,6,差し,森川　剛,神奈川,1,,奥出　良,石　川,3-6,"14,340円",(21),20250226,5R,岐阜,3-6-1,"52,910円",(72)
Ａ級予選,F2,,43,5,1,逃げ,早坂　秀悟,茨　城,2,マーク,鈴木　謙二,東　京,3,,荒木　伸哉,静　岡,1-2,170円,(1),20250226,6R,岐阜,1-2-3,440円,(2)
Ａ級初日特選,F2,,43,5,3,捲り,橋本　智昭,宮　城,1,マーク,山崎　将幸,宮　城,7,,山田　敦也,北海道,3-1,150円,(1),20250226,7R,岐阜,3-1-7,270円,(1)
Ａ級チャレンジ一般,F2,,44,1,2,逃げ,関谷　哲平,奈　良,6,マーク,服部　竜二,愛　知,1,,阿部　晃,宮　城,2-6,260円,(1),20250226,1R,大垣,2-6-1,"1,150円",(3)
Ａ級チャレンジ一般,F2,,44,1,4,逃げ,門馬　琢麿,北海道,6,マーク,加美山隆行,宮　城,5,,井坂　泰誓,大　阪,4-6,590円,(2),20250226,2R,大垣,4-6-5,"3,300円",(9)
Ａ級チャレンジ準決勝,F2,,44,1,5,逃げ,山下　祐輔,千　葉,4,差し,本馬　鎌,福　島,2,,藤縄　洋介,兵　庫,5-4,840円,(5),20250226,3R,大垣,5-4-2,"2,680円",(9)
Ａ級チャレンジ準決勝,F2,,44,1,1,差し,梅澤　忠秀,三　重,4,マーク,坂元　洋行,三　重,7,,福田　健太,宮　城,1-4,160円,(1),20250226,4R,大垣,1-4-7,370円,(1)
Ａ級チャレンジ準決勝,F2,,44,1,7,捲り,高野　信元,愛　知,1,マーク,前田　拓也,大　阪,3,,伊藤　之人,東　京,7-1,160円,(1),20250226,5R,大垣,7-1-3,340円,(1)
Ｌ級ガールズ予選（第２走）,F2,,44,1,1,逃げ,當銘沙恵美,愛　知,3,差し,小泉　夢菜,埼　玉,2,,加藤　恵,青　森,1-3,930円,(4),20250226,6R,大垣,1-3-2,"5,260円",(14)
Ｌ級ガールズ予選（第２走）,F2,,44,1,3,捲り,豊田　美香,徳　島,4,逃げ,高橋美沙紀,愛　知,1,,西島　叶子,熊　本,3-4,800円,(3),20250226,7R,大垣,3-4-1,"1,230円",(5)
Ａ級特一般,F2,,44,1,4,差し,佐藤　清之,千　葉,6,マーク,石井　毅,神奈川,7,,有馬　雄二,奈　良,4-6,910円,(3),20250226,8R,大垣,4-6-7,"9,100円",(32)
Ａ級特一般,F2,,44,1,7,差し,奥谷　広巳,兵　庫,2,捲り,岸川　哲也,大　阪,5,,廣田　敦士,三　重,7-2,320円,(1),20250226,9R,大垣,7-2-5,"1,000円",(1)
Ａ級準決勝,F2,,44,1,2,差し,須藤　悟,千　葉,7,逃げ,中村弘之輔,北海道,3,,佐藤　政利,新　潟,2-7,450円,(1),20250226,10R,大垣,2-7-3,950円,(1)
Ａ級準決勝,F2,,44,1,5,逃げ,伊藤慶太郎,埼　玉,1,マーク,長井　妙樹,東　京,2,,南部　翔大,大　阪,5-1,270円,(1),20250226,11R,大垣,5-1-2,620円,(1)
Ａ級準決勝,F2,,44,1,4,差し,愛敬　博之,愛　知,3,マーク,尾崎　剛,埼　玉,6,,馬場　和広,埼　玉,4-3,"5,470円",(22),20250226,12R,大垣,4-3-6,"57,390円",(132)
Ａ級予選,F2,,74,5,2,逃げ,近藤　雄太,岡　山,1,マーク,高橋清太郎,岡　山,5,,小谷　文康,広　島,2-1,390円,(2),20250226,1R,高知,2-1-5,810円,(3)
Ａ級予選,F2,,74,5,3,差し,梶原　恵介,大　分,2,差し,舛井　幹雄,三　重,4,,前田　義和,鹿児島,3-2,"1,460円",(7),20250226,3R,高知,3-2-4,"2,940円",(9)
Ａ級予選,F2,,74,5,2,差し,竹元　健竜,福　岡,4,逃げ,伊東　佑晟,三　重,1,,徳丸　泰教,兵　庫,2-4,"2,170円",(7),20250226,4R,高知,2-4-1,"4,670円",(15)
Ａ級予選,F2,,74,5,3,差し,工藤　文彦,沖　縄,1,逃げ,石川　航大,宮　崎,6,,高山　雄丞,愛　媛,3-1,490円,(2),20250226,5R,高知,3-1-6,"5,510円",(13)
Ａ級予選,F2,,74,5,1,差し,都築　巧,高　知,3,差し,中川　貴史,三　重,2,,山崎　駿哉,岡　山,1-3,"1,830円",(4),20250226,6R,高知,1-3-2,"2,730円",(8)
Ａ級初日特選,F2,,74,5,4,差し,横内　裕人,愛　媛,5,捲り,森本桂太郎,愛　媛,6,,岡崎　景介,広　島,4-5,990円,(2),20250226,7R,高知,4-5-6,"5,030円",(15)
