﻿category,grade,kaisai_name,keirin_cd,meeting_icon,pos1_car_no,pos1_decision,pos1_name,pos1_region,pos2_car_no,pos2_decision,pos2_name,pos2_region,pos3_car_no,pos3_decision,pos3_name,pos3_region,quinella,quinella_payout,quinella_popularity,race_date,race_no,track,trifecta,trifecta_payout,trifecta_popularity
Ａ級予選,F1,,11,3,3,捲り,小林　史也,和歌山,7,マーク,坂上　忠克,石　川,5,,表　大暁,富　山,3-7,500円,(2),20240509,1R,函館,3-7-5,"1,130円",(2)
Ａ級予選,F1,,11,3,4,差し,古川　宗行,東　京,2,捲り,牧田　悠生,新　潟,5,,篠塚　光一,兵　庫,4-2,550円,(2),20240509,2R,函館,4-2-5,960円,(2)
Ａ級予選,F1,,11,3,7,差し,外崎　一成,北海道,1,逃げ,比佐　宝太,福　島,4,,小室　貴広,茨　城,7-1,250円,(1),20240509,3R,函館,7-1-4,430円,(1)
Ａ級予選,F1,,11,3,5,差し,原井　剣也,福　岡,3,マーク,高比良　豪,福　岡,7,,阪本　正和,長　崎,5-3,290円,(2),20240509,4R,函館,5-3-7,470円,(2)
Ａ級初日特選,F1,,11,3,2,捲り,照井　拓成,岩　手,5,逃げ,村上　竜馬,広　島,3,,今野　有樹,愛　媛,2-5,850円,(3),20240509,5R,函館,2-5-3,"1,840円",(4)
Ｓ級予選,F1,,11,3,4,捲り,伊藤慶太郎,埼　玉,5,差し,木村　幸希,広　島,1,,高橋　広大,埼　玉,4-5,"15,370円",(25),20240509,6R,函館,4-5-1,"51,080円",(105)
Ｓ級予選,F1,,11,3,1,差し,大塚　玲,神奈川,2,差し,山口　貴嗣,福　岡,7,,大木　雅也,静　岡,1-2,"2,200円",(8),20240509,7R,函館,1-2-7,"8,240円",(25)
Ｓ級予選,F1,,11,3,1,捲り,佐川　翔吾,大　阪,3,差し,上野　優太,熊　本,7,,磯島　康祐,青　森,1-3,790円,(3),20240509,8R,函館,1-3-7,"6,700円",(26)
Ｓ級予選,F1,,11,3,5,差し,安部　貴之,宮　城,2,逃げ,木村　佑来,宮　城,4,,長井　優斗,東　京,5-2,540円,(2),20240509,9R,函館,5-2-4,940円,(2)
Ｓ級予選,F1,,11,3,3,差し,今藤　康裕,岐　阜,1,捲り,佐々木堅次,福　島,5,,福元　啓太,大　阪,3-1,"2,270円",(7),20240509,10R,函館,3-1-5,"5,650円",(16)
Ｓ級予選,F1,,11,3,2,差し,芦澤　辰弘,茨　城,7,差し,山中　貴雄,高　知,4,,山本　紳貴,千　葉,2-7,"1,010円",(4),20240509,11R,函館,2-7-4,"4,230円",(10)
Ｓ級初日特選,F1,,11,3,2,差し,末木　浩二,山　梨,6,捲り,鈴木　輝大,東　京,3,,柴崎　淳,三　重,2-6,"1,750円",(5),20240509,12R,函館,2-6-3,"6,130円",(17)
Ａ級予選,F1,,44,1,1,差し,金澤　幸司,福　島,5,捲り,照井　力斗,岩　手,2,,大久保直也,徳　島,1-5,300円,(1),20240509,1R,大垣,1-5-2,"1,090円",(2)
Ａ級予選,F1,,44,1,3,差し,坂本　拓也,福　島,1,差し,合志　正臣,熊　本,7,,小竹　洋平,福　岡,3-1,"2,140円",(9),20240509,2R,大垣,3-1-7,"5,070円",(17)
Ａ級予選,F1,,44,1,3,捲り,河崎　正晴,熊　本,5,マーク,高木　竜司,熊　本,7,,加藤　大輔,大　分,3-5,250円,(1),20240509,3R,大垣,3-5-7,550円,(1)
Ａ級予選,F1,,44,1,4,差し,松岡晋乃介,岐　阜,1,逃げ,棚瀬　義大,岐　阜,6,,橋本　大祐,岐　阜,4-1,360円,(2),20240509,4R,大垣,4-1-6,950円,(4)
Ａ級初日特選,F1,,44,1,5,捲り,原　大智,宮　城,3,差し,竹田　和幸,岐　阜,7,,久樹　克門,徳　島,5-3,"1,980円",(9),20240509,5R,大垣,5-3-7,"7,450円",(32)
Ｓ級予選,F1,,44,1,3,差し,菅原　晃,大　分,7,逃げ,中釜　章成,大　阪,4,,保科　千春,宮　城,3-7,500円,(2),20240509,6R,大垣,3-7-4,"2,480円",(9)
Ｓ級予選,F1,,44,1,7,差し,岸澤　賢太,埼　玉,3,逃げ,大矢　崇弘,東　京,4,,川口　雄太,徳　島,7-3,"3,320円",(11),20240509,7R,大垣,7-3-4,"17,860円",(54)
Ｓ級予選,F1,,44,1,7,捲り,小嶋　敬二,石　川,6,マーク,大野　悟郎,大　分,4,,岩本　和也,石　川,7-6,"4,490円",(15),20240509,8R,大垣,7-6-4,"18,620円",(53)
Ｓ級予選,F1,,44,1,1,差し,須永　優太,福　島,3,差し,山形　一気,徳　島,2,,伊藤　裕貴,三　重,1-3,"3,740円",(16),20240509,9R,大垣,1-3-2,"14,620円",(49)
Ｓ級予選,F1,,44,1,4,逃げ,緒方　将樹,熊　本,7,捲り,仲野　結音,大　阪,5,,染谷　幸喜,千　葉,4-7,"2,100円",(8),20240509,10R,大垣,4-7-5,"21,920円",(51)
Ｓ級予選,F1,,44,1,2,捲り,新村　穣,神奈川,1,差し,脇本　勇希,福　井,4,,松永　将,茨　城,2-1,"1,920円",(6),20240509,11R,大垣,2-1-4,"24,840円",(86)
Ｓ級初日特選,F1,,44,1,7,捲り,山根　将太,岡　山,5,マーク,橋本　壮史,茨　城,1,,萩原　孝之,静　岡,7-5,"7,650円",(27),20240509,12R,大垣,7-5-1,"27,990円",(94)
Ａ級チャレンジ一般,F2,,54,5,1,捲り,鈴木　広人,神奈川,2,マーク,志村　正洋,神奈川,4,,藤本　龍也,長　野,1-2,260円,(1),20240509,1R,向日町,1-2-4,"1,090円",(2)
Ａ級チャレンジ一般,F2,,54,5,2,逃げ,等々力久就,長　野,1,マーク,佐野　恭太,静　岡,3,,小林　和彦,群　馬,2-1,920円,(4),20240509,2R,向日町,2-1-3,"1,640円",(3)
Ａ級特一般,F2,,54,5,2,差し,斯波　雅貴,静　岡,4,マーク,柳　充,青　森,6,,渡邊　颯太,静　岡,2-4,"1,050円",(5),20240509,3R,向日町,2-4-6,"2,470円",(3)
Ａ級特一般,F2,,54,5,5,逃げ,松本　一成,新　潟,3,マーク,矢内　良和,群　馬,2,,齋藤　輝彦,神奈川,5-3,"5,710円",(11),20240509,4R,向日町,5-3-2,"27,550円",(42)
Ａ級チャレンジ準決勝,F2,,54,5,2,捲り,平野　想真,愛　知,1,逃げ,望月　嘉人,静　岡,4,,浅沼　聖士,静　岡,2-1,620円,(3),20240509,5R,向日町,2-1-4,"1,030円",(3)
Ａ級チャレンジ準決勝,F2,,54,5,1,逃げ,内山　慧大,福　井,6,差し,山村　慮太,大　阪,3,,松本　琢也,兵　庫,1-6,"1,060円",(4),20240509,6R,向日町,1-6-3,"1,590円",(5)
Ａ級準決勝,F2,,54,5,3,逃げ,加藤　将武,埼　玉,1,マーク,田村　真広,群　馬,7,,川木　敬大,兵　庫,3-1,300円,(1),20240509,7R,向日町,3-1-7,"3,800円",(9)
Ａ級準決勝,F2,,54,5,3,差し,山崎　輝夫,埼　玉,1,捲り,藤田　周磨,埼　玉,5,,近藤　寛央,東　京,3-1,500円,(2),20240509,8R,向日町,3-1-5,"1,090円",(3)
Ａ級準決勝,F2,,54,5,1,逃げ,安藤　直希,京　都,3,マーク,西村　豊,三　重,2,,佐々木省司,青　森,1-3,220円,(1),20240509,9R,向日町,1-3-2,510円,(2)
Ａ級チャレンジ予選,F2,,71,8,4,差し,鈴木　孝征,埼　玉,1,逃げ,細沼　健治,埼　玉,5,,黒瀬　浩一,静　岡,4-1,300円,(1),20240509,1R,高松,4-1-5,730円,(2)
Ａ級チャレンジ予選,F2,,71,8,3,差し,小酒　大司,福　島,1,逃げ,古川　大輔,広　島,4,,眞鍋　伸也,香　川,3-1,"6,480円",(15),20240509,2R,高松,3-1-4,"12,130円",(34)
Ａ級チャレンジ予選,F2,,71,8,1,差し,小磯　知也,徳　島,5,逃げ,岡本　翔,愛　媛,4,,原　清孝,沖　縄,1-5,440円,(2),20240509,3R,高松,1-5-4,"2,560円",(9)
Ａ級チャレンジ予選,F2,,71,8,2,逃げ,鳥海　創,千　葉,7,マーク,永山　英司,神奈川,5,,茂木　和臣,埼　玉,2-7,190円,(1),20240509,4R,高松,2-7-5,330円,(1)
Ａ級チャレンジ予選,F2,,71,8,2,差し,阿部　弘,高　知,7,逃げ,宮道　良輔,徳　島,4,,沖　健一,高　知,2-7,270円,(2),20240509,5R,高松,2-7-4,550円,(2)
Ａ級予選,F2,,71,8,4,差し,三宅　旬,岡　山,3,捲り,都築　巧,高　知,6,,荒木　真慈,熊　本,4-3,"1,230円",(5),20240509,6R,高松,4-3-6,"35,680円",(80)
Ａ級予選,F2,,71,8,5,逃げ,蒋野　翔太,徳　島,7,差し,別所　英幸,福　岡,3,,山崎　敦雄,静　岡,5-7,"4,820円",(13),20240509,7R,高松,5-7-3,"35,100円",(63)
Ａ級予選,F2,,71,8,7,差し,飯尾　主税,静　岡,1,逃げ,栗田　万生,千　葉,5,,福田　要,宮　崎,7-1,370円,(1),20240509,8R,高松,7-1-5,"1,590円",(4)
Ａ級予選,F2,,71,8,1,差し,宮崎　康司,香　川,5,逃げ,和泉　尚吾,愛　媛,7,,宇佐見裕輝,福　島,1-5,170円,(1),20240509,9R,高松,1-5-7,940円,(3)
Ａ級予選,F2,,71,8,1,捲り,西田　優大,広　島,5,差し,船曳　義之,香　川,4,,太田黒大心,熊　本,1-5,"2,280円",(7),20240509,10R,高松,1-5-4,"16,010円",(30)
Ａ級予選,F2,,71,8,2,捲り,山崎　航,山　口,5,マーク,柳谷　崇,岡　山,4,,栗田　雄矢,静　岡,2-5,150円,(1),20240509,11R,高松,2-5-4,740円,(2)
Ａ級初日特選,F2,,71,8,1,差し,丸山　直樹,埼　玉,5,捲り,磯川　勝裕,東　京,6,,山田　幸司,神奈川,1-5,600円,(2),20240509,12R,高松,1-5-6,"1,580円",(2)
Ｌ級ガールズ予選（第２走）,F2,,75,5,4,差し,林　真奈美,福　岡,3,マーク,増田　夕華,岐　阜,1,,山口　真未,静　岡,4-3,"4,920円",(10),20240509,1R,松山,4-3-1,"9,480円",(26)
Ｌ級ガールズ予選（第２走）,F2,,75,5,1,差し,小林　優香,福　岡,2,差し,細田　愛未,埼　玉,3,,岩崎ゆみこ,茨　城,1-2,180円,(1),20240509,2R,松山,1-2-3,350円,(1)
Ａ級一般,F2,,75,5,1,逃げ,下野　義城,愛　媛,4,マーク,梶應　弘樹,愛　媛,6,,中村　秀幸,高　知,1-4,430円,(1),20240509,3R,松山,1-4-6,"10,530円",(31)
Ａ級一般,F2,,75,5,1,捲り,小川　祐司,愛　媛,2,マーク,川上　修平,高　知,6,,中野　功史,長　崎,1-2,160円,(1),20240509,4R,松山,1-2-6,"3,480円",(10)
Ａ級選抜,F2,,75,5,1,差し,三浦　稔希,愛　知,3,マーク,柳原　司,大　阪,4,,谷本　奨輝,富　山,1-3,760円,(3),20240509,5R,松山,1-3-4,970円,(3)
Ａ級選抜,F2,,75,5,1,捲り,上吹越俊一,鹿児島,2,差し,金田健一郎,大　阪,5,,鳥生　知八,愛　媛,1-2,790円,(3),20240509,6R,松山,1-2-5,"2,080円",(6)
Ａ級準決勝,F2,,75,5,2,差し,篠原　忍,愛　知,1,逃げ,北野　良栄,愛　知,4,,辰己　豊,奈　良,2-1,980円,(5),20240509,7R,松山,2-1-4,"1,780円",(5)
Ａ級準決勝,F2,,75,5,2,差し,本郷　雄三,熊　本,5,マーク,堀　兼壽,岐　阜,1,,橋本　宇宙,佐　賀,2-5,"1,720円",(3),20240509,8R,松山,2-5-1,"2,820円",(7)
Ａ級準決勝,F2,,75,5,1,逃げ,曽我　圭佑,熊　本,2,マーク,西田　大志,福　岡,6,,高橋　義秋,大　分,1-2,170円,(1),20240509,9R,松山,1-2-6,460円,(1)
