﻿category,grade,kaisai_name,keirin_cd,meeting_icon,pos1_car_no,pos1_decision,pos1_name,pos1_region,pos2_car_no,pos2_decision,pos2_name,pos2_region,pos3_car_no,pos3_decision,pos3_name,pos3_region,quinella,quinella_payout,quinella_popularity,race_date,race_no,track,trifecta,trifecta_payout,trifecta_popularity
Ｌ級ガールズ予選２Ａ,G1,,83,3,4,捲り,松井　優佳,大　阪,2,マーク,藤原　春陽,徳　島,3,,五味田奈穂,千　葉,4-2,260円,(1),20240427,1R,久留米,4-2-3,590円,(1)
Ｌ級ガールズ予選２Ａ,G1,,83,3,7,捲り,渡部　遥,愛　媛,5,捲り,松本　詩乃,東　京,3,,羽田野愛花,大　分,7-5,230円,(1),20240427,2R,久留米,7-5-3,"4,770円",(15)
Ｌ級ガールズ予選２Ｂ,G1,,83,3,5,捲り,永禮　美瑠,愛　知,4,差し,加藤　舞,沖　縄,6,,山口　優依,愛　知,5-4,"2,190円",(9),20240427,3R,久留米,5-4-6,"14,760円",(50)
Ｌ級ガールズ予選２Ｂ,G1,,83,3,5,捲り,永塚　祐子,神奈川,4,差し,佐伯　智恵,愛　媛,3,,高橋美沙紀,愛　知,5-4,"1,630円",(7),20240427,4R,久留米,5-4-3,"4,890円",(20)
Ｌ級ガールズ予選２Ｃ,G1,,83,3,7,差し,戸田　瑞姫,茨　城,1,逃げ,田中　まい,千　葉,4,,長澤　彩,福　岡,7-1,740円,(4),20240427,5R,久留米,7-1-4,"1,680円",(3)
Ｌ級ガールズ予選２Ｃ,G1,,83,3,6,逃げ,竹野　百香,三　重,4,マーク,中村由香里,東　京,7,,豊岡　英子,大　阪,6-4,230円,(1),20240427,6R,久留米,6-4-7,590円,(1)
Ｌ級ガールズ選抜,G1,,83,3,4,捲り,杉浦　菜留,愛　知,1,差し,板根　茜弥,東　京,2,,野本　怜菜,埼　玉,4-1,"8,210円",(21),20240427,7R,久留米,4-1-2,"26,970円",(70)
Ｌ級ガールズ選抜,G1,,83,3,1,捲り,奥井　迪,東　京,5,マーク,西島　叶子,熊　本,2,,那須　萌美,宮　崎,1-5,"3,870円",(13),20240427,8R,久留米,1-5-2,"12,740円",(41)
Ｌ級ガールズ選抜,G1,,83,3,1,捲り,山原さくら,高　知,2,差し,加瀬加奈子,新　潟,4,,岩崎ゆみこ,茨　城,1-2,"1,440円",(5),20240427,9R,久留米,1-2-4,"9,850円",(31)
Ｌ級ガールズ準決勝,G1,,83,3,1,差し,吉川　美穂,和歌山,5,マーク,小林　莉子,東　京,2,,久米　詩,静　岡,1-5,730円,(1),20240427,10R,久留米,1-5-2,"2,330円",(2)
Ｌ級ガールズ準決勝,G1,,83,3,5,捲り,尾崎　睦,神奈川,3,マーク,柳原　真緒,福　井,4,,當銘　直美,愛　知,5-3,"12,770円",(31),20240427,11R,久留米,5-3-4,"125,760円",(157)
Ｌ級ガールズ準決勝,G1,,83,3,1,捲り,児玉　碧衣,福　岡,5,マーク,野口諭実可,大　分,2,,尾方　真生,福　岡,1-5,910円,(4),20240427,12R,久留米,1-5-2,"4,070円",(18)
Ａ級一般,F1,,37,1,2,差し,田村　裕也,徳　島,4,逃げ,佐藤　謙,栃　木,3,,丸山　勝也,静　岡,2-4,580円,(2),20240427,1R,伊東,2-4-3,"3,540円",(12)
Ａ級一般,F1,,37,1,1,捲り,大島　将人,福　島,6,差し,細川　貴史,広　島,7,,平川　雅晃,長　野,1-6,"5,860円",(19),20240427,2R,伊東,1-6-7,"41,330円",(108)
Ａ級準決勝,F1,,37,1,4,捲り,坂田　康季,佐　賀,5,差し,坂本　拓也,福　島,7,,橋本　凌汰,岡　山,4-5,"2,610円",(9),20240427,3R,伊東,4-5-7,"12,970円",(39)
Ａ級準決勝,F1,,37,1,5,逃げ,山本　浩成,福　岡,7,捲り,中野光太郎,徳　島,2,,寺沼　将彦,東　京,5-7,950円,(4),20240427,4R,伊東,5-7-2,"3,420円",(13)
Ａ級準決勝,F1,,37,1,4,差し,長谷部　翔,静　岡,5,マーク,上田　学,愛　媛,2,,竹田　和幸,岐　阜,4-5,"4,590円",(14),20240427,5R,伊東,4-5-2,"23,450円",(52)
Ｓ級一般,F1,,37,1,1,差し,鷲田　幸司,福　井,5,逃げ,田中　大我,奈　良,4,,勝瀬　卓也,神奈川,1-5,270円,(1),20240427,6R,伊東,1-5-4,420円,(2)
Ｓ級一般,F1,,37,1,1,捲り,谷口　明正,三　重,3,逃げ,小林　稜武,千　葉,5,,岡田　泰地,栃　木,1-3,"4,470円",(20),20240427,7R,伊東,1-3-5,"15,910円",(66)
Ｓ級選抜,F1,,37,1,3,差し,山口　泰生,岐　阜,7,逃げ,神田　龍,三　重,5,,網谷　竜次,香　川,3-7,510円,(2),20240427,8R,伊東,3-7-5,"3,200円",(7)
Ｓ級選抜,F1,,37,1,4,差し,伊代野貴照,奈　良,5,マーク,志村　龍己,山　梨,3,,大石　崇晴,大　阪,4-5,660円,(3),20240427,9R,伊東,4-5-3,"1,160円",(3)
Ｓ級準決勝,F1,,37,1,4,差し,松岡　貴久,熊　本,7,差し,三宅　達也,岡　山,1,,坂本　周作,青　森,4-7,"1,600円",(5),20240427,10R,伊東,4-7-1,"11,430円",(45)
Ｓ級準決勝,F1,,37,1,1,逃げ,石原　颯,香　川,7,差し,芦澤　辰弘,茨　城,3,,阿部　大樹,埼　玉,1-7,"1,280円",(5),20240427,11R,伊東,1-7-3,"2,260円",(5)
Ｓ級準決勝,F1,,37,1,3,捲り,中井　俊亮,奈　良,1,差し,嶋津　拓弥,神奈川,5,,渡邉　雅也,静　岡,3-1,"1,270円",(6),20240427,12R,伊東,3-1-5,"2,980円",(11)
Ａ級予選,F1,,46,1,5,捲り,照井　力斗,岩　手,7,捲り,高橋綜一郎,大　分,3,,佐々木健司,青　森,5-7,"1,730円",(8),20240427,1R,富山,5-7-3,"7,420円",(36)
Ａ級予選,F1,,46,1,5,差し,中川　貴史,三　重,2,捲り,藤岡　徹也,兵　庫,1,,牧田　悠生,新　潟,5-2,"1,240円",(4),20240427,2R,富山,5-2-1,"3,910円",(9)
Ａ級予選,F1,,46,1,3,差し,近藤　誠二,香　川,5,差し,吉成　貴博,熊　本,1,,浅見　隼,福　岡,3-5,"7,960円",(18),20240427,3R,富山,3-5-1,"24,350円",(62)
Ａ級予選,F1,,46,1,7,差し,近谷　涼,富　山,3,逃げ,樋口　開土,東　京,1,,西　徹,石　川,7-3,"1,590円",(5),20240427,4R,富山,7-3-1,"5,260円",(16)
Ａ級初日特選,F1,,46,1,7,差し,柿沼　信也,埼　玉,4,捲り,原　大智,宮　城,6,,山田　裕哉,岐　阜,7-4,"1,230円",(3),20240427,5R,富山,7-4-6,"19,840円",(73)
Ｓ級予選,F1,,46,1,3,捲り,磯島　成介,青　森,1,差し,棚橋　勉,岡　山,7,,青森　伸也,福　島,3-1,"2,540円",(9),20240427,6R,富山,3-1-7,"6,540円",(22)
Ｓ級予選,F1,,46,1,5,捲り,伊藤　裕貴,三　重,2,差し,坂本　亮馬,福　岡,1,,八日市屋浩,石　川,5-2,"2,080円",(9),20240427,7R,富山,5-2-1,"7,510円",(26)
Ｓ級予選,F1,,46,1,5,逃げ,上田　尭弥,熊　本,3,マーク,菅原　晃,大　分,6,,高津　晃治,岡　山,5-3,"1,090円",(3),20240427,8R,富山,5-3-6,"8,230円",(33)
Ｓ級予選,F1,,46,1,6,捲り,河合　佑弥,東　京,2,マーク,真崎新太郎,栃　木,1,,大塚　玲,神奈川,6-2,"1,920円",(5),20240427,9R,富山,6-2-1,"8,860円",(26)
Ｓ級予選,F1,,46,1,3,差し,尾形　鉄馬,宮　城,1,捲り,脇本　勇希,福　井,5,,酒井　雄多,福　島,3-1,"4,100円",(14),20240427,10R,富山,3-1-5,"7,280円",(28)
Ｓ級予選,F1,,46,1,1,差し,長尾　拳太,岐　阜,4,逃げ,村田　祐樹,富　山,7,,山本　巨樹,大　阪,1-4,320円,(2),20240427,11R,富山,1-4-7,510円,(2)
Ｓ級初日特選,F1,,46,1,3,差し,山口　富生,岐　阜,5,捲り,石塚輪太郎,和歌山,4,,道場　晃規,静　岡,3-5,"1,270円",(4),20240427,12R,富山,3-5-4,"5,560円",(17)
Ａ級一般,F2,,12,5,1,差し,橋本　紀彰,茨　城,3,差し,鎌田　聡,宮　城,4,,望月裕一郎,静　岡,1-3,"1,110円",(5),20240427,1R,青森,1-3-4,"15,300円",(39)
Ａ級一般,F2,,12,5,1,差し,川上真二郎,新　潟,4,マーク,根本　雄紀,茨　城,5,,市川　健太,東　京,1-4,"1,650円",(8),20240427,2R,青森,1-4-5,"2,970円",(9)
Ａ級一般,F2,,12,5,2,差し,中釜　健次,大　阪,3,差し,法月　成祐,神奈川,5,,荻原　寿嗣,北海道,2-3,"2,380円",(8),20240427,3R,青森,2-3-5,"8,030円",(32)
Ａ級特選,F2,,12,5,1,差し,志水　祐彦,大　阪,3,差し,金野　俊秋,千　葉,4,,竹山　慶太,宮　城,1-3,"1,350円",(5),20240427,4R,青森,1-3-4,"9,410円",(30)
Ａ級特選,F2,,12,5,2,差し,富永　益生,愛　知,1,差し,伊藤　成紀,大　阪,5,,立花　昌也,青　森,2-1,"1,960円",(8),20240427,5R,青森,2-1-5,"4,160円",(13)
Ａ級特選,F2,,12,5,2,差し,菊谷　信一,大　阪,7,捲り,佐々木孝司,青　森,1,,宮下　一歩,長　野,2-7,"3,110円",(10),20240427,6R,青森,2-7-1,"14,860円",(49)
Ａ級決勝,F2,,12,5,2,差し,安部　達也,埼　玉,1,捲り,古屋　琢晶,山　梨,3,,矢野　昌彦,栃　木,2-1,"1,610円",(5),20240427,7R,青森,2-1-3,"5,040円",(13)
Ａ級チャレンジ一般,F2,,21,1,1,差し,小林　和彦,群　馬,6,マーク,板羽　俊一,埼　玉,5,,國井　裕樹,神奈川,1-6,"3,200円",(12),20240427,1R,弥彦,1-6-5,"22,100円",(71)
Ａ級チャレンジ一般,F2,,21,1,3,逃げ,戸塚　涼介,埼　玉,2,マーク,佐藤　正吾,宮　城,1,,石川　一浩,静　岡,3-2,410円,(2),20240427,2R,弥彦,3-2-1,"1,560円",(3)
Ａ級チャレンジ選抜,F2,,21,1,4,逃げ,門馬　琢麿,北海道,6,差し,永山　英司,神奈川,3,,山崎　功也,宮　城,4-6,"8,460円",(21),20240427,3R,弥彦,4-6-3,"50,830円",(105)
Ａ級チャレンジ選抜,F2,,21,1,6,差し,小酒　大司,福　島,2,マーク,吉田　英二,東　京,7,,田村　純一,福　島,6-2,"7,290円",(24),20240427,4R,弥彦,6-2-7,"15,100円",(69)
Ａ級一般,F2,,21,1,3,逃げ,小川　達也,静　岡,2,マーク,土屋　仁,茨　城,1,,深澤　伸介,静　岡,3-2,"1,130円",(4),20240427,5R,弥彦,3-2-1,"2,910円",(9)
Ａ級一般,F2,,21,1,1,差し,伊早坂駿一,茨　城,2,差し,田原　大広,北海道,5,,宮内　善光,群　馬,1-2,"1,240円",(6),20240427,6R,弥彦,1-2-5,"2,770円",(11)
Ａ級一般,F2,,21,1,4,差し,松澤　敬輔,北海道,1,差し,山本　恵介,福　島,3,,小室　貴広,茨　城,4-1,720円,(3),20240427,7R,弥彦,4-1-3,"1,070円",(4)
Ａ級特選,F2,,21,1,3,捲り,本多　哲也,千　葉,4,マーク,三ッ井　武,神奈川,2,,須藤　直道,群　馬,3-4,360円,(1),20240427,8R,弥彦,3-4-2,580円,(1)
Ａ級特選,F2,,21,1,3,逃げ,小原　唯志,茨　城,2,差し,新井僚太郎,山　梨,5,,須賀　和彦,茨　城,3-2,"2,780円",(9),20240427,9R,弥彦,3-2-5,"4,280円",(15)
Ａ級特選,F2,,21,1,5,差し,吉田　裕全,埼　玉,6,マーク,秋葉　大輔,東　京,4,,小佐野文秀,山　梨,5-6,850円,(2),20240427,10R,弥彦,5-6-4,"9,770円",(31)
Ａ級チャレンジ決勝,F2,,21,1,1,差し,治田　知也,新　潟,5,捲り,内田　淳,千　葉,2,,渡邊　一洋,静　岡,1-5,"1,540円",(4),20240427,11R,弥彦,1-5-2,"10,230円",(19)
Ａ級決勝,F2,,21,1,1,差し,片折　亮太,埼　玉,7,マーク,桑名　僚也,埼　玉,5,,能代谷　元,神奈川,1-7,190円,(1),20240427,12R,弥彦,1-7-5,450円,(1)
Ａ級一般,F2,,24,5,2,差し,山口　茂,福　島,6,逃げ,佐藤　啓斗,青　森,7,,佐藤　学,栃　木,2-6,610円,(1),20240427,1R,宇都宮,2-6-7,"2,590円",(3)
Ａ級一般,F2,,24,5,5,差し,伊藤　一貴,栃　木,7,差し,飯田　威文,埼　玉,4,,高山　雄丞,愛　媛,5-7,"12,810円",(35),20240427,2R,宇都宮,5-7-4,"159,820円",(201)
Ａ級一般,F2,,24,5,4,捲り,山川　奨太,熊　本,1,マーク,川野　正芳,大　分,3,,手島　志誠,群　馬,4-1,620円,(2),20240427,3R,宇都宮,4-1-3,"10,120円",(36)
Ａ級特選,F2,,24,5,1,差し,浦川　尊明,茨　城,3,逃げ,馬場　和広,埼　玉,6,,安東　英博,大　分,1-3,500円,(1),20240427,4R,宇都宮,1-3-6,"8,410円",(28)
Ａ級特選,F2,,24,5,3,逃げ,緒方慎太朗,熊　本,4,マーク,飯田　裕次,福　岡,5,,國廣　哲治,埼　玉,3-4,990円,(4),20240427,5R,宇都宮,3-4-5,"5,410円",(19)
Ａ級特選,F2,,24,5,3,差し,吉川　嘉斗,徳　島,1,捲り,松本秀之慎,熊　本,4,,柳谷　崇,岡　山,3-1,600円,(2),20240427,6R,宇都宮,3-1-4,"1,020円",(3)
Ａ級決勝,F2,,24,5,4,差し,磯川　勝裕,東　京,2,捲り,浮島　知稀,群　馬,3,,高塩　讓次,栃　木,4-2,290円,(1),20240427,7R,宇都宮,4-2-3,580円,(1)
Ａ級チャレンジ予選,F2,,25,1,1,差し,市川　博章,静　岡,3,逃げ,山口　直樹,神奈川,7,,石田　宏樹,青　森,1-3,"1,240円",(5),20240427,1R,大宮,1-3-7,"4,390円",(12)
Ａ級チャレンジ予選,F2,,25,1,2,捲り,増成　富夫,岡　山,4,逃げ,野上　竜太,岡　山,1,,石田　岳彦,岩　手,2-4,120円,(1),20240427,2R,大宮,2-4-1,220円,(1)
Ａ級チャレンジ予選,F2,,25,1,1,逃げ,依田　翔大,山　梨,5,マーク,鈴木　孝征,埼　玉,7,,本馬　鎌,福　島,1-5,170円,(1),20240427,3R,大宮,1-5-7,"1,530円",(5)
Ａ級チャレンジ予選,F2,,25,1,3,差し,神尾　敬冬,静　岡,1,捲り,中尾　翔,岡　山,5,,志村　正洋,神奈川,3-1,480円,(2),20240427,4R,大宮,3-1-5,"1,990円",(6)
Ａ級チャレンジ予選,F2,,25,1,1,捲り,伊藤　翼,神奈川,5,逃げ,佐藤　壮志,熊　本,2,,駒井　大輔,東　京,1-5,"1,350円",(4),20240427,5R,大宮,1-5-2,"7,370円",(18)
Ａ級予選,F2,,25,1,4,差し,松尾　玄太,佐　賀,2,捲り,房州　輝也,福　島,5,,一ノ瀬　匠,佐　賀,4-2,"1,750円",(6),20240427,6R,大宮,4-2-5,"4,970円",(19)
Ａ級予選,F2,,25,1,1,捲り,中川　拓也,群　馬,7,差し,山崎　翼,大　分,5,,近藤　範昌,岡　山,1-7,"2,120円",(10),20240427,7R,大宮,1-7-5,"6,350円",(21)
Ａ級予選,F2,,25,1,1,逃げ,川田　忍,神奈川,5,マーク,中曽　直彦,千　葉,4,,谷口　幸司,高　知,1-5,"1,070円",(4),20240427,8R,大宮,1-5-4,"2,130円",(5)
Ａ級予選,F2,,25,1,7,差し,野本　翔太,高　知,2,捲り,井上　公利,宮　城,1,,増田　鉄男,徳　島,7-2,"1,760円",(8),20240427,9R,大宮,7-2-1,"10,470円",(40)
Ａ級予選,F2,,25,1,7,差し,藤田　剣次,福　岡,4,逃げ,勝部　貴博,福　岡,3,,園田　鉄兵,熊　本,7-4,190円,(1),20240427,10R,大宮,7-4-3,230円,(1)
Ａ級予選,F2,,25,1,4,逃げ,中山　拓人,埼　玉,1,マーク,小田倉勇二,埼　玉,3,,奥山　雅士,静　岡,4-1,210円,(2),20240427,11R,大宮,4-1-3,"3,050円",(9)
Ａ級初日特選,F2,,25,1,1,差し,落合　達彦,静　岡,7,差し,本郷　雄三,熊　本,5,,室井蓮太朗,徳　島,1-7,"5,050円",(18),20240427,12R,大宮,1-7-5,"18,670円",(64)
Ａ級予選,F2,,36,8,2,差し,一ノ瀬貴将,大　阪,4,捲り,大利　航平,和歌山,1,,鈴木　良太,静　岡,2-4,360円,(1),20240427,1R,小田原,2-4-1,590円,(1)
Ａ級予選,F2,,36,8,1,差し,岩崎　将士,青　森,7,逃げ,山田　祐太,福　島,2,,湯浅　大輔,千　葉,1-7,430円,(1),20240427,2R,小田原,1-7-2,"8,010円",(27)
Ａ級予選,F2,,36,8,2,差し,大橋　徹,栃　木,4,差し,吉田　元輝,茨　城,5,,井上　嵩,愛　知,2-4,"1,600円",(4),20240427,3R,小田原,2-4-5,"5,590円",(15)
Ａ級予選,F2,,36,8,2,捲り,相笠　翔太,福　島,7,逃げ,山崎　晃,石　川,5,,大崎　和也,青　森,2-7,"1,310円",(6),20240427,4R,小田原,2-7-5,"3,460円",(11)
Ａ級予選,F2,,36,8,1,差し,栗本　武典,千　葉,4,差し,柴田　祐也,岐　阜,2,,勝谷　勝治,三　重,1-4,900円,(3),20240427,5R,小田原,1-4-2,"2,300円",(7)
Ａ級予選,F2,,36,8,4,差し,渡辺　航平,東　京,1,捲り,長谷川飛向,東　京,5,,石井　毅,神奈川,4-1,210円,(2),20240427,6R,小田原,4-1-5,280円,(2)
Ａ級初日特選,F2,,36,8,3,逃げ,溝口　葵,三　重,5,マーク,伊藤　世哉,三　重,4,,田村　真広,群　馬,3-5,990円,(3),20240427,7R,小田原,3-5-4,"7,670円",(22)
Ａ級チャレンジ一般,F2,,71,8,2,捲り,須永　勝太,福　島,7,マーク,松本　昌士,福　島,1,,田山　誠,長　崎,2-7,430円,(1),20240427,1R,高松,2-7-1,"1,990円",(4)
Ａ級チャレンジ一般,F2,,71,8,5,差し,沖　健一,高　知,1,差し,古寺　伸洋,埼　玉,4,,長岡　豪,群　馬,5-1,"35,000円",(42),20240427,2R,高松,5-1-4,"116,100円",(186)
Ａ級チャレンジ選抜,F2,,71,8,3,差し,天沼　雅貴,埼　玉,1,差し,岩見　潤,三　重,5,,藤野　竜也,栃　木,3-1,"2,110円",(10),20240427,3R,高松,3-1-5,"5,800円",(17)
Ａ級チャレンジ選抜,F2,,71,8,4,逃げ,森　佑樹,岡　山,1,マーク,近藤　直幹,徳　島,7,,尾崎　勝弘,徳　島,4-1,260円,(1),20240427,4R,高松,4-1-7,380円,(1)
Ａ級チャレンジ準決勝,F2,,71,8,2,逃げ,田中　会心,熊　本,1,差し,小出　慎也,和歌山,7,,横瀬　聡,福　岡,2-1,390円,(2),20240427,5R,高松,2-1-7,"1,410円",(5)
Ａ級チャレンジ準決勝,F2,,71,8,1,逃げ,岡崎　陸登,愛　媛,3,マーク,山元　大夢,石　川,7,,大林　亮介,香　川,1-3,510円,(2),20240427,6R,高松,1-3-7,"1,700円",(4)
Ａ級チャレンジ準決勝,F2,,71,8,3,逃げ,内山　慧大,福　井,1,逃げ,鈴木　康平,静　岡,5,,望月　紀男,静　岡,3-1,"1,190円",(4),20240427,7R,高松,3-1-5,"1,710円",(6)
Ａ級一般,F2,,81,5,2,捲り,魚屋　周成,大　分,3,マーク,長野　和弘,福　岡,1,,小川　巧,岡　山,2-3,420円,(2),20240427,1R,小倉,2-3-1,"1,190円",(4)
Ａ級一般,F2,,81,5,1,差し,徳吉　広紀,福　岡,6,捲り,池田伍功羽,熊　本,3,,滝山　実,徳　島,1-6,350円,(1),20240427,2R,小倉,1-6-3,"2,240円",(5)
Ａ級一般,F2,,81,5,1,捲り,中山遼太郎,熊　本,2,マーク,山崎　岳志,佐　賀,5,,米嶋　賢二,長　崎,1-2,200円,(1),20240427,3R,小倉,1-2-5,390円,(1)
Ａ級特選,F2,,81,5,2,捲り,才迫　勇馬,広　島,5,マーク,榊原　洋,岡　山,6,,米澤　大輔,徳　島,2-5,580円,(2),20240427,4R,小倉,2-5-6,"1,680円",(3)
Ａ級特選,F2,,81,5,5,捲り,藤井　準也,岐　阜,2,差し,川又　裕樹,鹿児島,7,,松田　直也,大　分,5-2,"9,270円",(19),20240427,5R,小倉,5-2-7,"93,860円",(120)
Ａ級特選,F2,,81,5,1,差し,冨尾　享平,沖　縄,2,マーク,内山　拓,福　岡,5,,井寺　亮太,長　崎,1-2,680円,(2),20240427,6R,小倉,1-2-5,"1,800円",(2)
Ａ級決勝,F2,,81,5,2,差し,守谷　陽介,岡　山,7,逃げ,保田　浩輔,岡　山,6,,野崎　将史,岡　山,2-7,950円,(3),20240427,7R,小倉,2-7-6,"2,210円",(3)
