﻿category,grade,kaisai_name,keirin_cd,meeting_icon,pos1_car_no,pos1_decision,pos1_name,pos1_region,pos2_car_no,pos2_decision,pos2_name,pos2_region,pos3_car_no,pos3_decision,pos3_name,pos3_region,quinella,quinella_payout,quinella_popularity,race_date,race_no,track,trifecta,trifecta_payout,trifecta_popularity
Ａ級一般,F1,,45,1,3,差し,緒方慎太朗,熊　本,4,差し,石黒　健,広　島,2,,坂田　学,兵　庫,3-4,"3,380円",(11),20240702,1R,豊橋,3-4-2,"38,980円",(111)
Ａ級一般,F1,,45,1,5,逃げ,岩城　佑典,愛　知,1,マーク,山崎　光展,京　都,2,,山原　利秀,高　知,5-1,280円,(1),20240702,2R,豊橋,5-1-2,620円,(2)
Ａ級準決勝,F1,,45,1,1,捲り,長松　空吾,大　分,3,差し,加藤　圭一,神奈川,4,,磯島　康祐,青　森,1-3,"3,760円",(11),20240702,3R,豊橋,1-3-4,"6,320円",(20)
Ａ級準決勝,F1,,45,1,6,捲り,荒川　達郎,埼　玉,3,マーク,宗崎　世連,高　知,5,,立花　昌也,青　森,6-3,"1,460円",(7),20240702,4R,豊橋,6-3-5,"4,950円",(14)
Ａ級準決勝,F1,,45,1,1,逃げ,棚瀬　義大,岐　阜,4,マーク,金子　貴志,愛　知,3,,樫山　恭柄,福　岡,1-4,300円,(1),20240702,5R,豊橋,1-4-3,"1,930円",(5)
Ｌ級ガールズ予選（第２走）,F1,,45,1,4,逃げ,仲澤　春香,福　井,5,捲り,日野　未来,奈　良,6,,高橋　朋恵,東　京,4-5,200円,(1),20240702,6R,豊橋,4-5-6,930円,(5)
Ｌ級ガールズ予選（第２走）,F1,,45,1,3,捲り,坂口　楓華,愛　知,6,捲り,熊谷　芽緯,岩　手,2,,小坂　知子,岐　阜,3-6,380円,(3),20240702,7R,豊橋,3-6-2,950円,(6)
Ｓ級一般,F1,,45,1,5,差し,真船圭一郎,福　島,3,差し,山中　貴雄,高　知,2,,保科　千春,宮　城,5-3,"5,240円",(17),20240702,8R,豊橋,5-3-2,"15,020円",(56)
Ｓ級一般,F1,,45,1,4,捲り,新村　穣,神奈川,5,マーク,相川　永伍,埼　玉,3,,矢島　一弥,群　馬,4-5,290円,(1),20240702,9R,豊橋,4-5-3,"1,120円",(2)
Ｓ級準決勝,F1,,45,1,1,差し,岡本　総,愛　知,7,捲り,藤井　侑吾,愛　知,4,,坂上　樹大,石　川,1-7,290円,(2),20240702,10R,豊橋,1-7-4,560円,(2)
Ｓ級準決勝,F1,,45,1,7,捲り,松井　宏佑,神奈川,3,マーク,恩田　淳平,群　馬,1,,金ヶ江勇気,佐　賀,7-3,180円,(1),20240702,11R,豊橋,7-3-1,730円,(2)
Ｓ級準決勝,F1,,45,1,1,逃げ,森田　優弥,埼　玉,6,差し,篠田　幸希,群　馬,3,,渡邉　一成,福　島,1-6,430円,(2),20240702,12R,豊橋,1-6-3,"1,290円",(3)
Ａ級一般,F1,,53,3,1,捲り,村瀬　大和,岐　阜,5,逃げ,平川　雅晃,長　野,2,,坂本　昌宏,青　森,1-5,"1,100円",(5),20240702,1R,奈良,1-5-2,"5,240円",(17)
Ａ級一般,F1,,53,3,4,逃げ,大谷　靖茂,愛　知,2,マーク,田中　秀治,岐　阜,1,,藤田　竜矢,埼　玉,4-2,180円,(1),20240702,2R,奈良,4-2-1,"1,080円",(3)
Ａ級特選,F1,,53,3,4,逃げ,中川　繁樹,京　都,1,マーク,有馬　雄二,奈　良,3,,伊藤　温希,岐　阜,4-1,460円,(1),20240702,3R,奈良,4-1-3,"3,360円",(10)
Ａ級特選,F1,,53,3,7,差し,伊藤　勝太,愛　知,5,マーク,松尾　淳,岐　阜,6,,及川　裕奨,岩　手,7-5,"2,190円",(4),20240702,4R,奈良,7-5-6,"40,810円",(74)
Ｌ級ガールズ一般,F1,,53,3,5,捲り,松本　詩乃,東　京,3,逃げ,東　美月,兵　庫,7,,大谷　杏奈,大　阪,5-3,430円,(2),20240702,5R,奈良,5-3-7,"2,160円",(6)
Ｓ級一般,F1,,53,3,3,捲り,田中　大我,奈　良,1,マーク,志水　祐彦,大　阪,6,,近藤　夏樹,千　葉,3-1,"1,290円",(3),20240702,6R,奈良,3-1-6,"4,650円",(15)
Ｓ級一般,F1,,53,3,3,差し,岡　光良,埼　玉,4,捲り,竹内　雄作,岐　阜,5,,木村　弘,青　森,3-4,"1,660円",(6),20240702,7R,奈良,3-4-5,"3,840円",(18)
Ｓ級特選,F1,,53,3,4,差し,岡村　潤,静　岡,2,逃げ,武田　亮,東　京,5,,竹山　陵太,宮　城,4-2,330円,(1),20240702,8R,奈良,4-2-5,490円,(1)
Ｓ級特選,F1,,53,3,3,捲り,池野　健太,兵　庫,7,マーク,椎木尾拓哉,和歌山,1,,須永　優太,福　島,3-7,330円,(2),20240702,9R,奈良,3-7-1,"1,020円",(4)
Ｌ級ガールズ決勝,F1,,53,3,2,逃げ,久米　詩,静　岡,4,マーク,永禮　美瑠,愛　知,6,,梶田　舞,埼　玉,2-4,"1,450円",(7),20240702,10R,奈良,2-4-6,"14,680円",(44)
Ａ級決勝,F1,,53,3,5,差し,佐藤　悦夫,栃　木,4,差し,加藤　寛治,愛　知,6,,増田　利明,静　岡,5-4,"14,840円",(40),20240702,11R,奈良,5-4-6,"64,090円",(182)
Ｓ級決勝,F1,,53,3,3,捲り,山岸　佳太,茨　城,2,マーク,浅井　康太,三　重,7,,志智　俊夫,岐　阜,3-2,880円,(3),20240702,12R,奈良,3-2-7,"4,040円",(14)
Ａ級一般,F1,,71,1,2,差し,鳥越　靖弘,愛　知,1,逃げ,田代　匠,福　岡,5,,関根　彰人,沖　縄,2-1,"1,720円",(7),20240702,1R,高松,2-1-5,"4,480円",(16)
Ａ級一般,F1,,71,1,7,逃げ,鮫島　康治,大　阪,1,マーク,佐野　洋継,京　都,4,,山田　哲也,愛　知,7-1,460円,(2),20240702,2R,高松,7-1-4,950円,(2)
Ａ級特選,F1,,71,1,1,捲り,谷田　泰平,岐　阜,3,差し,内藤　敦,岡　山,5,,木本　賢二,大　阪,1-3,"9,100円",(17),20240702,3R,高松,1-3-5,"38,460円",(58)
Ａ級特選,F1,,71,1,3,捲り,宮崎　康司,香　川,1,マーク,立花　成泰,岡　山,4,,坂本　晃輝,佐　賀,3-1,430円,(2),20240702,4R,高松,3-1-4,"1,380円",(4)
Ｌ級ガールズ一般,F1,,71,1,7,逃げ,黒河内由実,長　野,4,捲り,布居　光,和歌山,3,,田野口佳奈,香　川,7-4,600円,(3),20240702,5R,高松,7-4-3,"2,160円",(6)
Ｓ級一般,F1,,71,1,4,差し,大西　祐,愛　媛,7,マーク,梅崎　隆介,長　崎,3,,藤原俊太郎,岡　山,4-7,"3,240円",(13),20240702,6R,高松,4-7-3,"12,940円",(46)
Ｓ級一般,F1,,71,1,1,捲り,中野　雄喜,京　都,4,マーク,松崎　貴久,富　山,5,,岩本　和也,石　川,1-4,"1,580円",(4),20240702,7R,高松,1-4-5,"2,370円",(7)
Ｓ級特選,F1,,71,1,7,差し,山下　一輝,山　口,4,逃げ,上杉　嘉槻,福　井,2,,棚橋　勉,岡　山,7-4,"1,130円",(3),20240702,8R,高松,7-4-2,"2,020円",(5)
Ｓ級特選,F1,,71,1,3,逃げ,久田　裕也,徳　島,1,マーク,久保田泰弘,山　口,7,,木村　隆弘,徳　島,3-1,"1,200円",(3),20240702,9R,高松,3-1-7,"4,690円",(12)
Ａ級決勝,F1,,71,1,2,差し,篠原　龍馬,高　知,1,捲り,河崎　正晴,熊　本,5,,今野　有樹,愛　媛,2-1,"3,570円",(16),20240702,10R,高松,2-1-5,"8,120円",(32)
Ｌ級ガールズ決勝,F1,,71,1,1,差し,當銘　直美,愛　知,4,マーク,増田　夕華,岐　阜,3,,鈴木　美教,静　岡,1-4,680円,(3),20240702,11R,高松,1-4-3,"1,560円",(4)
Ｓ級決勝,F1,,71,1,6,捲り,石原　颯,香　川,5,マーク,香川　雄介,香　川,4,,野田　源一,福　岡,6-5,660円,(2),20240702,12R,高松,6-5-4,"4,180円",(10)
Ａ級チャレンジ一般,F2,,21,5,1,捲り,土居　佑次,高　知,5,マーク,赤松　誠一,高　知,2,,樋口　奨平,富　山,1-5,280円,(1),20240702,1R,弥彦,1-5-2,750円,(1)
Ａ級チャレンジ一般,F2,,21,5,4,捲り,加賀美智史,山　梨,6,マーク,吉橋　秀城,埼　玉,3,,岡田　哲夫,福　島,4-6,310円,(1),20240702,2R,弥彦,4-6-3,920円,(1)
Ａ級チャレンジ選抜,F2,,21,5,2,差し,永田　隼一,福　岡,1,マーク,山口　茂,福　島,4,,高尾　剛文,福　岡,2-1,420円,(3),20240702,3R,弥彦,2-1-4,"1,410円",(5)
Ａ級チャレンジ選抜,F2,,21,5,5,捲り,上原　直樹,岡　山,3,差し,山村　慮太,大　阪,2,,村本　慎吾,静　岡,5-3,"8,570円",(25),20240702,4R,弥彦,5-3-2,"30,660円",(92)
Ａ級チャレンジ準決勝,F2,,21,5,1,差し,櫻川　雅彦,千　葉,3,差し,伊藤　大理,長　野,4,,大澤　裕之,埼　玉,1-3,"3,580円",(11),20240702,5R,弥彦,1-3-4,"19,500円",(51)
Ａ級チャレンジ準決勝,F2,,21,5,5,捲り,楠本　政明,福　岡,2,マーク,吉田　彰久,香　川,1,,神山　尚,栃　木,5-2,"3,490円",(7),20240702,6R,弥彦,5-2-1,"6,800円",(14)
Ａ級チャレンジ準決勝,F2,,21,5,4,捲り,小堀　敢太,北海道,1,逃げ,横田　政直,群　馬,6,,早坂　道義,栃　木,4-1,450円,(2),20240702,7R,弥彦,4-1-6,"7,550円",(23)
Ａ級一般,F2,,37,5,1,差し,外崎　一成,北海道,7,捲り,石田　宏樹,青　森,2,,白石　大輔,福　島,1-7,"9,450円",(17),20240702,1R,伊東,1-7-2,"12,340円",(36)
Ａ級一般,F2,,37,5,2,差し,佐藤　清之,千　葉,3,逃げ,坂木田雄介,千　葉,7,,鶴岡　與之,千　葉,2-3,230円,(1),20240702,2R,伊東,2-3-7,610円,(1)
Ａ級選抜,F2,,37,5,2,差し,大島　将人,福　島,1,捲り,宇佐見優介,福　島,3,,一ノ瀬貴将,大　阪,2-1,"1,260円",(4),20240702,3R,伊東,2-1-3,"2,950円",(7)
Ａ級選抜,F2,,37,5,5,捲り,齋藤　宗徳,千　葉,1,差し,小林　卓人,大　阪,4,,荻野　哲,神奈川,5-1,"2,850円",(12),20240702,4R,伊東,5-1-4,"7,890円",(28)
Ａ級準決勝,F2,,37,5,2,差し,成清　貴之,千　葉,5,逃げ,深瀬　泰我,静　岡,6,,泉谷　直哉,兵　庫,2-5,"1,880円",(10),20240702,5R,伊東,2-5-6,"9,860円",(40)
Ａ級準決勝,F2,,37,5,1,差し,伊藤　正樹,愛　知,4,捲り,吉川　起也,富　山,3,,金澤　竜二,福　島,1-4,680円,(3),20240702,6R,伊東,1-4-3,"3,750円",(12)
Ａ級準決勝,F2,,37,5,2,捲り,花田　将司,千　葉,1,マーク,川口　直人,神奈川,7,,田原　大広,北海道,2-1,870円,(4),20240702,7R,伊東,2-1-7,"8,190円",(31)
Ａ級一般,F2,,51,8,1,差し,表　大暁,富　山,6,マーク,吉野　猛,愛　知,3,,大森　光明,北海道,1-6,"7,860円",(20),20240702,1R,福井,1-6-3,"38,970円",(80)
Ａ級一般,F2,,51,8,7,差し,小松　剛之,宮　城,3,差し,阿部　英光,宮　城,4,,吉川　悟,大　阪,7-3,540円,(2),20240702,2R,福井,7-3-4,"9,790円",(23)
Ａ級一般,F2,,51,8,3,逃げ,吉松　賢二,群　馬,7,マーク,女屋　文伸,埼　玉,5,,窪田　陽介,滋　賀,3-7,"3,140円",(10),20240702,3R,福井,3-7-5,"8,770円",(29)
Ａ級特選,F2,,51,8,2,逃げ,小田倉勇二,埼　玉,4,マーク,秋葉　大輔,東　京,1,,江本　博明,千　葉,2-4,260円,(1),20240702,4R,福井,2-4-1,"1,030円",(2)
Ａ級特選,F2,,51,8,2,差し,中澤　央治,大　阪,3,逃げ,中村　泰輔,和歌山,7,,柳原　司,大　阪,2-3,"2,210円",(8),20240702,5R,福井,2-3-7,"4,760円",(12)
Ａ級特選,F2,,51,8,1,差し,竹内　一暢,滋　賀,4,逃げ,鈴木　涼介,福　島,5,,山出　裕幸,福　井,1-4,260円,(1),20240702,6R,福井,1-4-5,280円,(1)
Ａ級決勝,F2,,51,8,7,逃げ,菊池　翔,福　島,2,マーク,小橋　明紀,青　森,1,,篠原　忍,愛　知,7-2,"4,270円",(11),20240702,7R,福井,7-2-1,"57,160円",(102)
Ａ級チャレンジ一般,F2,,81,5,1,捲り,ラモスレオ,沖　縄,4,マーク,飯塚　直人,佐　賀,2,,瀧川　幸広,愛　知,1-4,950円,(3),20240702,1R,小倉,1-4-2,"2,830円",(6)
Ａ級チャレンジ一般,F2,,81,5,6,差し,本馬　鎌,福　島,5,差し,陶器　一馬,大　阪,2,,野上　竜太,岡　山,6-5,"18,210円",(28),20240702,2R,小倉,6-5-2,"32,990円",(60)
Ａ級チャレンジ選抜,F2,,81,5,1,差し,平山　優太,福　島,4,マーク,石川　一浩,静　岡,2,,松尾　大樹,長　崎,1-4,330円,(1),20240702,3R,小倉,1-4-2,"1,560円",(4)
Ａ級チャレンジ選抜,F2,,81,5,7,逃げ,原田　峻治,山　口,1,マーク,内村　竜也,山　口,2,,小塚　潤,愛　知,7-1,300円,(1),20240702,4R,小倉,7-1-2,550円,(1)
Ａ級チャレンジ準決勝,F2,,81,5,4,逃げ,船山　真生,愛　媛,5,捲り,神尾　敬冬,静　岡,3,,松本　充生,愛　媛,4-5,360円,(2),20240702,5R,小倉,4-5-3,960円,(3)
Ａ級チャレンジ準決勝,F2,,81,5,1,差し,高田　真幸,福　岡,6,逃げ,松本　昂大,長　崎,4,,三浦　大輝,宮　城,1-6,280円,(1),20240702,6R,小倉,1-6-4,"2,010円",(5)
Ａ級チャレンジ準決勝,F2,,81,5,2,逃げ,阿部　英斗,福　岡,1,マーク,照屋　将貴,沖　縄,5,,隅田　幸助,広　島,2-1,240円,(2),20240702,7R,小倉,2-1-5,"2,400円",(8)
Ａ級一般,F2,,86,8,5,捲り,城戸崎隆史,福　岡,4,差し,野本　翔太,高　知,1,,杉山　剛,福　岡,5-4,"7,440円",(22),20240702,1R,別府,5-4-1,"32,340円",(79)
Ａ級一般,F2,,86,8,6,逃げ,望月　嘉人,静　岡,3,マーク,安坂　洋一,神奈川,2,,中野　真吾,佐　賀,6-3,"2,450円",(11),20240702,2R,別府,6-3-2,"7,520円",(33)
Ａ級選抜,F2,,86,8,5,逃げ,池部　壮太,大　分,2,マーク,榊原　洋,岡　山,4,,山本　貴章,岡　山,5-2,480円,(2),20240702,3R,別府,5-2-4,980円,(2)
Ａ級選抜,F2,,86,8,3,差し,國武　耕二,佐　賀,7,逃げ,高橋綜一郎,大　分,2,,太田黒大心,熊　本,3-7,610円,(2),20240702,4R,別府,3-7-2,900円,(2)
Ａ級準決勝,F2,,86,8,1,差し,都築　巧,高　知,2,マーク,鈴木　良太,静　岡,5,,勝部　貴博,福　岡,1-2,"7,370円",(27),20240702,5R,別府,1-2-5,"30,100円",(114)
Ａ級準決勝,F2,,86,8,2,捲り,松本秀之慎,熊　本,4,差し,蒋野　翔太,徳　島,5,,加倉　正義,福　岡,2-4,730円,(3),20240702,6R,別府,2-4-5,"2,180円",(6)
Ａ級準決勝,F2,,86,8,1,差し,前田　義和,鹿児島,3,逃げ,小原丈一郎,青　森,4,,一ノ瀬　匠,佐　賀,1-3,"1,250円",(3),20240702,7R,別府,1-3-4,"4,090円",(14)
