﻿race_encp,race_date,track,race_no,grade,syumoku,syoriKbn,syusouInfoExistFlg,yudoSensyuName,raceResult1Syaban,raceResult2Syaban,backCnt1Syaban,backCnt2Syaban,lastUpdateTime
gIRMXgAGv6muOiBOKbDFD1EEjRnj3ImoWKkWys5iaUmGCKrodMQoQUHu__AkUbko,20240122,宇都宮,1,F1,Ａ級予選,1,1,菊池　崇訓,4,7,"5,7",,2024/01/22 07:01&nbsp;更新
gIRMXgAGv6muOiBOKbDFD4eukeDAZdse0_fq5peLXgt3hdgbt-0FCoOO9pVIKyXZ,20240122,宇都宮,2,F1,Ａ級予選,1,1,羽石　国臣,3,2,5,7,2024/01/22 07:01&nbsp;更新
gIRMXgAGv6muOiBOKbDFD5yu1s4xJnvCYdAeJlvHUenfQpKNJW6s55vVdElDMD4Q,20240122,宇都宮,3,F1,Ａ級予選,1,1,菊池　崇訓,7,5,6,2,2024/01/22 07:01&nbsp;更新
gIRMXgAGv6muOiBOKbDFD7G2VfasSvFTjD7Jhat5kZSB15R7bxb0ESWZ5C-TWryk,20240122,宇都宮,4,F1,Ａ級予選,1,1,羽石　国臣,1,4,6,1,2024/01/22 07:01&nbsp;更新
gIRMXgAGv6muOiBOKbDFDxnvR80_5EUUL9dnWZqEEZ0Wzj1WePzgKilSipw2CcRv,20240122,宇都宮,5,F1,Ａ級初日特選,1,1,菊池　崇訓,4,2,4,2,2024/01/22 07:01&nbsp;更新
gIRMXgAGv6muOiBOKbDFDzqY-jGdmVM9sfRAoVGrbdPcgVQMT-Y5-Cj98q8217_o,20240122,宇都宮,6,F1,Ｓ級予選,1,1,小坂　敏之,4,1,5,6,2024/01/22 07:01&nbsp;更新
gIRMXgAGv6muOiBOKbDFD4Cea-D7jpWufhU0rteT57Ab8ZNP96QdX7C-1oVkmLom,20240122,宇都宮,7,F1,Ｓ級予選,1,1,黒崎　直行,5,3,4,2,2024/01/22 07:01&nbsp;更新
gIRMXgAGv6muOiBOKbDFD4IvNBMQDFV2uHClgNnVDwvu0Gnyd3TrpmKODLUl2HY1,20240122,宇都宮,8,F1,Ｓ級予選,1,1,中川　貴徳,3,1,1,"5,6",2024/01/22 07:01&nbsp;更新
gIRMXgAGv6muOiBOKbDFDyTNtTBZScjBnOuFeoL9WFLTNU2R-FOVcsn9URiqhkVL,20240122,宇都宮,9,F1,Ｓ級予選,1,1,小坂　敏之,5,4,2,1,2024/01/22 07:01&nbsp;更新
gIRMXgAGv6muOiBOKbDFD4eO2nWBJsC0NUkGiL7P7bLBBfFv-uQafPdp3FYdqs5E,20240122,宇都宮,10,F1,Ｓ級予選,1,1,黒崎　直行,3,7,"5,7",,2024/01/22 07:01&nbsp;更新
gIRMXgAGv6muOiBOKbDFD-SQ3WXtgtWRAofun8S_pRtsDkJCjOMn6sInqeowu-dy,20240122,宇都宮,11,F1,Ｓ級予選,1,1,小坂　敏之,1,5,1,4,2024/01/22 07:01&nbsp;更新
gIRMXgAGv6muOiBOKbDFD3AZyTc0P39oFWKrYLsiji-FIQ4w0e4uNitmiXQukbIo,20240122,宇都宮,12,F1,Ｓ級初日特選,1,1,中川　貴徳,5,1,1,,2024/01/22 07:01&nbsp;更新
4YDG_8c_ujN7jm5c2eSyjaMyUrRHHGg-3nzLBEALaB-3buNpbeviYfr2t78eFm_U,20240122,名古屋,1,F1,Ａ級一般,1,1,笠松　信幸,3,5,4,6,2024/01/22 07:01&nbsp;更新
4YDG_8c_ujN7jm5c2eSyjS2DwGCVRD15lbzE6A8am5yHzNCHLJ1GNdlZqyU9Eq7W,20240122,名古屋,2,F1,Ａ級一般,1,1,山内　卓也,1,3,1,6,2024/01/22 07:01&nbsp;更新
4YDG_8c_ujN7jm5c2eSyjcR4x8O4mcuDBmS6ImlwoPmsHZPjkizkga83qQ8LzE18,20240122,名古屋,3,F1,Ａ級準決勝,1,1,山田　哲也,7,2,3,2,2024/01/22 07:01&nbsp;更新
4YDG_8c_ujN7jm5c2eSyjUHnSzumENHa3slAJ6MHdZMyM3_UUhsfnqlpmTkZQJs8,20240122,名古屋,4,F1,Ａ級準決勝,1,1,吉野　猛,7,1,7,2,2024/01/22 07:01&nbsp;更新
4YDG_8c_ujN7jm5c2eSyjUsiN3pbVpDmbBq1h_q8eqwbOOdvhUc366_m21oKzQ2u,20240122,名古屋,5,F1,Ａ級準決勝,1,1,疋田　敏,4,2,3,1,2024/01/22 07:01&nbsp;更新
4YDG_8c_ujN7jm5c2eSyjVvcIPMRWNSphufzBg_g6b7tpeUyjNqmlnOEop9UbLR-,20240122,名古屋,6,F1,Ｌ級ガールズ予選（第２走）,1,1,山田　哲也,4,3,5,4,2024/01/22 07:01&nbsp;更新
4YDG_8c_ujN7jm5c2eSyjaRkA_u2lw0dCoa61EcYVSeEoGGnrVAAz58oVmP8_bFp,20240122,名古屋,7,F1,Ｌ級ガールズ予選（第２走）,1,1,吉野　猛,4,7,7,3,2024/01/22 07:01&nbsp;更新
4YDG_8c_ujN7jm5c2eSyjfmeaOkR-5LUJfY2tujnsR77KEYoN_8VHT_ngBcaVI8h,20240122,名古屋,8,F1,Ｓ級一般,1,1,笠松　信幸,2,7,5,3,2024/01/22 07:01&nbsp;更新
4YDG_8c_ujN7jm5c2eSyjQeaYldg2qiXC9jOiRMLZ67WDAmjTy8O71Zm4eIavmzU,20240122,名古屋,9,F1,Ｓ級一般,1,1,山内　卓也,1,4,2,7,2024/01/22 07:01&nbsp;更新
4YDG_8c_ujN7jm5c2eSyjVGnLFR0TVhTy1FijcKgfFj4mP_RI7GBXqRsdfTVjTti,20240122,名古屋,10,F1,Ｓ級準決勝,1,1,疋田　敏,7,1,1,"5,7",2024/01/22 07:01&nbsp;更新
4YDG_8c_ujN7jm5c2eSyjRZx_9avSXsUaQsYtT3im_ylBtQeFwZAaJQe3J6Su_4A,20240122,名古屋,11,F1,Ｓ級準決勝,1,1,笠松　信幸,2,3,6,2,2024/01/22 07:01&nbsp;更新
4YDG_8c_ujN7jm5c2eSyjfG4q9awAOF_Vqa-hv1Qq8ZGlu8sLba_ejrAOH5DB5QV,20240122,名古屋,12,F1,Ｓ級準決勝,1,1,山内　卓也,3,7,7,6,2024/01/22 07:01&nbsp;更新
TzXNr1IyQYXd8vmMpJjd_0NIi38Fuv77Bht6RopdD5oIDE53sYlET0GSjhn5SK5S,20240122,小倉,1,F1,Ａ級一般,1,1,永田　隼一,7,1,4,1,2024/01/22 07:01&nbsp;更新
TzXNr1IyQYXd8vmMpJjd_0smZa-60L7BntePss1gHQ-skjFlxixakIstc2rRaHbd,20240122,小倉,2,F1,Ａ級一般,1,1,秋永　昂人,5,7,5,6,2024/01/22 07:01&nbsp;更新
TzXNr1IyQYXd8vmMpJjd_xVpljYrLi1jPAgws4reWHeDsaK_rJcRd2VEUxgL_bAI,20240122,小倉,3,F1,Ａ級準決勝,1,1,永田　隼一,4,1,3,7,2024/01/22 07:01&nbsp;更新
TzXNr1IyQYXd8vmMpJjd_94amXOHg9yirEt20_ZF7dE1peVWV8UKxm7LkEoIMFCZ,20240122,小倉,4,F1,Ａ級準決勝,1,1,秋永　昂人,3,5,4,5,2024/01/22 07:01&nbsp;更新
TzXNr1IyQYXd8vmMpJjd_5J6Mti0OAlCsLbcHQyFS830JTEU3es6E5TC2bAV2CWQ,20240122,小倉,5,F1,Ａ級準決勝,1,1,長野　和弘,7,1,4,7,2024/01/22 07:01&nbsp;更新
TzXNr1IyQYXd8vmMpJjd_x9kszTpt5UpKLMi4UnFEDh-wZCVJ8VMPtO2aNPKSrB-,20240122,小倉,6,F1,Ｓ級一般,1,1,城戸崎隆史,1,7,7,4,2024/01/22 07:01&nbsp;更新
TzXNr1IyQYXd8vmMpJjd_7SvS43UJcn7EpoSqyS44tw5H7xtWaXTkWg1ylhhDjog,20240122,小倉,7,F1,Ｓ級一般,1,1,松尾信太郎,3,7,3,4,2024/01/22 07:01&nbsp;更新
TzXNr1IyQYXd8vmMpJjd_1nCLfjbIgisbBvE0ABspQicu-6TdaaOTXYx7W29W0dP,20240122,小倉,8,F1,Ｓ級選抜,1,1,長野　和弘,5,7,2,5,2024/01/22 07:01&nbsp;更新
TzXNr1IyQYXd8vmMpJjd_7QEC4-RQzsWeWZG4tiN_k5WZDGetYn6Vg5YGZWI4YpI,20240122,小倉,9,F1,Ｓ級選抜,1,1,松尾信太郎,7,1,1,5,2024/01/22 07:01&nbsp;更新
TzXNr1IyQYXd8vmMpJjd_8NlS6sNS8AKVCgSiguPsQ0s9LndsLUzqUcZqmheJzal,20240122,小倉,10,F1,Ｓ級準決勝,1,1,長野　和弘,5,1,3,7,2024/01/22 07:01&nbsp;更新
TzXNr1IyQYXd8vmMpJjd_xL5DSORPdgreVR6uigeiOZ-L_0OhduHfjfIDtOsOt9j,20240122,小倉,11,F1,Ｓ級準決勝,1,1,城戸崎隆史,1,5,3,4,2024/01/22 07:01&nbsp;更新
TzXNr1IyQYXd8vmMpJjd_xAF0EZYYxmhX47bbIk1Vlq4QJPzjZCK-cg3V_r-vrXq,20240122,小倉,12,F1,Ｓ級準決勝,1,1,松尾信太郎,1,2,1,2,2024/01/22 07:01&nbsp;更新
II_18ke30tFAZvFi9_0G4FgKrcytkh6a0KEFFQ4ur8Y02g3QQkOJYjX92qIqtp-N,20240122,大宮,1,F2,Ａ級チャレンジ一般,1,1,古寺　伸洋,4,2,2,1,2024/01/22 07:01&nbsp;更新
II_18ke30tFAZvFi9_0G4GKL23mE0QbbKHMfR75qrRAdEQm5dNnOq1VDGLiyth_d,20240122,大宮,2,F2,Ａ級チャレンジ一般,1,1,相川　巧,4,1,6,4,2024/01/22 07:01&nbsp;更新
II_18ke30tFAZvFi9_0G4DzmB8YicvxI8PQioCd2DUGenBdgj6qZcXZjcVhcp1vz,20240122,大宮,3,F2,Ａ級チャレンジ準決勝,1,1,山崎　輝夫,4,5,"4,5",,2024/01/22 07:01&nbsp;更新
II_18ke30tFAZvFi9_0G4EHB44wPLxm-CFyePlR0J6JebmemgBONFsULQPAk4eEE,20240122,大宮,4,F2,Ａ級チャレンジ準決勝,1,1,佐山　俊樹,5,1,1,7,2024/01/22 07:01&nbsp;更新
II_18ke30tFAZvFi9_0G4E9AVBJRHSZIytvV9aVPyr_l6ARbFl3oq1VUeX_FVh9i,20240122,大宮,5,F2,Ａ級チャレンジ準決勝,1,1,中田　健太,7,4,4,1,2024/01/22 07:01&nbsp;更新
II_18ke30tFAZvFi9_0G4KifI-zemccXvXak_UMJohdEbN1LIgftCNFpN9YsafzL,20240122,大宮,6,F2,Ｌ級ガールズ予選（第２走）,1,1,古寺　伸洋,3,1,3,2,2024/01/22 07:01&nbsp;更新
II_18ke30tFAZvFi9_0G4Jmi1lhEzEKmxsmfXdxjfXh8tarMN7EbmtJSFyl6BUYI,20240122,大宮,7,F2,Ｌ級ガールズ予選（第２走）,1,1,相川　巧,4,6,4,6,2024/01/22 07:01&nbsp;更新
II_18ke30tFAZvFi9_0G4E1Jrc9vwT7Qvn1tCpLyk3N30vRoTNGKAjlYvEG2jzv5,20240122,大宮,8,F2,Ａ級特一般,1,1,山崎　輝夫,7,3,"2,3",,2024/01/22 07:01&nbsp;更新
II_18ke30tFAZvFi9_0G4CRY9zF-Xq3CXsb8QrPRiFhHES5LINhlMXQAZXy7Z2v1,20240122,大宮,9,F2,Ａ級特一般,1,1,相川　巧,3,1,6,7,2024/01/22 07:01&nbsp;更新
II_18ke30tFAZvFi9_0G4Lo_9NtNa_QAq8RRrYHXy90c4yVe1t2gv8p0ficK2HBF,20240122,大宮,10,F2,Ａ級準決勝,1,1,山崎　輝夫,1,2,2,4,2024/01/22 07:01&nbsp;更新
II_18ke30tFAZvFi9_0G4AFggmYIhHHGfKf4mLBPUsb2mYUDn7Wu30iD20vTuTzw,20240122,大宮,11,F2,Ａ級準決勝,1,1,佐山　俊樹,7,2,2,1,2024/01/22 07:01&nbsp;更新
II_18ke30tFAZvFi9_0G4J5hSFeIXAx4CRKu1NGmWfw-xkJcUysTPcadTd5plI80,20240122,大宮,12,F2,Ａ級準決勝,1,1,中田　健太,1,4,1,5,2024/01/22 07:01&nbsp;更新
r7c8N-lTlOenJOhe9NDy6KJzYfEXsaTnqFNFpPUOquBOE7_JlO-kyK66JGNzWoVN,20240122,松阪,1,F2,Ｌ級ガールズ予選（第１走）,1,1,伊藤　世哉,1,2,2,1,2024/01/22 07:01&nbsp;更新
r7c8N-lTlOenJOhe9NDy6Fvh2gXCAnFyKMysDl89jLDFUOt7xnR4qGzj-kaRAM2d,20240122,松阪,2,F2,Ｌ級ガールズ予選（第１走）,1,1,永原　徹,1,2,3,"1,6",2024/01/22 07:01&nbsp;更新
r7c8N-lTlOenJOhe9NDy6A04uo0ddV2IGuJ7RTIpl_n2j9iu5Yw83wm-vcERrO8h,20240122,松阪,3,F2,Ａ級予選,1,1,西田　潤,1,2,4,1,2024/01/22 07:01&nbsp;更新
r7c8N-lTlOenJOhe9NDy6PZ7EckTAOVsjRjh0hnC5DrSamsdf8MCkjcL3rLBtvKm,20240122,松阪,4,F2,Ａ級予選,1,1,坂元　洋行,1,2,1,6,2024/01/22 07:01&nbsp;更新
r7c8N-lTlOenJOhe9NDy6J04v-IJZFaKvoQr9JKCwSivO-pzL_ZT5CLrpX1biMGj,20240122,松阪,5,F2,Ａ級予選,1,1,伊藤　世哉,1,2,3,1,2024/01/22 07:01&nbsp;更新
r7c8N-lTlOenJOhe9NDy6HJj6ESm8UVwRp08l8iOzo5V-Azbqn1dPkM0RFST4OJ_,20240122,松阪,6,F2,Ａ級予選,1,1,永原　徹,1,2,3,"1,7",2024/01/22 07:01&nbsp;更新
r7c8N-lTlOenJOhe9NDy6A_jINr2giRLbEqNMTsMBHOpQOyara42Qbc3p5OqYbPB,20240122,松阪,7,F2,Ａ級予選,1,1,西田　潤,1,2,2,4,2024/01/22 07:01&nbsp;更新
r7c8N-lTlOenJOhe9NDy6OnyE_I6N1le5re4h00t8A_9QQL7GoGLU7WTr5126zul,20240122,松阪,8,F2,Ａ級予選,1,1,坂元　洋行,1,2,2,6,2024/01/22 07:01&nbsp;更新
r7c8N-lTlOenJOhe9NDy6LpLBh4t127qy09U4NYWWPOFyflHcbYoViRjh5Ytremu,20240122,松阪,9,F2,Ａ級初日特選,1,1,伊藤　世哉,1,2,1,2,2024/01/22 07:01&nbsp;更新
XzGw51U-QJL0SQ0YQD3SNhLBmObZ33lTpxI4SHRYYii-Kb7MOgysLC_Mreh5P_DS,20240122,小松島,1,F2,Ａ級チャレンジ一般,1,1,小磯　知也,2,1,2,1,2024/01/22 07:01&nbsp;更新
XzGw51U-QJL0SQ0YQD3SNv0Od3LsAzzwmzyq94AFgy5nMH8utzRikE9kr1d4oXA3,20240122,小松島,2,F2,Ａ級チャレンジ一般,1,1,滝山　実,7,1,2,"1,6",2024/01/22 07:01&nbsp;更新
XzGw51U-QJL0SQ0YQD3SNkSgiC8brqKTp42shm6_Ktmavy7vuQeJh9o9rI5N0vQd,20240122,小松島,3,F2,Ａ級チャレンジ準決勝,1,1,二條　祐也,4,7,5,"3,4",2024/01/22 07:01&nbsp;更新
XzGw51U-QJL0SQ0YQD3SNs3A4VTkjpFH3rCjCjURZnCK6R4O2LPN3CY7cc5MwlJy,20240122,小松島,4,F2,Ａ級チャレンジ準決勝,1,1,三ツ石康洋,2,1,7,1,2024/01/22 07:01&nbsp;更新
XzGw51U-QJL0SQ0YQD3SNiRjlPdqV0f4DClPhslzPconNJi8x0rjZs6yKToagywK,20240122,小松島,5,F2,Ａ級チャレンジ準決勝,1,1,阿竹　智史,1,2,3,2,2024/01/22 07:01&nbsp;更新
XzGw51U-QJL0SQ0YQD3SNuRNp1z0B6uaUuMjIho5uJHnCHD8kEhlsOIvHMibWPKP,20240122,小松島,6,F2,Ａ級一般,1,1,小磯　知也,7,5,3,5,2024/01/22 07:32&nbsp;更新
XzGw51U-QJL0SQ0YQD3SNp9HqKZb8A4dipOj4aAKOirZ7BlZueW9Ko2eeSvZRzPx,20240122,小松島,7,F2,Ａ級一般,1,1,滝山　実,7,2,6,5,2024/01/22 07:31&nbsp;更新
XzGw51U-QJL0SQ0YQD3SNucL6BLhtG6doD2_B6mIb53Sl0TfHDJ1xQ6u32OzUvCo,20240122,小松島,8,F2,Ａ級選抜,1,1,三ツ石康洋,2,5,6,4,2024/01/22 07:01&nbsp;更新
XzGw51U-QJL0SQ0YQD3SNnZ_o9_qUqhNtgUyWYsD4xOGiHDoPJ0asBS97wUZxSoc,20240122,小松島,9,F2,Ａ級選抜,1,1,小磯　知也,2,4,5,2,2024/01/22 07:01&nbsp;更新
XzGw51U-QJL0SQ0YQD3SNqn42On61Pix7EC4BLuh-Pb7jsvP1Z6T_tGeWut2odt0,20240122,小松島,10,F2,Ａ級準決勝,1,1,二條　祐也,4,3,1,6,2024/01/22 07:01&nbsp;更新
XzGw51U-QJL0SQ0YQD3SNicihqN8hL6A_7fi2ixSLiilNlj3ny37Iz-8oDjFSOXr,20240122,小松島,11,F2,Ａ級準決勝,1,1,三ツ石康洋,5,2,6,7,2024/01/22 07:01&nbsp;更新
XzGw51U-QJL0SQ0YQD3SNgnmiKrL9VHBTKdNNAURageUFfmWB6S0LR6vJpYjLf7k,20240122,小松島,12,F2,Ａ級準決勝,1,1,阿竹　智史,3,7,5,2,2024/01/22 07:01&nbsp;更新
L-h0DRY0KFM8zxiuG3qDbHSwbe1lpBb_EsL7rckhJKxUx_MptDtoDiOud0Qcz_fB,20240122,松山,1,F2,Ａ級チャレンジ予選,1,1,黒田　大介,1,2,3,6,2024/01/22 07:01&nbsp;更新
L-h0DRY0KFM8zxiuG3qDbL1s1bMmFZxGbuuAS6U9K_DOjKDUTeESUoyJiblz6iqb,20240122,松山,2,F2,Ａ級チャレンジ予選,1,1,吉岡伸太郎,1,2,2,"1,3,5",2024/01/22 07:01&nbsp;更新
L-h0DRY0KFM8zxiuG3qDbMX9fp_i5V80_Nk48ABd854VBJ0uSPhUy0n0kvNQP5yj,20240122,松山,3,F2,Ａ級チャレンジ予選,1,1,横内　裕人,1,2,1,6,2024/01/22 07:01&nbsp;更新
L-h0DRY0KFM8zxiuG3qDbPyzCdFP7yrenYlbB4nrfBjwSwtf3r40ySMBHBtSKPM1,20240122,松山,4,F2,Ａ級チャレンジ予選,1,1,大西　祐,1,2,1,5,2024/01/22 07:01&nbsp;更新
L-h0DRY0KFM8zxiuG3qDbIqILJU9_Ldki9YcKCA9I9XYQXIMiC7VLIO37J1zo5nw,20240122,松山,5,F2,Ａ級特予選,1,1,黒田　大介,1,2,2,3,2024/01/22 07:01&nbsp;更新
L-h0DRY0KFM8zxiuG3qDbAvCwFdyUzy1X_BmeVMRc70EWEhW1RFsV4k4IJmD0JDz,20240122,松山,6,F2,Ａ級特予選,1,1,吉岡伸太郎,1,2,4,7,2024/01/22 07:01&nbsp;更新
L-h0DRY0KFM8zxiuG3qDbEQ5UeaqeXid813g1omEXNoz55_SoYi1dkLn0fJj-BHI,20240122,松山,7,F2,Ａ級特予選,1,1,横内　裕人,1,2,2,6,2024/01/22 07:01&nbsp;更新
L-h0DRY0KFM8zxiuG3qDbJvEgNW3h4IF-8gcqbgCmqMaP3KsUW-lla9qfqVVTZkB,20240122,松山,8,F2,Ａ級特予選,1,1,黒田　大介,1,2,2,6,2024/01/22 07:01&nbsp;更新
L-h0DRY0KFM8zxiuG3qDbBdsFsLUBeRsi68HJDPvRO6NxzzrIn8SO3ByL0YDnWZa,20240122,松山,9,F2,Ａ級初日特選,1,1,大西　祐,1,2,2,5,2024/01/22 07:01&nbsp;更新
gIRMXgAGv6muOiBOKbDFD7ZmztbqbGI_kedYfLlQUyCNIB7m4jE1OtmBm5r7uv6j,20240123,宇都宮,1,F1,Ａ級一般,1,1,羽石　国臣,2,1,6,1,2024/01/23 07:03&nbsp;更新
gIRMXgAGv6muOiBOKbDFD-eZS4xCzR8byDjXx18J-UZEPPBH-w_z6ocPslXBbmnX,20240123,宇都宮,2,F1,Ａ級一般,1,1,菊池　崇訓,7,3,2,1,2024/01/23 07:03&nbsp;更新
gIRMXgAGv6muOiBOKbDFD_5pZwZf-AFtukOt0J3nhos7RyEPjeMJhx-XP2hHcTYx,20240123,宇都宮,3,F1,Ａ級準決勝,1,1,羽石　国臣,5,1,6,5,2024/01/23 07:03&nbsp;更新
gIRMXgAGv6muOiBOKbDFD8-Yth0GBuS7Ov42yH7p6WHuAWKvgQdbjIP57L80VS4S,20240123,宇都宮,4,F1,Ａ級準決勝,1,1,菊池　崇訓,1,4,1,2,2024/01/23 07:03&nbsp;更新
gIRMXgAGv6muOiBOKbDFDxyWPIWYCCKDAdHzamYp8KlJBqHTEwwXlHWltVyIwQDH,20240123,宇都宮,5,F1,Ａ級準決勝,1,1,羽石　国臣,1,3,"4,7",,2024/01/23 07:03&nbsp;更新
gIRMXgAGv6muOiBOKbDFD4lOHEgRLvTW84lpujuEw4LZ7BAX5_nnsx98U9f_IcMF,20240123,宇都宮,6,F1,Ｓ級一般,1,1,黒崎　直行,2,7,2,1,2024/01/23 07:03&nbsp;更新
gIRMXgAGv6muOiBOKbDFD9HChLwQqEk21WMrve46MGWQvQ2jea55cVujr3TOLx7t,20240123,宇都宮,7,F1,Ｓ級一般,1,1,小坂　敏之,5,4,7,5,2024/01/23 07:03&nbsp;更新
gIRMXgAGv6muOiBOKbDFD_Ydxm3cBGgo_LyHow-3Kao8dlS_zkWzpfYi7hJPAJkQ,20240123,宇都宮,8,F1,Ｓ級選抜,1,1,中川　貴徳,7,2,1,4,2024/01/23 07:03&nbsp;更新
gIRMXgAGv6muOiBOKbDFD2dwbcgPm8-DExpErMmYfOoKMyh6QpI2ow3Ey4oc74FF,20240123,宇都宮,9,F1,Ｓ級選抜,1,1,黒崎　直行,1,3,3,6,2024/01/23 07:03&nbsp;更新
gIRMXgAGv6muOiBOKbDFD9v-t2U9Y2qDGHxCRdWRG3URMw-JAVKcJMlxWtgcNYBj,20240123,宇都宮,10,F1,Ｓ級準決勝,1,1,小坂　敏之,3,2,5,7,2024/01/23 07:03&nbsp;更新
gIRMXgAGv6muOiBOKbDFD1RD5LBhDrdG5VGfS1j4-9SpXeMy2c3_5mVmYXoB5Esh,20240123,宇都宮,11,F1,Ｓ級準決勝,1,1,黒崎　直行,3,5,6,2,2024/01/23 07:03&nbsp;更新
gIRMXgAGv6muOiBOKbDFD_lsBoEPWc1JDcRFA8QuegdumnU-dbI4IiaPJxmg0wVS,20240123,宇都宮,12,F1,Ｓ級準決勝,1,1,中川　貴徳,7,1,3,4,2024/01/23 07:03&nbsp;更新
wWGgXEq2uuee3jKNfyXvkI4fcuA3q9iKENfirijSLmhJrBiBFqCCEYvpjqdR9bwQ,20240123,松戸,1,F1,Ａ級予選,1,1,吉竹　雄城,1,7,"1,4",,2024/01/23 07:03&nbsp;更新
wWGgXEq2uuee3jKNfyXvkJ4cSwXPMxncqNasnez37Qd_EBIra36ZbJ4C_Rvoyok5,20240123,松戸,2,F1,Ａ級予選,1,1,水書　義弘,4,5,2,1,2024/01/23 07:03&nbsp;更新
wWGgXEq2uuee3jKNfyXvkGdEgOtG_kRJkXizFsv_xi2psbGIwhlnX1KSE0GyOie0,20240123,松戸,3,F1,Ａ級予選,1,1,金野　俊秋,5,7,3,1,2024/01/23 07:03&nbsp;更新
wWGgXEq2uuee3jKNfyXvkEdPwRsY-x2BU5_WE6aJT-BY1KapDjoz0X7jxtPgi88B,20240123,松戸,4,F1,Ａ級予選,1,1,染谷　幸喜,3,7,6,"3,5",2024/01/23 07:03&nbsp;更新
wWGgXEq2uuee3jKNfyXvkNcSX4v7oLyH9zWQZDZ7vSxxt4FHc9JFxqd8xiQNtCUl,20240123,松戸,5,F1,Ａ級初日特選,1,1,吉竹　雄城,2,3,"4,6",,2024/01/23 07:03&nbsp;更新
wWGgXEq2uuee3jKNfyXvkDjOixh_Mgdumbxifdlg3CHNnVyysa8IzlywoiUeH-qy,20240123,松戸,6,F1,Ｓ級予選,1,1,小林　稜武,4,2,5,1,2024/01/23 07:03&nbsp;更新
wWGgXEq2uuee3jKNfyXvkCEIIjHe9iCd12kOQJ3BlPvlRoiaVovlPQlqgtZ9yGP3,20240123,松戸,7,F1,Ｓ級予選,1,1,水書　義弘,3,7,1,6,2024/01/23 07:03&nbsp;更新
wWGgXEq2uuee3jKNfyXvkJZ57DFPtP94Icvjx6jZANtkUlgffFC7K8Km-PFsXRY5,20240123,松戸,8,F1,Ｓ級予選,1,1,金野　俊秋,2,1,7,2,2024/01/23 07:03&nbsp;更新
wWGgXEq2uuee3jKNfyXvkPUvZ1YgoEHAVMISsIg2KO9keOs6fedChu1MKFs46qme,20240123,松戸,9,F1,Ｓ級予選,1,1,小林　稜武,2,5,4,7,2024/01/23 07:03&nbsp;更新
wWGgXEq2uuee3jKNfyXvkB1aKCpwWA8FNWbf4g6YlA96ewwxSsR0bl6G0lUxokWt,20240123,松戸,10,F1,Ｓ級予選,1,1,水書　義弘,1,3,3,"6,7",2024/01/23 07:03&nbsp;更新
wWGgXEq2uuee3jKNfyXvkEAggvYBWzMrSLyca5qCMkKRYzc_CzmiJjTSZ0Wfw18r,20240123,松戸,11,F1,Ｓ級予選,1,1,染谷　幸喜,1,7,3,6,2024/01/23 07:03&nbsp;更新
wWGgXEq2uuee3jKNfyXvkBDgFrKEwEi70e7FWogxP0uheAPEJvYiycNYkuGt-E82,20240123,松戸,12,F1,Ｓ級初日特選,1,1,小林　稜武,2,1,4,3,2024/01/23 07:03&nbsp;更新
4YDG_8c_ujN7jm5c2eSyjV8GnCRg4R1RrUz_0AQ2t7Fqt5IoM9G699wwijxnriKa,20240123,名古屋,1,F1,Ａ級一般,1,1,笠松　信幸,1,6,5,6,2024/01/23 07:03&nbsp;更新
4YDG_8c_ujN7jm5c2eSyjf0VCNo10B5Iufl2WZgPS4Mq_GP6GcOIrvJPASa7Kg6y,20240123,名古屋,2,F1,Ａ級一般,1,1,山内　卓也,1,2,2,4,2024/01/23 07:03&nbsp;更新
4YDG_8c_ujN7jm5c2eSyjdeGtUt3yHRC0ay30i2IR1FNTVY6pyidpvAGROpJRqOI,20240123,名古屋,3,F1,Ａ級特選,1,1,山田　哲也,1,4,2,6,2024/01/23 07:03&nbsp;更新
4YDG_8c_ujN7jm5c2eSyjTgp5ZPCJvgbV2IwTs60N6XU3ovg-cNM1Ivrt8u4LgbV,20240123,名古屋,4,F1,Ａ級特選,1,1,疋田　敏,4,7,5,6,2024/01/23 07:03&nbsp;更新
4YDG_8c_ujN7jm5c2eSyjZjhQaY-hTouCCPXTDQ2qcGrc8xzFBkbkZm6AlTU7LCJ,20240123,名古屋,5,F1,Ｌ級ガールズ一般,1,1,山田　哲也,6,5,6,3,2024/01/23 07:03&nbsp;更新
4YDG_8c_ujN7jm5c2eSyjXS4XVmhpBRbq894FFo7CfisDG0kOWNbonM3c-u_s63S,20240123,名古屋,6,F1,Ｓ級一般,1,1,吉野　猛,7,1,5,3,2024/01/23 07:03&nbsp;更新
4YDG_8c_ujN7jm5c2eSyjX7Xpq-MeynETJLBlh58p_sqmBLv1BQ5y566oDcMR8Jt,20240123,名古屋,7,F1,Ｓ級一般,1,1,山内　卓也,3,5,7,5,2024/01/23 07:03&nbsp;更新
4YDG_8c_ujN7jm5c2eSyjVnO3WJ0xDfrVaL-GTp_DGVnxZzGLMaI-m2ZormSYRG2,20240123,名古屋,8,F1,Ｓ級特選,1,1,笠松　信幸,1,5,2,6,2024/01/23 07:03&nbsp;更新
4YDG_8c_ujN7jm5c2eSyjYwcAc7N904rQHakrWjy33WJ35iSYH6jEXM4mXcXbkxd,20240123,名古屋,9,F1,Ｓ級特選,1,1,疋田　敏,2,7,"1,4",,2024/01/23 07:03&nbsp;更新
4YDG_8c_ujN7jm5c2eSyjROk41-6rC4dku8uc-KvckgpkyfI-wNczfwbdPpnPO5v,20240123,名古屋,10,F1,Ｌ級ガールズ決勝,1,1,吉野　猛,3,5,4,5,2024/01/23 07:03&nbsp;更新
4YDG_8c_ujN7jm5c2eSyjcGoGSVRvfBmYz8gS44o5y9laU8OJJvp8y6lKllTDycd,20240123,名古屋,11,F1,Ａ級決勝,1,1,笠松　信幸,2,3,7,3,2024/01/23 07:03&nbsp;更新
4YDG_8c_ujN7jm5c2eSyjfrInFw8MtxsWA-Pz2BRh74IPduW32fe7KJeNGNaJ-jR,20240123,名古屋,12,F1,Ｓ級決勝,1,1,山内　卓也,2,3,"4,7",,2024/01/23 07:03&nbsp;更新
TzXNr1IyQYXd8vmMpJjd_znxVwxwpv5DRTGnqrvQo--biAQ9eO5xhyRwWAZx0AXS,20240123,小倉,1,F1,Ａ級一般,1,1,永田　隼一,2,7,3,7,2024/01/23 07:03&nbsp;更新
TzXNr1IyQYXd8vmMpJjd_3GFLDsX0JM2-WB_2K6csr4-VKI0Dv1yW3N-1OQgMfA8,20240123,小倉,2,F1,Ａ級一般,1,1,秋永　昂人,3,7,3,6,2024/01/23 07:03&nbsp;更新
TzXNr1IyQYXd8vmMpJjd_18WhOVewhxvXYboNl6Y-mnUdwMzYRtqwqD52vCe4URS,20240123,小倉,3,F1,Ａ級特選,1,1,永田　隼一,5,1,7,4,2024/01/23 07:03&nbsp;更新
TzXNr1IyQYXd8vmMpJjd_8uHvgt-bpOHIXzHeZx_VVxpuDTR3c8B0APrtV9W4DMy,20240123,小倉,4,F1,Ａ級特選,1,1,秋永　昂人,5,1,2,1,2024/01/23 07:03&nbsp;更新
TzXNr1IyQYXd8vmMpJjd_7uznUicbsPcx2tzg7LJlsCKjif7GU5l4w5jeaZqxCTN,20240123,小倉,5,F1,Ｓ級一般,1,1,長野　和弘,3,7,4,5,2024/01/23 07:03&nbsp;更新
TzXNr1IyQYXd8vmMpJjd_7MssGGJ-zMgyxw0TOMfFdtn9vkz4CQl94f93guIYV4K,20240123,小倉,6,F1,Ｓ級一般,1,1,城戸崎隆史,7,2,7,4,2024/01/23 14:30&nbsp;更新
TzXNr1IyQYXd8vmMpJjd__qI8N7PiRoh380Qr3LAyteA4VDtm_HJ9H4oEUpeEPIr,20240123,小倉,7,F1,Ｓ級一般,1,1,松尾信太郎,7,3,7,6,2024/01/23 07:03&nbsp;更新
TzXNr1IyQYXd8vmMpJjd_49_6vr2olb_MQHxx5q5XWIXb65xo_egtm8x7yWyx9TC,20240123,小倉,8,F1,Ｓ級特選,1,1,長野　和弘,7,5,7,1,2024/01/23 07:03&nbsp;更新
TzXNr1IyQYXd8vmMpJjd_1MqCelog5lE7gA8ACK0WcYoskdJFk0XmS30j_S58o6N,20240123,小倉,9,F1,Ｓ級特選,1,1,城戸崎隆史,5,7,3,5,2024/01/23 07:03&nbsp;更新
TzXNr1IyQYXd8vmMpJjd_5FJDk2JhK8o9tVX1GneNWxJQ4N6dK3QNOPq_tWdr1-u,20240123,小倉,10,F1,Ｓ級特選,1,1,松尾信太郎,1,2,4,2,2024/01/23 07:03&nbsp;更新
TzXNr1IyQYXd8vmMpJjd_2GRmYUjljFJMa6aUnf0reCbixuIwsVHVa6oPS3tZG36,20240123,小倉,11,F1,Ａ級決勝,1,1,城戸崎隆史,2,3,4,5,2024/01/23 07:03&nbsp;更新
TzXNr1IyQYXd8vmMpJjd_4WAygm2pG1LlVT54TCngk1DJ9rBCHM2ssGLBRLoEV22,20240123,小倉,12,F1,Ｓ級決勝,1,1,松尾信太郎,2,3,4,"5,6",2024/01/23 07:03&nbsp;更新
II_18ke30tFAZvFi9_0G4IM8kS6psxC-hAvicOAKTEPcbjdimvu3F3zFIp-rDHhx,20240123,大宮,1,F2,Ａ級チャレンジ一般,1,1,古寺　伸洋,3,2,6,,2024/01/23 07:03&nbsp;更新
II_18ke30tFAZvFi9_0G4OU-_x9mPVhc2IQ-iaiM3o-1Mwm4WRPrzkHg6sPJ3smM,20240123,大宮,2,F2,Ａ級チャレンジ一般,1,1,相川　巧,5,3,3,6,2024/01/23 07:03&nbsp;更新
II_18ke30tFAZvFi9_0G4MZjDxL_E17m7S48cHhvos1-OS34k2-uv30I8ROUOFln,20240123,大宮,3,F2,Ａ級チャレンジ選抜,1,1,山崎　輝夫,3,4,5,3,2024/01/23 07:03&nbsp;更新
II_18ke30tFAZvFi9_0G4CiGciK4y_ybUgp_zslKGpO9VdIL3TSpJemi8jtt60CO,20240123,大宮,4,F2,Ａ級チャレンジ選抜,1,1,佐山　俊樹,7,3,7,"2,6",2024/01/23 07:03&nbsp;更新
II_18ke30tFAZvFi9_0G4GUFvDBX6_N3_Tp_Try-jIRSxhiCDovyQxUQm9c3lxVx,20240123,大宮,5,F2,Ｌ級ガールズ一般,1,1,古寺　伸洋,5,6,"4,6",,2024/01/23 07:03&nbsp;更新
II_18ke30tFAZvFi9_0G4HF7HbxOcm1443VO7tfYAL1THKAvAWc0GOZ5dKVVeRpM,20240123,大宮,6,F2,Ａ級特一般,1,1,相川　巧,1,2,6,1,2024/01/23 07:03&nbsp;更新
II_18ke30tFAZvFi9_0G4PIc8_3a38PNQVBXFwHh4L9Sxe_gcz4FN0xOknkko0Hy,20240123,大宮,7,F2,Ａ級特一般,1,1,中田　健太,4,1,"5,7",,2024/01/23 07:03&nbsp;更新
II_18ke30tFAZvFi9_0G4A4OE-5HR7iRsAHX3JfjksL1laUXSX2Xj83rp5D0Yilc,20240123,大宮,8,F2,Ａ級特選,1,1,古寺　伸洋,2,5,7,3,2024/01/23 07:03&nbsp;更新
II_18ke30tFAZvFi9_0G4GaDV0N98XXfVXC4GpV40ShKCdxqj_Hch4eJXGfgWziZ,20240123,大宮,9,F2,Ａ級特選,1,1,佐山　俊樹,1,3,5,3,2024/01/23 07:03&nbsp;更新
II_18ke30tFAZvFi9_0G4O1xpR7bYd7hx0gwYuFiWotJB3Yz0ueh2o9VUa-rM-0c,20240123,大宮,10,F2,Ａ級チャレンジ決勝,1,1,山崎　輝夫,2,4,1,"3,5,7",2024/01/23 07:03&nbsp;更新
II_18ke30tFAZvFi9_0G4DBHHoAsUDSfcSIHof-uxMsm2WWdK7wauPILI0i8XtrS,20240123,大宮,11,F2,Ｌ級ガールズ決勝,1,1,相川　巧,7,1,7,5,2024/01/23 07:03&nbsp;更新
II_18ke30tFAZvFi9_0G4AnSvUVgki6sS31bI4VRH9GTQrpPCJ52r8ZY-fEwvRok,20240123,大宮,12,F2,Ａ級決勝,1,1,中田　健太,2,5,1,7,2024/01/23 07:03&nbsp;更新
r7c8N-lTlOenJOhe9NDy6LvA5ORCF7tgHTUmCMFej44GpCOLc4Aav-epxePuU_nS,20240123,松阪,1,F2,Ｌ級ガールズ予選（第２走）,1,1,伊藤　世哉,1,2,1,3,2024/01/23 11:21&nbsp;更新
r7c8N-lTlOenJOhe9NDy6HrFgCJINawe3GGBBj50D9VGitArLf0g3ejjZQDxjPjy,20240123,松阪,2,F2,Ｌ級ガールズ予選（第２走）,1,1,永原　徹,1,2,2,"1,3",2024/01/23 11:21&nbsp;更新
r7c8N-lTlOenJOhe9NDy6O5oXfg-SM8nJoSBFF8CbvfD69KhJ4oYMjGiicYu6-qL,20240123,松阪,3,F2,Ａ級一般,1,1,西田　潤,1,2,2,7,2024/01/23 11:26&nbsp;更新
r7c8N-lTlOenJOhe9NDy6AsjC4XbSD25dJ6NJJ3pftLMzAJhgARK7eQzOxE9dyWc,20240123,松阪,4,F2,Ａ級一般,1,1,坂元　洋行,1,2,3,6,2024/01/23 11:26&nbsp;更新
r7c8N-lTlOenJOhe9NDy6AxskLspargxtDhe-UNfZ1VKmBxE9coX1xBtNTh-DYUr,20240123,松阪,5,F2,Ａ級選抜,1,1,伊藤　世哉,1,2,1,6,2024/01/23 11:26&nbsp;更新
r7c8N-lTlOenJOhe9NDy6FC8koDkdSb0v8rytDKLJe85-Sn8ChhWnK-zBqBYMNAi,20240123,松阪,6,F2,Ａ級選抜,1,1,永原　徹,1,2,5,2,2024/01/23 11:26&nbsp;更新
r7c8N-lTlOenJOhe9NDy6PYisevi-mP0jOS_AmiDNF1C2V9uc1dsJPyl_gtXDsWj,20240123,松阪,7,F2,Ａ級準決勝,1,1,西田　潤,1,2,5,"1,2,4",2024/01/23 11:21&nbsp;更新
r7c8N-lTlOenJOhe9NDy6AeDD40WD3uZr9OYIskyOrShsE3NOPUCD1rk4yjaHe1i,20240123,松阪,8,F2,Ａ級準決勝,1,1,坂元　洋行,1,2,3,5,2024/01/23 11:21&nbsp;更新
r7c8N-lTlOenJOhe9NDy6Dd-eXBad3SWLtmTf2XvNrprTmKgexXFj_dOyfrgSK7r,20240123,松阪,9,F2,Ａ級準決勝,1,1,伊藤　世哉,1,2,1,4,2024/01/23 11:21&nbsp;更新
XzGw51U-QJL0SQ0YQD3SNjyYrEtW2AARD1NbU2y2v4Q7zYPXR4toI7LQ2w-uM8mR,20240123,小松島,1,F2,Ａ級チャレンジ一般,1,1,小磯　知也,2,4,5,4,2024/01/23 07:03&nbsp;更新
XzGw51U-QJL0SQ0YQD3SNhiDYH_-1EwVkwXz86NZKOMWrsDoTLUD7SaUB49Q5xsr,20240123,小松島,2,F2,Ａ級チャレンジ一般,1,1,滝山　実,1,3,1,"5,6",2024/01/23 07:03&nbsp;更新
XzGw51U-QJL0SQ0YQD3SNqmaaalOtlarNW8fhX9Epr4_1jiu3JbLbq9-In4UbJzR,20240123,小松島,3,F2,Ａ級チャレンジ選抜,1,1,二條　祐也,2,3,5,3,2024/01/23 08:01&nbsp;更新
XzGw51U-QJL0SQ0YQD3SNi2zX3ZIXpEm4IcXbcfuZGrq9Ufju2VYrMVPbCLbDMq9,20240123,小松島,4,F2,Ａ級チャレンジ選抜,1,1,三ツ石康洋,7,5,4,7,2024/01/23 07:03&nbsp;更新
XzGw51U-QJL0SQ0YQD3SNmhYB9K0EK7Lj8d-qmkftveYNmeRNPfccBZMLIAuBf-r,20240123,小松島,5,F2,Ａ級チャレンジ決勝,1,1,阿竹　智史,7,1,2,3,2024/01/23 07:03&nbsp;更新
XzGw51U-QJL0SQ0YQD3SNmt203swxvlBhAkFULTme28V1w3ReDK6HzEC-pz2lHV4,20240123,小松島,6,F2,Ａ級一般,1,1,小磯　知也,3,7,2,1,2024/01/23 07:03&nbsp;更新
XzGw51U-QJL0SQ0YQD3SNu_fpAs8zqHVO1XJaiewWONbT_T7rli8cK1IyaTXpBHb,20240123,小松島,7,F2,Ａ級一般,1,1,滝山　実,3,1,6,1,2024/01/23 07:03&nbsp;更新
XzGw51U-QJL0SQ0YQD3SNoE8AOzpyHiAqb1E3O7BGqX7iMQYhlxwUcf1WNfKhoRr,20240123,小松島,8,F2,Ａ級一般,1,1,阿竹　智史,2,4,1,2,2024/01/23 07:03&nbsp;更新
XzGw51U-QJL0SQ0YQD3SNkz21qauvboOaDojAc0d5p2gnlFHLFndMTvM9YTQkuj3,20240123,小松島,9,F2,Ａ級特選,1,1,二條　祐也,7,3,4,1,2024/01/23 07:03&nbsp;更新
XzGw51U-QJL0SQ0YQD3SNgFmjEWMzHN1fGNdtzYLHY4bkS1zWS6VbmPfCNqMeQIg,20240123,小松島,10,F2,Ａ級特選,1,1,滝山　実,1,7,7,4,2024/01/23 07:03&nbsp;更新
XzGw51U-QJL0SQ0YQD3SNnQ7-Vt2XyZZYQH5krMiuvcNAEiJMbsUF0nhybSp5zy5,20240123,小松島,11,F2,Ａ級特選,1,1,三ツ石康洋,5,1,6,3,2024/01/23 07:03&nbsp;更新
XzGw51U-QJL0SQ0YQD3SNlZubQUEIFIq6fSqnaQUzyAqwFZQHMF3AqlNURfxoHyD,20240123,小松島,12,F2,Ａ級決勝,1,1,阿竹　智史,1,3,2,"1,7",2024/01/23 07:03&nbsp;更新
L-h0DRY0KFM8zxiuG3qDbMDdSDHRM53JQHDXtBdbDWirhz7AjckLlsZ8KVmHq5BF,20240123,松山,1,F2,Ａ級チャレンジ一般,1,1,黒田　大介,1,2,5,"1,4",2024/01/23 13:23&nbsp;更新
L-h0DRY0KFM8zxiuG3qDbKyP1DhglIU1F60WQBIqgGpcrDqQ9S7QNGD38YisWvpr,20240123,松山,2,F2,Ａ級チャレンジ一般,1,1,吉岡伸太郎,1,2,3,1,2024/01/23 19:16&nbsp;更新
L-h0DRY0KFM8zxiuG3qDbGBzEtHQfFMYwlP_KcmZmLD9pes5VTvyY4ZszOM3nHyf,20240123,松山,3,F2,Ａ級チャレンジ準決勝,1,1,横内　裕人,1,2,1,5,2024/01/23 13:23&nbsp;更新
L-h0DRY0KFM8zxiuG3qDbDD6AIk0h_atOS6LJQ1n1zqc3prPZHdm3LktkwUcZp7x,20240123,松山,4,F2,Ａ級チャレンジ準決勝,1,1,大西　祐,1,2,2,4,2024/01/23 13:23&nbsp;更新
L-h0DRY0KFM8zxiuG3qDbHnyusFJyaxedCm9hszO81X6UqhN9YtwLCHz8PjXmiAz,20240123,松山,5,F2,Ａ級特一般,1,1,吉岡伸太郎,1,2,3,6,2024/01/23 13:23&nbsp;更新
L-h0DRY0KFM8zxiuG3qDbBz7vZDmO4lxLnlrh5gIRWDb-H107ubuNdR5xDfSCJQL,20240123,松山,6,F2,Ａ級特一般,1,1,黒田　大介,1,2,1,3,2024/01/23 13:23&nbsp;更新
L-h0DRY0KFM8zxiuG3qDbL5Dyq1Q3IzsJroJPuyqFD_21U5duyKfNeNOItdi9gOq,20240123,松山,7,F2,Ａ級準決勝,1,1,横内　裕人,1,2,6,1,2024/01/23 13:23&nbsp;更新
L-h0DRY0KFM8zxiuG3qDbMteD60E9uOS2VwWdlOdE9WS63XMWBhPngfJYN1tkBJ1,20240123,松山,8,F2,Ａ級準決勝,1,1,吉岡伸太郎,1,2,4,7,2024/01/23 13:23&nbsp;更新
L-h0DRY0KFM8zxiuG3qDbHlGU6alaKF4-5zZepv_quTVzBBAGeBde2T9rPPDirUb,20240123,松山,9,F2,Ａ級準決勝,1,1,大西　祐,1,2,4,1,2024/01/23 13:23&nbsp;更新
gIRMXgAGv6muOiBOKbDFD_4kZl7Xmme6gMh5iab0BWAQLaJpOJzh0uQDH1A75AtV,20240124,宇都宮,1,F1,Ａ級一般,1,1,菊池　崇訓,1,7,3,7,2024/01/24 07:02&nbsp;更新
gIRMXgAGv6muOiBOKbDFD41M8wU87q39_rdwInC_mc66Ew0jye7B3_ohzELxEcJn,20240124,宇都宮,2,F1,Ａ級一般,1,1,羽石　国臣,1,2,"6,7",,2024/01/24 07:02&nbsp;更新
gIRMXgAGv6muOiBOKbDFD_U0yC3HGMGhrTeXJicYqZg9qMPWBoHOU76DlVdGy2B8,20240124,宇都宮,3,F1,Ａ級特選,1,1,菊池　崇訓,4,3,6,1,2024/01/24 07:02&nbsp;更新
gIRMXgAGv6muOiBOKbDFD_yFj2WM8ruJMdmFfkeuA-9xEDPnPlpmRI8Kuy3TJc1q,20240124,宇都宮,4,F1,Ａ級特選,1,1,羽石　国臣,2,1,"5,6",,2024/01/24 07:02&nbsp;更新
gIRMXgAGv6muOiBOKbDFD1qqiyyXriVmLTl-ReAeeYKazVk3gEHBxvzzOZGRoHm6,20240124,宇都宮,5,F1,Ｓ級一般,1,1,小坂　敏之,7,1,"1,6",,2024/01/24 07:02&nbsp;更新
gIRMXgAGv6muOiBOKbDFD7QxDzjAZpdSmCMdqhvwcCsIAYAZ-kuj7aMyd36NRvEN,20240124,宇都宮,6,F1,Ｓ級一般,1,1,黒崎　直行,1,7,7,4,2024/01/24 07:02&nbsp;更新
gIRMXgAGv6muOiBOKbDFD3lDn-aGc9C05O7zirSmkMi4o68cYiO1bp-8VhDXO9Cb,20240124,宇都宮,7,F1,Ｓ級一般,1,1,小坂　敏之,3,5,4,1,2024/01/24 07:02&nbsp;更新
gIRMXgAGv6muOiBOKbDFDzBnU2QKiKkkgR_g-0PxPZviTCO2BW8oSe15Fi90ebKt,20240124,宇都宮,8,F1,Ｓ級特選,1,1,中川　貴徳,2,7,1,7,2024/01/24 07:02&nbsp;更新
gIRMXgAGv6muOiBOKbDFD8H_sl_R1mxc9BqSKB883IQ3qKKP1LL13fOYNK90g3JB,20240124,宇都宮,9,F1,Ｓ級特選,1,1,小坂　敏之,7,3,1,6,2024/01/24 07:02&nbsp;更新
gIRMXgAGv6muOiBOKbDFD4J9CnurckbgQZqkjcUejyXZ2fjYpb5-XCGCvrOP0Wra,20240124,宇都宮,10,F1,Ｓ級特選,1,1,黒崎　直行,5,2,2,4,2024/01/24 07:02&nbsp;更新
gIRMXgAGv6muOiBOKbDFD7bmoOklxRQUOJy7cM93Zf_BEZoQJj3GuRHX2nWHNAQl,20240124,宇都宮,11,F1,Ａ級決勝,1,1,菊池　崇訓,7,1,7,6,2024/01/24 07:02&nbsp;更新
gIRMXgAGv6muOiBOKbDFD0p6WsKxdRojTbWVeKk6CZ5uD9XZBNDYMHkHIzd7ZtI3,20240124,宇都宮,12,F1,Ｓ級決勝,1,1,中川　貴徳,3,4,1,5,2024/01/24 07:02&nbsp;更新
wWGgXEq2uuee3jKNfyXvkFxVTd7_3abHpK4NVlxk2iV798RyP-FVZKNtVJltuKtE,20240124,松戸,1,F1,Ａ級一般,1,1,吉竹　雄城,2,1,6,5,2024/01/24 07:02&nbsp;更新
wWGgXEq2uuee3jKNfyXvkPGAdS9br4MlR700a5oApDgPaqMhhcw9_e6TU1O7qoe5,20240124,松戸,2,F1,Ａ級一般,1,1,小林　稜武,2,4,1,5,2024/01/24 07:02&nbsp;更新
wWGgXEq2uuee3jKNfyXvkPAtxGncuUQTYKVREwf8Sql_64zv3ifAMRL8t_aLF2Fa,20240124,松戸,3,F1,Ａ級準決勝,1,1,金野　俊秋,5,7,3,5,2024/01/24 07:02&nbsp;更新
wWGgXEq2uuee3jKNfyXvkIcQsm5AWpBwjHMhU1LipjnswxiWBGgoDYuVS7wyoLhd,20240124,松戸,4,F1,Ａ級準決勝,1,1,水書　義弘,2,5,2,1,2024/01/24 07:02&nbsp;更新
wWGgXEq2uuee3jKNfyXvkAkuK-cI8vOasmEjCs9hf181JFiOVhftgDsmWeleRahq,20240124,松戸,5,F1,Ａ級準決勝,1,1,吉竹　雄城,4,7,3,2,2024/01/24 07:02&nbsp;更新
wWGgXEq2uuee3jKNfyXvkCWr_nC3YbyOKgwmzAlHKOt5ltAfYWt2spivSzv9dg2l,20240124,松戸,6,F1,Ｓ級一般,1,1,金野　俊秋,1,2,4,"3,7",2024/01/24 07:02&nbsp;更新
wWGgXEq2uuee3jKNfyXvkH4pQ7QOqPIzO12fx2uX-Sz0X1wvvhS0qiJYLuhlDaHN,20240124,松戸,7,F1,Ｓ級一般,1,1,染谷　幸喜,7,1,1,6,2024/01/24 07:02&nbsp;更新
wWGgXEq2uuee3jKNfyXvkGLWuQjxT8kNPxO3MukXf8KIDS6pbvkeeCz0lk-e8-xb,20240124,松戸,8,F1,Ｓ級選抜,1,1,小林　稜武,2,5,3,,2024/01/24 07:02&nbsp;更新
wWGgXEq2uuee3jKNfyXvkGxzc_j4O0gUu2gb5YXM5P1fNmyfK8S9PolyaioVtHTN,20240124,松戸,9,F1,Ｓ級選抜,1,1,水書　義弘,5,7,5,3,2024/01/24 07:02&nbsp;更新
wWGgXEq2uuee3jKNfyXvkMsslZDw3bhAvsHMB3XqRA4pJG6SMhhqwY4qyEFgnONp,20240124,松戸,10,F1,Ｓ級準決勝,1,1,金野　俊秋,5,2,3,1,2024/01/24 07:02&nbsp;更新
wWGgXEq2uuee3jKNfyXvkEgFiRtWNZ5guAk2p3xygrmf_0G_1FwDsbzZKFYHVudX,20240124,松戸,11,F1,Ｓ級準決勝,1,1,染谷　幸喜,3,2,6,"1,3",2024/01/24 07:02&nbsp;更新
wWGgXEq2uuee3jKNfyXvkHTxou1WwNPAAhxr9w1GuSqSgzDudfLZY3CDxFTImopT,20240124,松戸,12,F1,Ｓ級準決勝,1,1,小林　稜武,7,1,1,6,2024/01/24 07:02&nbsp;更新
pjpbN8xQZYQT1-bYupLW5xixSK0m5pTrSX9WDxptmSzO2-SKb18J31ssH2J20OnQ,20240124,小田原,1,F2,Ａ級予選,1,1,旭　啓介,1,5,5,4,2024/01/24 07:02&nbsp;更新
pjpbN8xQZYQT1-bYupLW5yZB6rAhVUrgArj-4B-lHQGrlIoctYvXDlGPK47AtKKF,20240124,小田原,2,F2,Ａ級予選,1,1,安藤　宜明,7,2,6,1,2024/01/24 07:02&nbsp;更新
pjpbN8xQZYQT1-bYupLW5xL1hjG0rsqsZ9Y8TsPyiMK8m64lBK2O1cTn2NfwBrKQ,20240124,小田原,3,F2,Ａ級予選,1,1,桐山敬太郎,7,3,4,3,2024/01/24 07:02&nbsp;更新
pjpbN8xQZYQT1-bYupLW55kJ1uoMydzTEU5lBzO7ma70aOd5BA-nH5tl0JrRzt_d,20240124,小田原,4,F2,Ａ級予選,1,1,伊豆田浩人,4,1,6,1,2024/01/24 07:02&nbsp;更新
pjpbN8xQZYQT1-bYupLW50eotPg6RlwI8WBWoXWJP4-r5dM8SBX0tH7utjLj-WXh,20240124,小田原,5,F2,Ａ級予選,1,1,旭　啓介,3,5,5,"1,2",2024/01/24 07:02&nbsp;更新
pjpbN8xQZYQT1-bYupLW5-bM5l8JumciGNEmy9vakwLFfG53R2IQXEBUh_EpHsaS,20240124,小田原,6,F2,Ａ級予選,1,1,安藤　宜明,4,5,4,7,2024/01/24 07:02&nbsp;更新
pjpbN8xQZYQT1-bYupLW5w__LyT6ul5KDMfmTGl3T5GG4E0fuMJHfd1n7cxZGx2W,20240124,小田原,7,F2,Ａ級初日特選,1,1,桐山敬太郎,3,1,2,6,2024/01/24 07:02&nbsp;更新
r7c8N-lTlOenJOhe9NDy6EZx_WwYvXKTUgSbBTLDEjVPLU6yXuPlvlvRJZtTmxcm,20240124,松阪,1,F2,Ｌ級ガールズ一般,1,1,伊藤　世哉,1,2,"1,5",,2024/01/24 19:15&nbsp;更新
r7c8N-lTlOenJOhe9NDy6LSiCss0vSmgaU3pR_k3Q9En8pop_xyALvZZx2psPSTY,20240124,松阪,2,F2,Ａ級一般,1,1,永原　徹,1,2,2,4,2024/01/24 11:06&nbsp;更新
r7c8N-lTlOenJOhe9NDy6BUw0kJ8NOE4FAwl5su2bNYUiDNLk2UzHvCxUmb5KkjP,20240124,松阪,3,F2,Ａ級一般,1,1,西田　潤,1,2,6,,2024/01/24 11:06&nbsp;更新
r7c8N-lTlOenJOhe9NDy6HWClXyvVgSgse2ifU4dMGICERJ0vhtkVYqwHztWE0qH,20240124,松阪,4,F2,Ａ級一般,1,1,永原　徹,1,2,4,2,2024/01/24 11:06&nbsp;更新
r7c8N-lTlOenJOhe9NDy6F9zI3xV5BjMX99XrF9v4K541IOCekPmrLGBrrh9mOVC,20240124,松阪,5,F2,Ａ級特選,1,1,坂元　洋行,1,2,3,1,2024/01/24 11:06&nbsp;更新
r7c8N-lTlOenJOhe9NDy6NtPObGNlD6shgW59BG-W91KLb91uMmcpZ5grFFbxJpu,20240124,松阪,6,F2,Ａ級特選,1,1,伊藤　世哉,1,2,4,2,2024/01/24 11:06&nbsp;更新
r7c8N-lTlOenJOhe9NDy6HB69Bks27xiIqOZcRuzXtSfAyfVC0AqA6BYchgQl7ps,20240124,松阪,7,F2,Ａ級特選,1,1,西田　潤,1,2,5,2,2024/01/24 11:06&nbsp;更新
r7c8N-lTlOenJOhe9NDy6OaBSBY09BQsO1oldDlcIkMYxi2FcIryXdEBPUxyIpRJ,20240124,松阪,8,F2,Ｌ級ガールズ決勝,1,1,坂元　洋行,1,2,3,5,2024/01/24 11:06&nbsp;更新
r7c8N-lTlOenJOhe9NDy6NHdAByxPxJDcEKCRbErRX54s7SqOrJKuUVizAAYCSv0,20240124,松阪,9,F2,Ａ級決勝,1,1,伊藤　世哉,1,2,7,1,2024/01/24 11:06&nbsp;更新
L-h0DRY0KFM8zxiuG3qDbNT5CdTACjqw_o7Yzkr0d2GeyeTge73v_hgABObr8zTG,20240124,松山,1,F2,Ａ級チャレンジ一般,1,1,黒田　大介,1,2,4,"3,6",2024/01/24 13:36&nbsp;更新
L-h0DRY0KFM8zxiuG3qDbDiKTn-PhyyR_PZQUvue30HIjiQJRW541Qt3aC08cH1O,20240124,松山,2,F2,Ａ級チャレンジ一般,1,1,横内　裕人,1,2,"1,2,5",,2024/01/24 13:36&nbsp;更新
L-h0DRY0KFM8zxiuG3qDbBRlMB7U-eae-Yag7RRR0RjmCCCXjCxv7_7LLsUPHNs0,20240124,松山,3,F2,Ａ級チャレンジ選抜,1,1,吉岡伸太郎,1,2,7,6,2024/01/24 13:36&nbsp;更新
L-h0DRY0KFM8zxiuG3qDbIGEbF16ir9KkQFzLUod1Ul9_rZFJ0S08HNyEiPTfcWp,20240124,松山,4,F2,Ａ級特一般,1,1,大西　祐,1,"2,3",7,4,2024/01/24 13:36&nbsp;更新
L-h0DRY0KFM8zxiuG3qDbN5UaeMcg843WNSwRwlyzOVwVPJIEKIZ8Dw2L_58QzQt,20240124,松山,5,F2,Ａ級特一般,1,1,横内　裕人,1,2,5,1,2024/01/24 13:36&nbsp;更新
L-h0DRY0KFM8zxiuG3qDbOD3tmo7HU6AcslIIdJ_eQNpSP2EWNYNUYUc5KHTzTUu,20240124,松山,6,F2,Ａ級特選,1,1,黒田　大介,1,2,3,5,2024/01/24 13:36&nbsp;更新
L-h0DRY0KFM8zxiuG3qDbJkgZGOTKUCykzyNEq_gSEqvgDSgTRsb_eprcdE1Da3T,20240124,松山,7,F2,Ａ級特選,1,1,吉岡伸太郎,1,2,4,7,2024/01/24 13:36&nbsp;更新
L-h0DRY0KFM8zxiuG3qDbOVlIPfbjWr4wdOSzMNEItITSohel-HXrfw_mvcVr7fA,20240124,松山,8,F2,Ａ級チャレンジ決勝,1,1,横内　裕人,1,2,3,2,2024/01/24 19:16&nbsp;更新
L-h0DRY0KFM8zxiuG3qDbMjrXIIsAyaJZ_8SMEqasNdK0znxs2Cndf6VRMog-jGU,20240124,松山,9,F2,Ａ級決勝,1,1,大西　祐,1,2,7,2,2024/01/24 13:36&nbsp;更新
