﻿race_encp,race_date,track,race_no,grade,syumoku,syoriKbn,syusouInfoExistFlg,yudoSensyuName,raceResult1Syaban,raceResult2Syaban,backCnt1Syaban,backCnt2Syaban,lastUpdateTime
hHQoBSTIFmBY5TBll3-vbvZj4iS8P2rLLxGiTwIK8eIPrfqZc0nl15pmTRqyG1QB,20240301,玉野,1,G3,Ｓ級選抜,1,1,近藤　修康,5,3,9,6,2024/03/01 07:02&nbsp;更新
hHQoBSTIFmBY5TBll3-vbiNJ4pwpl2Ncd-fOmJnzJMCsqjEl6F72TDl1dKPKKv90,20240301,玉野,2,G3,Ｓ級選抜,1,1,丹波　靖貴,7,2,2,3,2024/03/01 07:02&nbsp;更新
hHQoBSTIFmBY5TBll3-vbs7BujxvlGf-Pcmq_w2CKy3w4baqU1h7aqlw6KhXUuhf,20240301,玉野,3,G3,Ｓ級選抜,1,1,守谷　陽介,7,9,5,4,2024/03/01 07:02&nbsp;更新
hHQoBSTIFmBY5TBll3-vbhwW1lTJffsBMcoou7pODqBHyFa-ihNfuHbanC2utugr,20240301,玉野,4,G3,Ｓ級選抜,1,1,峰重祐之介,7,5,8,7,2024/03/01 07:02&nbsp;更新
hHQoBSTIFmBY5TBll3-vbuYbjPPKJ-efi-F6_W7uzJcoeiva3rhlqrf7Y8F-T-Hh,20240301,玉野,5,G3,Ｓ級選抜,1,1,田中　勇二,2,9,8,2,2024/03/01 07:02&nbsp;更新
hHQoBSTIFmBY5TBll3-vbq0OLn9Rn0g5JM5drKCQ-5Deja0S8BQGychFrhCHkZl9,20240301,玉野,6,G3,Ｓ級二次予選,1,1,近藤　修康,2,3,6,2,2024/03/01 07:02&nbsp;更新
hHQoBSTIFmBY5TBll3-vbsfa3o63ptoIY9_n-pQz2pRPOg4w3STOnvGT1FF8QzRd,20240301,玉野,7,G3,Ｓ級二次予選,1,1,丹波　靖貴,3,1,9,5,2024/03/01 07:02&nbsp;更新
hHQoBSTIFmBY5TBll3-vbnrFxVw4ch6ECHRRpg_rVMmOEFfZlCfQ3RxcSDVn1sFA,20240301,玉野,8,G3,Ｓ級二次予選,1,1,守谷　陽介,3,7,5,1,2024/03/01 07:02&nbsp;更新
hHQoBSTIFmBY5TBll3-vbnPqlXpuzoVUlmo7x90FOEquihUOy_W_rBZ_JKJGTks5,20240301,玉野,9,G3,Ｓ級二次予選,1,1,峰重祐之介,9,2,2,5,2024/03/01 07:02&nbsp;更新
hHQoBSTIFmBY5TBll3-vbo4jpqz7K0n2JUiZpRnh0PQCnfblvO-yy413yzhWEpoo,20240301,玉野,10,G3,Ｓ級二次予選,1,1,近藤　修康,7,3,5,9,2024/03/01 07:02&nbsp;更新
hHQoBSTIFmBY5TBll3-vbseJiQeMamxQSBkhuBaiVht1ioo9tJyLPqOvQ3p-6tCX,20240301,玉野,11,G3,Ｓ級二次予選,1,1,丹波　靖貴,1,9,7,3,2024/03/01 07:02&nbsp;更新
hHQoBSTIFmBY5TBll3-vboaMRfZQdfSmJsFlOqDqhhTIphPrWq-WIwYsk_BaN1t8,20240301,玉野,12,G3,Ｓ級二次予選,1,1,田中　勇二,1,3,9,4,2024/03/01 07:02&nbsp;更新
4y6dPhGvcrSladdkbHuti7lkNiKRIIkVSuXE5W0nuw6ixTo5TDGF2vhUg5E9v5Mt,20240301,いわき平,1,F1,Ａ級予選,1,1,阿部　宏之,4,1,7,6,2024/03/01 07:02&nbsp;更新
4y6dPhGvcrSladdkbHuti18L8ih9zi5aABSaWqOVoYw0GS8xXAIyC_aPwv2qpAuf,20240301,いわき平,2,F1,Ａ級予選,1,1,中田　雄喜,2,5,4,5,2024/03/01 07:02&nbsp;更新
4y6dPhGvcrSladdkbHuti6Kug5XxBb-88bjOUPWuVYvCT_UK6j-huS-n1dcbhF2E,20240301,いわき平,3,F1,Ａ級予選,1,1,高橋　幸司,3,4,4,6,2024/03/01 07:02&nbsp;更新
4y6dPhGvcrSladdkbHuti4bukhD9S7UNUf0T4WpniAxYT1c_pIOK7xaFH0ebray-,20240301,いわき平,4,F1,Ａ級予選,1,1,阿部　宏之,5,1,3,7,2024/03/01 07:02&nbsp;更新
4y6dPhGvcrSladdkbHuti3uPT0QHqiTVFJEeoZvsb6OQiCmwZIts2DdbBJleFQXt,20240301,いわき平,5,F1,Ａ級初日特選,1,1,泉　慶輔,7,4,7,1,2024/03/01 07:02&nbsp;更新
4y6dPhGvcrSladdkbHuti2dhX3NrOj1GmYKU94apwMGgANkz7_1sTYQe-2Y5YHDv,20240301,いわき平,6,F1,Ｓ級予選,1,1,関根　崇人,7,2,3,2,2024/03/01 07:02&nbsp;更新
4y6dPhGvcrSladdkbHutiyQktH0p2tRL5aKqkjCJMcCdLY_6j6QwaIbdu0nk_xXs,20240301,いわき平,7,F1,Ｓ級予選,1,1,中田　雄喜,7,1,2,4,2024/03/01 07:02&nbsp;更新
4y6dPhGvcrSladdkbHuti_zq0lVkkvtssBA3hyvalHThUMzSs5c5ieD_7nQ5rgUZ,20240301,いわき平,8,F1,Ｓ級予選,1,1,高橋　幸司,1,4,3,"4,7",2024/03/01 07:02&nbsp;更新
4y6dPhGvcrSladdkbHuti9WKlg3hVw-kEK1vMObKdYlNmTZzvM1iGHFLae6gGKtd,20240301,いわき平,9,F1,Ｓ級予選,1,1,泉　慶輔,5,7,1,5,2024/03/01 07:02&nbsp;更新
4y6dPhGvcrSladdkbHuti69UrxSCI5K_W2iSGSOBnJkl3I_mxpoct_SKQ6xp8zcS,20240301,いわき平,10,F1,Ｓ級予選,1,1,関根　崇人,2,7,7,6,2024/03/01 07:02&nbsp;更新
4y6dPhGvcrSladdkbHutizwy8WgftMH4UC7yzV8oq9NJ4YeKKhoZVo3Xt-HNX1yX,20240301,いわき平,11,F1,Ｓ級予選,1,1,中田　雄喜,4,1,4,3,2024/03/01 07:02&nbsp;更新
4y6dPhGvcrSladdkbHuti1iOAtdM3Bo4JpOq8Cd28VatMsG-shMYViSWkNvM_BUW,20240301,いわき平,12,F1,Ｓ級初日特選,1,1,泉　慶輔,4,2,5,7,2024/03/01 07:02&nbsp;更新
II_18ke30tFAZvFi9_0G4CzCE4v6edtyv_37GC35PtTHPJfqydTW53BaOp0_o5bO,20240301,大宮,1,F1,Ａ級予選,1,1,峠　祐介,1,2,6,"2,7",2024/03/01 07:02&nbsp;更新
II_18ke30tFAZvFi9_0G4HjJOTY73cCT7iCsOfQn95VbKuvoby3Ezh0sB7lhH9uU,20240301,大宮,2,F1,Ａ級予選,1,1,山信田　学,2,4,"5,7",,2024/03/01 07:02&nbsp;更新
II_18ke30tFAZvFi9_0G4KRAnIpj0FwTGhcs85nN6TJjH4KlnSYa1zHnuqcqhvCn,20240301,大宮,3,F1,Ａ級予選,1,1,相川　巧,3,1,1,4,2024/03/01 07:02&nbsp;更新
II_18ke30tFAZvFi9_0G4NncE4LC-1R50O-H759MGFDdZA7XNv7-O8FkKpc2btiS,20240301,大宮,4,F1,Ａ級予選,1,1,峠　祐介,7,1,3,7,2024/03/01 07:02&nbsp;更新
II_18ke30tFAZvFi9_0G4GzZfwy9h8b5nF8Cgj1GyMe24u_sZeYkk22EdRYtH1JV,20240301,大宮,5,F1,Ａ級初日特選,1,1,大澤　雄大,2,7,2,3,2024/03/01 07:02&nbsp;更新
II_18ke30tFAZvFi9_0G4OOYs6eMD8EnXi6ZR86LY14nVRhtCGCCEbCfJ6rlUmr2,20240301,大宮,6,F1,Ｓ級予選,1,1,山信田　学,5,1,2,4,2024/03/01 07:02&nbsp;更新
II_18ke30tFAZvFi9_0G4EPch6tp3s04H3N99nQcy-1I7f0MO_1n0jeka1DwBgAf,20240301,大宮,7,F1,Ｓ級予選,1,1,高橋　泰裕,1,2,3,5,2024/03/01 07:02&nbsp;更新
II_18ke30tFAZvFi9_0G4PVwaFr7BLZ6rsWPMDnqj1y4fk37qgnBlKOZ1AebjCtW,20240301,大宮,8,F1,Ｓ級予選,1,1,相川　巧,4,5,6,4,2024/03/01 07:02&nbsp;更新
II_18ke30tFAZvFi9_0G4BFxJQcSseLmAb_suLMN09fynVzFxyBcAXzbRQSUNhA8,20240301,大宮,9,F1,Ｓ級予選,1,1,峠　祐介,1,7,1,3,2024/03/01 07:02&nbsp;更新
II_18ke30tFAZvFi9_0G4NYaWJqQ5okWJNAPGYC-bfIY7ygx1bmwDSZRmBlZNksu,20240301,大宮,10,F1,Ｓ級予選,1,1,大澤　雄大,7,5,5,2,2024/03/01 07:02&nbsp;更新
II_18ke30tFAZvFi9_0G4KFrYRGfYJyHUH0-g3R7wOS5Y_t_b1j1OaDNKP53OnKI,20240301,大宮,11,F1,Ｓ級予選,1,1,山信田　学,2,7,7,6,2024/03/01 07:02&nbsp;更新
II_18ke30tFAZvFi9_0G4M3FdexFdC9Rtb1WYoPhrb5K9FCaMj5aS87wLDtjsSmE,20240301,大宮,12,F1,Ｓ級初日特選,1,1,高橋　泰裕,7,1,1,6,2024/03/01 07:02&nbsp;更新
w57HAKWIMSmn3TMso-iDi2bEhgFOunGMQEdncA72U_RtG6cDFATht9QE1anEMyBJ,20240301,佐世保,1,F1,Ａ級一般,1,1,船倉　卓郎,1,5,2,"1,6",2024/03/01 07:02&nbsp;更新
w57HAKWIMSmn3TMso-iDi7jKs01GR17L4pJbAGUqK_AwVD4mOUCre1JxLpxRjIb9,20240301,佐世保,2,F1,Ａ級一般,1,1,松尾　大樹,1,5,7,5,2024/03/01 07:02&nbsp;更新
w57HAKWIMSmn3TMso-iDi40I0vej0LHK6ThAbkBIH26g3FWmCZxjxe3iMnhey6bJ,20240301,佐世保,3,F1,Ａ級特選,1,1,山口　龍也,4,7,1,2,2024/03/01 07:02&nbsp;更新
w57HAKWIMSmn3TMso-iDizHiKsTiESYCENV6SY1-vq5LIVbzZiwjTbeIrpGenRDd,20240301,佐世保,4,F1,Ａ級特選,1,1,船倉　卓郎,7,2,6,3,2024/03/01 07:02&nbsp;更新
w57HAKWIMSmn3TMso-iDiwMSMdhnW-hcYmlLPcBB-uLa__dx93UzH9_7mPeutORQ,20240301,佐世保,5,F1,Ｓ級一般,1,1,阪本　正和,3,4,2,3,2024/03/01 07:02&nbsp;更新
w57HAKWIMSmn3TMso-iDi07UlPvzO6wQomg2B9MU28_WRMDgKuetrmU95EuEBOhU,20240301,佐世保,6,F1,Ｓ級一般,1,1,井手　健,5,3,2,1,2024/03/01 07:02&nbsp;更新
w57HAKWIMSmn3TMso-iDiwiCs0xcTzL7TXwwQtBmohRmCChBEjo52O3EcTztNw5s,20240301,佐世保,7,F1,Ｓ級一般,1,1,松尾　大樹,1,2,1,6,2024/03/01 07:02&nbsp;更新
w57HAKWIMSmn3TMso-iDi62LefpQIWMQXc04lBDl7R4W02XHTgt7ZJgH8wQe4fGb,20240301,佐世保,8,F1,Ｓ級特選,1,1,阪本　正和,7,4,6,5,2024/03/01 07:02&nbsp;更新
w57HAKWIMSmn3TMso-iDi3ArUIHEhfeI2D8-wEKwTc7U55yjX20V7j-bRMuqERnB,20240301,佐世保,9,F1,Ｓ級特選,1,1,山口　龍也,5,1,6,7,2024/03/01 07:02&nbsp;更新
w57HAKWIMSmn3TMso-iDi_PE4cLBkZZ3ohkDr8xfeGpiI_ZrEmuGn8PYt0w7sh5X,20240301,佐世保,10,F1,Ｓ級特選,1,1,井手　健,2,5,1,6,2024/03/01 07:02&nbsp;更新
w57HAKWIMSmn3TMso-iDi44X2PTS4GZEqzXItLo26boU4rp2-gKTxB-OcyskmCJc,20240301,佐世保,11,F1,Ａ級決勝,1,1,船倉　卓郎,1,3,2,7,2024/03/01 07:02&nbsp;更新
w57HAKWIMSmn3TMso-iDiz3rn63FeBzWjR3mbTasVXtCZUdH0_E0m8e34y-fhwjN,20240301,佐世保,12,F1,Ｓ級決勝,1,1,阪本　正和,1,7,3,5,2024/03/01 07:02&nbsp;更新
qB0b7MkHtkbTo5CbxWit42oodIJ008DIwHWPKtnynXUzFakc9QJFbTYcq2ZQRpXJ,20240301,川崎,1,F2,Ａ級チャレンジ一般,1,1,藤田　和彦,1,2,2,7,2024/03/01 07:02&nbsp;更新
qB0b7MkHtkbTo5CbxWit44Ez63vrZcYENBjGrWw0UMTVxRRr-RtyCK8UX7_VH28e,20240301,川崎,2,F2,Ａ級チャレンジ一般,1,1,巴　直也,1,2,3,"2,6",2024/03/01 18:42&nbsp;更新
qB0b7MkHtkbTo5CbxWit43UXVfvLXGojDnUZxuVHsR0UeB96UZYsA9EISwl8znQL,20240301,川崎,3,F2,Ａ級チャレンジ選抜,1,1,三住　博昭,1,2,4,,2024/03/01 07:02&nbsp;更新
qB0b7MkHtkbTo5CbxWit48xEyntyedcQBD59M28zz6ScHmqLcICWxUCZujUWJbTW,20240301,川崎,4,F2,Ａ級特一般,1,1,藤田　和彦,1,2,7,1,2024/03/01 07:02&nbsp;更新
qB0b7MkHtkbTo5CbxWit47dQCEVePakmSVvOQdJnbLspgwMMJwlb4em4ekSwr2do,20240301,川崎,5,F2,Ａ級特一般,1,1,松坂　英司,1,2,1,5,2024/03/01 07:02&nbsp;更新
qB0b7MkHtkbTo5CbxWit4zzfc2U5-S2JUVLpBa6DfUBV8AKeQlw5tHiW2XqBFvSZ,20240301,川崎,6,F2,Ａ級特選,1,1,巴　直也,1,2,2,"3,7",2024/03/01 07:02&nbsp;更新
qB0b7MkHtkbTo5CbxWit49j8i__jM6TJTDUwRvNpqf8-ZegL7SxjPMROu1afBSyl,20240301,川崎,7,F2,Ａ級特選,1,1,三住　博昭,1,2,7,6,2024/03/01 07:02&nbsp;更新
qB0b7MkHtkbTo5CbxWit41csZcicXSFuOPESD0nItVND7DC2iasLqnsKXmMEm1Kr,20240301,川崎,8,F2,Ａ級チャレンジ決勝,1,1,藤田　和彦,1,2,5,4,2024/03/01 07:02&nbsp;更新
qB0b7MkHtkbTo5CbxWit44dPsVsdEphfl8Ecf2_pYKou1vg5tE3XauEAfYchJtuD,20240301,川崎,9,F2,Ａ級決勝,1,1,松坂　英司,1,2,1,7,2024/03/01 07:02&nbsp;更新
pjpbN8xQZYQT1-bYupLW58E3U_LQFh84OjEeLAeBkN2pSSodRGL6y1EYmA7gEREA,20240301,小田原,1,F2,Ａ級一般,1,1,遠澤　健二,5,4,5,1,2024/03/01 07:02&nbsp;更新
pjpbN8xQZYQT1-bYupLW57HeY3lxT0e616zf63JZlbo7ci2Ok9BENOkZt7VYgN3u,20240301,小田原,2,F2,Ａ級一般,1,1,桐山敬太郎,4,1,1,2,2024/03/01 07:02&nbsp;更新
pjpbN8xQZYQT1-bYupLW51LteFprhLGE6v3dgbxJVvxSb_23D3rXqoJAMLMmCscC,20240301,小田原,3,F2,Ａ級一般,1,1,中西　司,5,4,7,,2024/03/01 07:02&nbsp;更新
pjpbN8xQZYQT1-bYupLW55AKjWRS-AFQ0RlrH3-5ntfhTkUbLWgRwDat3toS299N,20240301,小田原,4,F2,Ａ級特選,1,1,小菅　誠,1,7,6,3,2024/03/01 07:02&nbsp;更新
pjpbN8xQZYQT1-bYupLW555v9P566mADMVZQ2eSVtKv4NLc7bbsxIpB1ZhBA0ayV,20240301,小田原,5,F2,Ａ級決勝,1,1,桐山敬太郎,2,3,"3,6",,2024/03/01 07:02&nbsp;更新
pjpbN8xQZYQT1-bYupLW5yza9lrd1MNLvJbb1_oxP3dXP2Fr8xaXw9efc-AzEh-X,20240301,小田原,6,F2,Ａ級特選,1,1,遠澤　健二,3,7,1,4,2024/03/01 07:02&nbsp;更新
pjpbN8xQZYQT1-bYupLW52LPfAZebxfYjipNIMCi3KJHibVXBFpiDB6EUgdx5Vkn,20240301,小田原,7,F2,Ａ級特選,1,1,小菅　誠,2,7,3,5,2024/03/01 07:02&nbsp;更新
qW-ZPX5Na0y9CaoMyhsv4wUF7S9QsVSdQA7EGou8zer0jlubA0pR0IP2gkSwSjYz,20240301,岐阜,1,F2,Ａ級チャレンジ予選,1,1,谷田　泰平,2,5,7,5,2024/03/01 10:00&nbsp;更新
qW-ZPX5Na0y9CaoMyhsv49PssKfVy_RwHkHs9AyTUyBoNqHWnegCq2gI7Yy9bN6y,20240301,岐阜,2,F2,Ａ級チャレンジ予選,1,1,吉村　和之,3,4,3,2,2024/03/01 07:02&nbsp;更新
qW-ZPX5Na0y9CaoMyhsv479BhFo0BTbyfV8vIOXKdaMnUeA31SASQ4CXWyLon-ac,20240301,岐阜,3,F2,Ａ級チャレンジ予選,1,1,柴田　祐也,2,4,4,2,2024/03/01 07:02&nbsp;更新
qW-ZPX5Na0y9CaoMyhsv46xKwS_lZEYUYoZSm20DmLnveIE3yXOxx3dPKCK7X8eP,20240301,岐阜,4,F2,Ａ級チャレンジ予選,1,1,松岡晋乃介,5,2,1,5,2024/03/01 07:02&nbsp;更新
qW-ZPX5Na0y9CaoMyhsv48Dbwm7wicEssI0c0L99aS-zgHO3gKRHPesH421ArMpd,20240301,岐阜,5,F2,Ａ級チャレンジ予選,1,1,鷲見　逸喜,7,4,7,3,2024/03/01 07:02&nbsp;更新
qW-ZPX5Na0y9CaoMyhsv49XUkEZc229UwxbiBTXbiWlENrpnErEmcHBNKn7IWivK,20240301,岐阜,6,F2,Ｌ級ガールズ予選（第１走）,1,1,谷田　泰平,5,2,4,"1,5",2024/03/01 07:02&nbsp;更新
qW-ZPX5Na0y9CaoMyhsv41qLZfPzHfYDuN_h7PA-W9e5ASZFD16coZOoPPn4kFFv,20240301,岐阜,7,F2,Ｌ級ガールズ予選（第１走）,1,1,吉村　和之,7,6,1,"4,7",2024/03/01 07:02&nbsp;更新
qW-ZPX5Na0y9CaoMyhsv45EdyAifO3BKLzTXIb1kb_P7qafk-YLsmZUR2BJ-jGxl,20240301,岐阜,8,F2,Ａ級特予選,1,1,柴田　祐也,3,1,6,"4,5",2024/03/01 07:02&nbsp;更新
qW-ZPX5Na0y9CaoMyhsv47rtmWBErLk6jyvem-2Tj95ul6H9a-2ZYMwmvq1xR7O3,20240301,岐阜,9,F2,Ａ級特予選,1,1,松岡晋乃介,1,5,4,7,2024/03/01 07:02&nbsp;更新
qW-ZPX5Na0y9CaoMyhsv498dvTAp0cNLhvnsDLRPz9IeJkaz44PpZHFhXfB9BP15,20240301,岐阜,10,F2,Ａ級特予選,1,1,鷲見　逸喜,2,5,5,7,2024/03/01 07:02&nbsp;更新
qW-ZPX5Na0y9CaoMyhsv4_fX4nK13DOM4I8anMkMIYxS8WDaqsHEt7DpcKpqxoXN,20240301,岐阜,11,F2,Ａ級特予選,1,1,谷田　泰平,5,1,5,4,2024/03/01 07:02&nbsp;更新
qW-ZPX5Na0y9CaoMyhsv4-0J36Zfo2-bEvBweoO9xLQDQGtQgLMhCHkEw5Z4NjFG,20240301,岐阜,12,F2,Ａ級初日特選,1,1,吉村　和之,2,1,3,1,2024/03/01 07:02&nbsp;更新
lrrgkIOCNWMkGpMAgnwNNi-EUpQJnd2amA94uCW2wZTUP70InKjlLIqM7cqJojE-,20240301,奈良,1,F2,Ａ級チャレンジ一般,1,1,肥後　公允,1,2,3,"4,5",2024/03/01 12:03&nbsp;更新
lrrgkIOCNWMkGpMAgnwNNr9eUjvLjZGKGAwqWkaY78nzc-5HEefXwnvPRpnHwpZS,20240301,奈良,2,F2,Ａ級チャレンジ一般,1,1,貴志　修己,1,2,2,1,2024/03/01 12:03&nbsp;更新
lrrgkIOCNWMkGpMAgnwNNnu5YZTCSuRUnndG7Xgu-W36ojCCLhF9BRt4jtNPAXIw,20240301,奈良,3,F2,Ａ級チャレンジ選抜,1,1,千原　洋晋,1,2,4,5,2024/03/01 12:03&nbsp;更新
lrrgkIOCNWMkGpMAgnwNNmPrYjfg-7Wf0V0E8c-OIv7X24E0tFBcqkLQRys52oeq,20240301,奈良,4,F2,Ａ級特一般,1,1,元砂　海人,1,2,1,7,2024/03/01 12:03&nbsp;更新
lrrgkIOCNWMkGpMAgnwNNhJXAoXOWu4FENL08e12Swac6IYBzwIVPr7RIdFO_Ruv,20240301,奈良,5,F2,Ａ級特一般,1,1,肥後　公允,1,2,1,3,2024/03/01 12:03&nbsp;更新
lrrgkIOCNWMkGpMAgnwNNqG_ZTpA4xD09l9waUX5Js3Dr3-7FjjPvQ4hnwttRr1z,20240301,奈良,6,F2,Ａ級特選,1,1,貴志　修己,1,2,1,5,2024/03/01 12:03&nbsp;更新
lrrgkIOCNWMkGpMAgnwNNqFmUllAceoAqX-haYELvcbcfTo3kXeBem5W1MXhLau-,20240301,奈良,7,F2,Ａ級特選,1,1,千原　洋晋,1,2,6,7,2024/03/01 12:03&nbsp;更新
lrrgkIOCNWMkGpMAgnwNNgZyudtJKjSUXqNE5I6vDi4y1RHVkFj2CyqosmUVrByA,20240301,奈良,8,F2,Ａ級チャレンジ決勝,1,1,元砂　海人,1,2,6,2,2024/03/01 12:03&nbsp;更新
lrrgkIOCNWMkGpMAgnwNNsm390q5889gshlmDoDy-2aglP5jl7lTqxSpi2lLU5vw,20240301,奈良,9,F2,Ａ級決勝,1,1,肥後　公允,1,2,6,5,2024/03/01 12:03&nbsp;更新
4sLptYw_uaU3-SWJZKrd1BsfXFg6asFxX11dK_ZdRJDRdZCbujFQUhlS77866FhH,20240301,別府,1,F2,Ａ級予選,1,1,篠田　樹,7,3,6,3,2024/03/01 07:02&nbsp;更新
4sLptYw_uaU3-SWJZKrd1ImWEypfxWq0nwgo-zVVHKmGguCyR4CDv-a7BLYB8JAS,20240301,別府,2,F2,Ａ級予選,1,1,荘田　竜斗,3,5,7,"2,5",2024/03/01 07:02&nbsp;更新
4sLptYw_uaU3-SWJZKrd1ByeTFuKqhM-esKIaii9YkCEMs8IdLdntSamRo5gsOC7,20240301,別府,3,F2,Ａ級予選,1,1,安東　英博,1,5,7,3,2024/03/01 07:02&nbsp;更新
4sLptYw_uaU3-SWJZKrd1B40WQczSBWs3md4sGas9A5LGSxrIH9lQFpk8yAW7M5f,20240301,別府,4,F2,Ａ級予選,1,1,篠田　樹,4,3,4,1,2024/03/01 07:02&nbsp;更新
4sLptYw_uaU3-SWJZKrd1MNo3ycEAIP_QRDTq4kh_Rnmb86THtzmddABVWtv3RFR,20240301,別府,5,F2,Ａ級予選,1,1,荘田　竜斗,7,4,7,5,2024/03/01 07:02&nbsp;更新
4sLptYw_uaU3-SWJZKrd1P-uD2tuDMFtX2htIb6zA0nWLHTCHPQIFv4UFzxI5DoB,20240301,別府,6,F2,Ａ級予選,1,1,安東　英博,3,7,2,3,2024/03/01 07:02&nbsp;更新
4sLptYw_uaU3-SWJZKrd1MjsiwQrhfIkr3Vdo2Egt1EutudWN27czPrUFfkevHkg,20240301,別府,7,F2,Ａ級初日特選,1,1,大竹　慎吾,2,7,"4,7",,2024/03/01 07:02&nbsp;更新
hHQoBSTIFmBY5TBll3-vbrboOJ3jksUbgeCEzW_rjfj_l72phHy5qhoVOpV0ghDz,20240302,玉野,1,G3,Ｓ級一般,1,1,近藤　修康,7,5,8,5,2024/03/02 07:04&nbsp;更新
hHQoBSTIFmBY5TBll3-vboCR21R_SI3t22pm8uFjM1tcZoY7MWiBZ1jBc2B1R7-r,20240302,玉野,2,G3,Ｓ級一般,1,1,丹波　靖貴,3,9,8,4,2024/03/02 07:04&nbsp;更新
hHQoBSTIFmBY5TBll3-vbsxCKPGSBSBTeD8XbtkV_PO0YvSlQ5PNXikB6AeUjLuE,20240302,玉野,3,G3,Ｓ級一般,1,1,守谷　陽介,7,2,7,3,2024/03/02 07:04&nbsp;更新
hHQoBSTIFmBY5TBll3-vbugJPqrkkME9WKQU9NZGhTYBk3mlDFYFdpBULRIczdbB,20240302,玉野,4,G3,Ｓ級選抜,1,1,峰重祐之介,2,7,7,"1,8",2024/03/02 07:04&nbsp;更新
hHQoBSTIFmBY5TBll3-vbqdmax0Af9aQyMsMAjg4gzzmLl87Im5p6-CrN_1cKGrq,20240302,玉野,5,G3,Ｓ級選抜,1,1,田中　勇二,3,9,9,3,2024/03/02 07:04&nbsp;更新
hHQoBSTIFmBY5TBll3-vbtxS8n2qa7s1dpp10w0eemaPPsJpI1VimHD3kZE7JYJm,20240302,玉野,6,G3,Ｓ級選抜,1,1,近藤　修康,7,5,1,6,2024/03/02 07:04&nbsp;更新
hHQoBSTIFmBY5TBll3-vbkqPW15Zs9lwRldsAirWrIXIV0ei5ORk8EW4HW0ILGSM,20240302,玉野,7,G3,Ｓ級特選,1,1,守谷　陽介,9,7,6,2,2024/03/02 07:04&nbsp;更新
hHQoBSTIFmBY5TBll3-vbhu8lSgGADqClZQ8p8kSnLlW_Uc9p7aHLMsJHvVIXgo6,20240302,玉野,8,G3,Ｓ級特選,1,1,丹波　靖貴,3,9,"3,5",,2024/03/02 08:57&nbsp;更新
hHQoBSTIFmBY5TBll3-vbvXrahfM16CwcZFZyBqrcEEW5bw6Zd2mNcgGilWvgsHO,20240302,玉野,9,G3,Ｓ級特選,1,1,近藤　修康,2,9,2,"6,7",2024/03/02 07:04&nbsp;更新
hHQoBSTIFmBY5TBll3-vbpnIlt_V2n9y1Nd2Axmr1FYO8Zg3Dq0UJH1kvDMSnzwm,20240302,玉野,10,G3,Ｓ級準決勝,1,1,守谷　陽介,2,7,3,1,2024/03/02 07:04&nbsp;更新
hHQoBSTIFmBY5TBll3-vbtwn4J71YX2CU5u-As_up553Y4uYaIzMTZYIWN1jBxRl,20240302,玉野,11,G3,Ｓ級準決勝,1,1,峰重祐之介,3,5,7,9,2024/03/02 07:04&nbsp;更新
hHQoBSTIFmBY5TBll3-vbrg3kbJ1MJbMKYcuJSci9MHFjpPMw1qz4EWBCRnjYJEn,20240302,玉野,12,G3,Ｓ級準決勝,1,1,田中　勇二,1,5,6,5,2024/03/02 07:04&nbsp;更新
4y6dPhGvcrSladdkbHuti_H4jlvVUzx82jiMHiMKhGOf1-2gzv0knego8lrr5yvg,20240302,いわき平,1,F1,Ａ級一般,1,1,関根　崇人,7,3,5,7,2024/03/02 07:04&nbsp;更新
4y6dPhGvcrSladdkbHuti3Kl2NYkdi6hvinJjiDvru-yqnXXiPlOqRZQUKeR3zfd,20240302,いわき平,2,F1,Ａ級一般,1,1,阿部　宏之,5,7,4,6,2024/03/02 07:04&nbsp;更新
4y6dPhGvcrSladdkbHuti2ldcCDXeAMB3ZS_ZzMC8m65G4Ly0bQGkC7f-lkWtQJc,20240302,いわき平,3,F1,Ａ級準決勝,1,1,泉　慶輔,3,4,2,3,2024/03/02 07:04&nbsp;更新
4y6dPhGvcrSladdkbHuti2Mj2zK_0qb-N9sgiF8umImLkq_wZuizMrwfv52iCGuY,20240302,いわき平,4,F1,Ａ級準決勝,1,1,関根　崇人,5,1,7,"1,3",2024/03/02 07:04&nbsp;更新
4y6dPhGvcrSladdkbHuti8RUo8Zmy4qKMnji4BDsB9nfQw6jYudoksh0EXnLUL4m,20240302,いわき平,5,F1,Ａ級準決勝,1,1,高橋　幸司,1,7,5,2,2024/03/02 07:04&nbsp;更新
4y6dPhGvcrSladdkbHuti1Dg7sVHHmqEYelLthqOLknefKR7DitCzkClnYXIGogu,20240302,いわき平,6,F1,Ｓ級一般,1,1,阿部　宏之,3,5,4,3,2024/03/02 07:04&nbsp;更新
4y6dPhGvcrSladdkbHuti11yG91RoHlkxXg6OEaGfoybLFAdx6Pz0Lju_QogKfWx,20240302,いわき平,7,F1,Ｓ級一般,1,1,中田　雄喜,5,3,6,1,2024/03/02 07:04&nbsp;更新
4y6dPhGvcrSladdkbHutixNGoPICbzCm-dVDXySDgFnqL3l6a24b_mbxozbhb_qR,20240302,いわき平,8,F1,Ｓ級選抜,1,1,関根　崇人,2,3,1,7,2024/03/02 07:04&nbsp;更新
4y6dPhGvcrSladdkbHuti6IB6fRO81alJhqLbVhEslX4xpNbN9Ke7JSNqgwkHgx4,20240302,いわき平,9,F1,Ｓ級選抜,1,1,阿部　宏之,5,1,1,6,2024/03/02 07:04&nbsp;更新
4y6dPhGvcrSladdkbHuti9KVQwCubBlA_UbBC9Uz7M0Us3KAbZ5QmZ9J84E8aHvg,20240302,いわき平,10,F1,Ｓ級準決勝,1,1,泉　慶輔,5,1,2,1,2024/03/02 07:04&nbsp;更新
4y6dPhGvcrSladdkbHutixel2kb30J9W4QJ3AuBzcUhy2tNRL315tRoe9Hc1_Xsd,20240302,いわき平,11,F1,Ｓ級準決勝,1,1,高橋　幸司,1,3,7,"1,5",2024/03/02 07:04&nbsp;更新
4y6dPhGvcrSladdkbHutix61SkHT2cNGKjAlNcWgsJFjApGAUD1FYY7azuH2rfgo,20240302,いわき平,12,F1,Ｓ級準決勝,1,1,中田　雄喜,3,2,"5,7",,2024/03/02 07:04&nbsp;更新
II_18ke30tFAZvFi9_0G4C8SMi53roV_inG8_KZ8JavojFN6BCal_yPyFWCTaXVZ,20240302,大宮,1,F1,Ａ級一般,1,1,相川　巧,1,5,5,2,2024/03/02 07:04&nbsp;更新
II_18ke30tFAZvFi9_0G4BrXZYiY8k5grzuvhqtGLh2RsE5jAf_IljQ4fXkcvFuZ,20240302,大宮,2,F1,Ａ級一般,1,1,峠　祐介,3,5,7,3,2024/03/02 07:04&nbsp;更新
II_18ke30tFAZvFi9_0G4N_MVVKlv-a0LsfKGowkJGs-n9eZlEUqCPHzGINOhGDu,20240302,大宮,3,F1,Ａ級準決勝,1,1,相川　巧,7,3,5,4,2024/03/02 07:04&nbsp;更新
II_18ke30tFAZvFi9_0G4HcAgyiXSV-8VdPf4W7oxtrpwzPJzGGt8-v2OKBNftAY,20240302,大宮,4,F1,Ａ級準決勝,1,1,峠　祐介,4,5,3,4,2024/03/02 07:04&nbsp;更新
II_18ke30tFAZvFi9_0G4Iw4Q5RpE1-sEY1ukVVh7dPmcNa-vBL2BCpzJz-3MnFs,20240302,大宮,5,F1,Ａ級準決勝,1,1,大澤　雄大,1,4,1,6,2024/03/02 07:04&nbsp;更新
II_18ke30tFAZvFi9_0G4LK2PEPZBA-j7cTnejBXP7qGzJb0Fy1yqqV5p8XdXEGZ,20240302,大宮,6,F1,Ｓ級一般,1,1,相川　巧,5,7,6,5,2024/03/02 07:04&nbsp;更新
II_18ke30tFAZvFi9_0G4KWLKxzNArY8UVWYV9qkOl5Ig7cgqPKFYRwQsc63hSVB,20240302,大宮,7,F1,Ｓ級一般,1,1,高橋　泰裕,2,4,3,6,2024/03/02 07:04&nbsp;更新
II_18ke30tFAZvFi9_0G4HKvkWXAPZvP7nX1Cw-YnnF6S32RFg06JfPF1PPQ2Qdk,20240302,大宮,8,F1,Ｓ級選抜,1,1,山信田　学,1,5,7,6,2024/03/02 07:04&nbsp;更新
II_18ke30tFAZvFi9_0G4GKN357Ime2AKrLEbtpba65n0DJENTKRF8mCiTUk6RZs,20240302,大宮,9,F1,Ｓ級選抜,1,1,峠　祐介,4,5,2,3,2024/03/02 07:04&nbsp;更新
II_18ke30tFAZvFi9_0G4PSJRLMDkA99ztd19CguOxnfw-1Pm6PtA_-10iOjZ9a_,20240302,大宮,10,F1,Ｓ級準決勝,1,1,大澤　雄大,7,4,2,4,2024/03/02 07:04&nbsp;更新
II_18ke30tFAZvFi9_0G4F8KITMChaw2JlcEf4k3kJmgsEjfm9CDE0g4wtWSWvjL,20240302,大宮,11,F1,Ｓ級準決勝,1,1,山信田　学,3,1,5,6,2024/03/02 07:04&nbsp;更新
II_18ke30tFAZvFi9_0G4IikfkOXjary3cGKddt4IV43FYl0-VE8aN_jM2cOVxLf,20240302,大宮,12,F1,Ｓ級準決勝,1,1,高橋　泰裕,4,5,6,7,2024/03/02 07:04&nbsp;更新
4YDG_8c_ujN7jm5c2eSyjXT2wA0EuMHa1GhUlIaE7HSbCBWM91WFyIHucUj6M61k,20240302,名古屋,1,F2,Ｌ級ガールズ予選（第１走）,1,1,吉田　健市,1,2,3,6,2024/03/02 07:04&nbsp;更新
4YDG_8c_ujN7jm5c2eSyjbgDh9rE3EDQdz6me3lrMqzOSYSk__g8EA7cmZU_ivWT,20240302,名古屋,2,F2,Ｌ級ガールズ予選（第１走）,1,1,磯村　蓮太,1,2,1,"2,5",2024/03/02 07:04&nbsp;更新
4YDG_8c_ujN7jm5c2eSyjQLiczlIvN1C7-Xd3sE5qaZMKxzG6Th4E0Jgl88zIBDA,20240302,名古屋,3,F2,Ａ級予選,1,1,水谷　将司,1,2,4,5,2024/03/02 07:04&nbsp;更新
4YDG_8c_ujN7jm5c2eSyjbgOuQu9E6jN50M0DjwHpNnWynBFWXPGevVa62UlL5oQ,20240302,名古屋,4,F2,Ａ級予選,1,1,山田　哲也,1,2,5,7,2024/03/02 07:04&nbsp;更新
4YDG_8c_ujN7jm5c2eSyjTdwtTM4hxDYvTVwKyPoS_Z_JylsWK9BvsiexLHHmimP,20240302,名古屋,5,F2,Ａ級予選,1,1,吉田　健市,1,2,6,2,2024/03/02 07:04&nbsp;更新
4YDG_8c_ujN7jm5c2eSyjWdvGSf2XIysMhqNUsr-sE8AvujBYUSY_bI7hE-A7Rvs,20240302,名古屋,6,F2,Ａ級予選,1,1,磯村　蓮太,1,2,4,2,2024/03/02 07:04&nbsp;更新
4YDG_8c_ujN7jm5c2eSyjUEJB1NE-KJhZK68eUL6v-fK0n-GnpNjbs5vpfd79Udw,20240302,名古屋,7,F2,Ａ級予選,1,1,水谷　将司,1,2,2,"1,5",2024/03/02 07:04&nbsp;更新
4YDG_8c_ujN7jm5c2eSyjbOKAW5nGMaTkqAmq3_0biDT5_p8gGAyaM7sf6KxqOle,20240302,名古屋,8,F2,Ａ級予選,1,1,山田　哲也,1,2,3,6,2024/03/02 07:04&nbsp;更新
4YDG_8c_ujN7jm5c2eSyjUFjw_3x7xuCyC_RJVTl3qr5leF-1XED8alKKPpZ-IC5,20240302,名古屋,9,F2,Ａ級初日特選,1,1,吉田　健市,1,2,2,5,2024/03/02 07:04&nbsp;更新
qW-ZPX5Na0y9CaoMyhsv48DP72jKZKcCPLfoDXPoblqB8MZ9aB38ER1SFguzWsCN,20240302,岐阜,1,F2,Ａ級チャレンジ一般,1,1,谷田　泰平,5,3,4,1,2024/03/02 07:04&nbsp;更新
qW-ZPX5Na0y9CaoMyhsv4_cWhiwlNodP8AOPU6UDO9hFpKW5NgiGsvkSiPRS5kzK,20240302,岐阜,2,F2,Ａ級チャレンジ一般,1,1,吉村　和之,2,1,6,4,2024/03/02 07:04&nbsp;更新
qW-ZPX5Na0y9CaoMyhsv407eDk2EPGv1CR1Rvr0lxAmS90B1701WNut0EMCBVUQI,20240302,岐阜,3,F2,Ａ級チャレンジ準決勝,1,1,柴田　祐也,5,7,1,3,2024/03/02 07:04&nbsp;更新
qW-ZPX5Na0y9CaoMyhsv4xuinxZ3wvvTTsoqI99uuZ0c07w2Zt8K61YyJhpbLq_r,20240302,岐阜,4,F2,Ａ級チャレンジ準決勝,1,1,松岡晋乃介,1,7,7,1,2024/03/02 07:04&nbsp;更新
qW-ZPX5Na0y9CaoMyhsv4-dBs-Pc0o445Wv7v5cDgcG0Vy2qmNTPlFkmjPyJeel4,20240302,岐阜,5,F2,Ａ級チャレンジ準決勝,1,1,鷲見　逸喜,2,5,2,7,2024/03/02 07:04&nbsp;更新
qW-ZPX5Na0y9CaoMyhsv4yKk2A5sFUFeEPQKVSnkW8FifbUvTzdYA_EaY1aZqycK,20240302,岐阜,6,F2,Ｌ級ガールズ予選（第２走）,1,1,柴田　祐也,1,3,7,1,2024/03/02 07:04&nbsp;更新
qW-ZPX5Na0y9CaoMyhsv49_nwdn-0Ha2h2s-MO3ahrSRDASXg59zFW_JZAH-im06,20240302,岐阜,7,F2,Ｌ級ガールズ予選（第２走）,1,1,松岡晋乃介,1,6,3,1,2024/03/02 07:04&nbsp;更新
qW-ZPX5Na0y9CaoMyhsv4-E0mqXs_EbGG9SCaBmMPLH1MaqgbI617jDsXL24OV6W,20240302,岐阜,8,F2,Ａ級特一般,1,1,谷田　泰平,2,3,1,6,2024/03/02 07:04&nbsp;更新
qW-ZPX5Na0y9CaoMyhsv44B2uYyIJrhxmOXI5xwqt-vygsEdUPM3Two1OIvem9H4,20240302,岐阜,9,F2,Ａ級特一般,1,1,吉村　和之,7,1,3,,2024/03/02 07:04&nbsp;更新
qW-ZPX5Na0y9CaoMyhsv48_Uc8XRTnoXv_IRnjTyaziFYR2ZJ0wqIhePAu6F1Htf,20240302,岐阜,10,F2,Ａ級準決勝,1,1,鷲見　逸喜,7,1,7,6,2024/03/02 07:04&nbsp;更新
qW-ZPX5Na0y9CaoMyhsv42ihYzGMUu2H768UxG9eQ6arnCYr9Wdk18ZxfFEmJ95B,20240302,岐阜,11,F2,Ａ級準決勝,1,1,谷田　泰平,5,3,2,"1,4",2024/03/02 07:04&nbsp;更新
qW-ZPX5Na0y9CaoMyhsv4w5g77sHRoyeqK8PjTAY8FFQW07XQrmurZzoTBSvM3-6,20240302,岐阜,12,F2,Ａ級準決勝,1,1,吉村　和之,7,3,6,7,2024/03/02 07:04&nbsp;更新
TzXNr1IyQYXd8vmMpJjd_4fR40VTCsMT_Iddm9D6dlupsFKDiK14lcnhgyiutJky,20240302,小倉,1,F2,Ａ級チャレンジ予選,1,1,永田　隼一,5,2,5,1,2024/03/02 07:04&nbsp;更新
TzXNr1IyQYXd8vmMpJjd_zLktkoxPPImZTAAdDsA550aJmwAVPnwehVuilwQerqC,20240302,小倉,2,F2,Ａ級チャレンジ予選,1,1,高田　誠,1,5,7,1,2024/03/02 07:04&nbsp;更新
TzXNr1IyQYXd8vmMpJjd_0uTRU776IVqjcnqG5LwuCHr4GyhSgXroCmihQTt0YQe,20240302,小倉,3,F2,Ａ級チャレンジ予選,1,1,永田　隼一,5,7,5,4,2024/03/02 07:04&nbsp;更新
TzXNr1IyQYXd8vmMpJjd_1aqRQwZukBQ2XFBMbA4HHD0fFPLf04MWRiD2yY1CU9o,20240302,小倉,4,F2,Ａ級チャレンジ予選,1,1,高田　誠,2,3,3,5,2024/03/02 07:04&nbsp;更新
TzXNr1IyQYXd8vmMpJjd_1exqD6f3ZGoZ2aRcC6RSnIdbR07SncDZ4arGVFDgeDC,20240302,小倉,5,F2,Ａ級チャレンジ予選,1,1,松丸　裕紀,4,7,7,5,2024/03/02 07:04&nbsp;更新
TzXNr1IyQYXd8vmMpJjd_wbgR6fpsOOi9IVohD6oiDLg6zNRDbATtKWzqgtz7cSu,20240302,小倉,6,F2,Ｌ級ガールズ予選（第１走）,1,1,永田　隼一,3,5,4,"3,5",2024/03/02 07:04&nbsp;更新
TzXNr1IyQYXd8vmMpJjd_7e2Aq9ieH3DselEOr43im6v8-Nqv8E69iDWYGTkDnB_,20240302,小倉,7,F2,Ｌ級ガールズ予選（第１走）,1,1,高田　誠,7,1,7,1,2024/03/02 07:04&nbsp;更新
TzXNr1IyQYXd8vmMpJjd_xTScSrhXo11fRmP0wPiaicEtWMtpexk5YVxTnIIXNwU,20240302,小倉,8,F2,Ａ級特予選,1,1,嶋田　誠也,5,3,3,1,2024/03/02 07:04&nbsp;更新
TzXNr1IyQYXd8vmMpJjd_-FfiUamD9Uxw0XV6tyNZ_BG2CzvygKp-Wa8KKEkmRLZ,20240302,小倉,9,F2,Ａ級特予選,1,1,林　大悟,1,4,2,1,2024/03/02 07:04&nbsp;更新
TzXNr1IyQYXd8vmMpJjd_w5bADqNn-j7rHz0vbFdCUcdL0Tw4mFle5XHaVkJNCi2,20240302,小倉,10,F2,Ａ級特予選,1,1,松丸　裕紀,1,4,4,7,2024/03/02 07:04&nbsp;更新
TzXNr1IyQYXd8vmMpJjd_2_DWxXEEEJm1RWeRG1yjPr2xG5Gjrsx0pF4KhSZejjv,20240302,小倉,11,F2,Ａ級特予選,1,1,嶋田　誠也,1,5,1,6,2024/03/02 07:04&nbsp;更新
TzXNr1IyQYXd8vmMpJjd__-I4T69GiOUkf41H2qByFyO2UGjDUd449_E_hPiCsIx,20240302,小倉,12,F2,Ａ級初日特選,1,1,林　大悟,2,1,6,4,2024/03/02 07:04&nbsp;更新
D7zTldhOQz1frw-9PCXWBeYq5_GRsufBtIXBWVAwrmvnYT1VIdGNw0k5s9H7Y5Ew,20240302,武雄,1,F2,Ａ級チャレンジ予選,1,1,真崎　章徳,1,2,1,3,2024/03/02 07:04&nbsp;更新
D7zTldhOQz1frw-9PCXWBbSfS19jzlMyeCxe_DpwrXsDDHEBRpTyalk2iFQf3vrp,20240302,武雄,2,F2,Ａ級チャレンジ予選,1,1,飯塚　直人,1,2,2,3,2024/03/02 19:43&nbsp;更新
D7zTldhOQz1frw-9PCXWBTqDmuLkboOiR8TrbYKtYIj8241rBpxkKSCvDVYowwq5,20240302,武雄,3,F2,Ａ級チャレンジ予選,1,1,池田　浩士,1,2,3,2,2024/03/02 07:04&nbsp;更新
D7zTldhOQz1frw-9PCXWBVSXaQQzEWvHC0fEDAhm-XRiKET7kBzrZrc10JEX2oyD,20240302,武雄,4,F2,Ａ級チャレンジ予選,1,1,真崎　章徳,1,2,6,2,2024/03/02 07:04&nbsp;更新
D7zTldhOQz1frw-9PCXWBbWPELf2_0XVXbNuYSXRqnHHdUE3N76CNxkxmcKyENXO,20240302,武雄,5,F2,Ａ級特予選,1,1,山崎　岳志,1,2,5,4,2024/03/02 07:04&nbsp;更新
D7zTldhOQz1frw-9PCXWBfR0BENYnsAmUsLYseB_mqWUIobxWlbE8wgW4nvz87W1,20240302,武雄,6,F2,Ａ級特予選,1,1,飯塚　直人,1,2,6,4,2024/03/02 07:04&nbsp;更新
D7zTldhOQz1frw-9PCXWBQYRQXl1uR8PvCUaJXk1H5-sGP45T0NeQD_jH8v7z2zO,20240302,武雄,7,F2,Ａ級特予選,1,1,真崎　章徳,1,2,5,6,2024/03/02 07:04&nbsp;更新
D7zTldhOQz1frw-9PCXWBUzF1Z-0lknCfreKmaLPfEvoVhfJQMeIzk4ANlkIbDyF,20240302,武雄,8,F2,Ａ級特予選,1,1,山崎　岳志,1,2,3,1,2024/03/02 07:04&nbsp;更新
D7zTldhOQz1frw-9PCXWBTBehVNsoO2fPdzO4WWF9DwYA84nsq-PA9C0DBgTpQ6R,20240302,武雄,9,F2,Ａ級初日特選,1,1,池田　浩士,1,"2,3",7,4,2024/03/02 07:04&nbsp;更新
4sLptYw_uaU3-SWJZKrd1Cu2jjHZuikV56BO8b1dc9VWOd20C1d2Rg6AWGjz5KVW,20240302,別府,1,F2,Ａ級一般,1,1,荘田　竜斗,5,4,1,3,2024/03/02 07:04&nbsp;更新
4sLptYw_uaU3-SWJZKrd1I5soQa574u7X6tOHEXjSN3q16K5JPTF-v3pJQIc--Og,20240302,別府,2,F2,Ａ級一般,1,1,安東　英博,5,2,6,1,2024/03/02 07:04&nbsp;更新
4sLptYw_uaU3-SWJZKrd1GOMbI2vjYXjYj6U0cN2BEzwwIUymDXsnS_Laief3BAa,20240302,別府,3,F2,Ａ級選抜,1,1,大竹　慎吾,3,5,4,5,2024/03/02 07:04&nbsp;更新
4sLptYw_uaU3-SWJZKrd1DbODl2GRrZzPZ9QUZS9wLkC8GDbbsO8iH_fUaD4olzm,20240302,別府,4,F2,Ａ級選抜,1,1,篠田　樹,1,4,4,,2024/03/02 07:04&nbsp;更新
4sLptYw_uaU3-SWJZKrd1O8A0_qX8v-u8Ep9OZEkpoNKkAb1qnwDtCIycGwy3ZFN,20240302,別府,5,F2,Ａ級準決勝,1,1,荘田　竜斗,5,4,1,2,2024/03/02 07:04&nbsp;更新
4sLptYw_uaU3-SWJZKrd1O5pbOE5Z8KdMl9uuXdqMC0zkxKJz38V5otpeu5U9J4T,20240302,別府,6,F2,Ａ級準決勝,1,1,安東　英博,4,2,7,"4,6",2024/03/02 07:04&nbsp;更新
4sLptYw_uaU3-SWJZKrd1GXQLyG-FmjOjCC9f67DPKr-na-bIZFh1GJwNbOD8w5p,20240302,別府,7,F2,Ａ級準決勝,1,1,大竹　慎吾,5,1,6,1,2024/03/02 07:04&nbsp;更新
hHQoBSTIFmBY5TBll3-vbpBQVS-J7wgVqoWp-sxSKHEoI5YiaMD-MW1wg-n_9TKh,20240303,玉野,1,G3,Ｓ級一般,1,1,近藤　修康,5,1,5,4,2024/03/03 07:03&nbsp;更新
hHQoBSTIFmBY5TBll3-vbmkx2pqARaPRUChQdNIk6KX_eM7boMMg4Jmdt9FlYzE2,20240303,玉野,2,G3,Ｓ級一般,1,1,丹波　靖貴,5,3,8,1,2024/03/03 07:03&nbsp;更新
hHQoBSTIFmBY5TBll3-vbuQMfAYtWHlg-zmTfPLb4Kn5WR9hp1sbAcso-K_fGSOF,20240303,玉野,3,G3,Ｓ級一般,1,1,守谷　陽介,3,9,8,"3,7,9",2024/03/03 07:03&nbsp;更新
hHQoBSTIFmBY5TBll3-vbu6JiTHcb4ZkJBtEewdo1tOXR1soeEj8sH_W_aBNt9IK,20240303,玉野,4,G3,Ｓ級選抜,1,1,峰重祐之介,9,1,4,7,2024/03/03 07:03&nbsp;更新
hHQoBSTIFmBY5TBll3-vbtDvqhWFemY_xzoqGerokKG-80JNj6kruXsOGAvOqX-Y,20240303,玉野,5,G3,Ｓ級選抜,1,1,田中　勇二,7,1,8,"5,7,9",2024/03/03 07:03&nbsp;更新
hHQoBSTIFmBY5TBll3-vbj5igmTCMQBa4tqqtPrbSmiZAhEC4sb-3Io4rNaVB6b2,20240303,玉野,6,G3,Ｓ級選抜,1,1,近藤　修康,3,7,3,8,2024/03/03 07:03&nbsp;更新
hHQoBSTIFmBY5TBll3-vbsHwF9Cs2sdZw9pT1xJUQT-teh3-Ue6VCoW-ynGxioXf,20240303,玉野,7,G3,Ｓ級特選,1,1,丹波　靖貴,2,3,"1,5",,2024/03/03 07:03&nbsp;更新
hHQoBSTIFmBY5TBll3-vblnQpVu_dICL3AcjbGUFpo_FMcZULHX_dBNhaoh-midC,20240303,玉野,8,G3,Ｓ級特選,1,1,峰重祐之介,1,7,1,2,2024/03/03 07:03&nbsp;更新
hHQoBSTIFmBY5TBll3-vbp6ie6rCW6HEePaKemO9qGtCE7_HiNmFvpS1f2NihBg4,20240303,玉野,9,G3,Ｓ級特選,1,1,守谷　陽介,2,1,9,7,2024/03/03 07:03&nbsp;更新
hHQoBSTIFmBY5TBll3-vbsgFEx0NQtKWQ-6axSfqY883pRe0UwGX7JhI0fnJh_GT,20240303,玉野,10,G3,Ｓ級特別優秀,1,1,丹波　靖貴,2,1,1,"2,9",2024/03/03 07:03&nbsp;更新
hHQoBSTIFmBY5TBll3-vbs60y7TeHOhbOQO255d3KBeKJzNROpHjwb3y4mnmN0QT,20240303,玉野,11,G3,Ｓ級特別優秀,1,1,峰重祐之介,1,3,5,4,2024/03/03 07:03&nbsp;更新
hHQoBSTIFmBY5TBll3-vbuEh9oVWcEe-PgOmjcJZ-I-hiSsMXEpiQpobCFbgnPDp,20240303,玉野,12,G3,Ｓ級決勝,1,1,田中　勇二,1,9,7,3,2024/03/03 07:03&nbsp;更新
4y6dPhGvcrSladdkbHutiwxiom5Qc3Vg1lBCI3kbtuPjAp2P0slJheftocXHRU16,20240303,いわき平,1,F1,Ａ級一般,1,1,阿部　宏之,1,3,3,6,2024/03/03 07:03&nbsp;更新
4y6dPhGvcrSladdkbHutiz5essVX-Jbb8avAH-BRsFFtRXLm5RWHfXyfEknlMNSs,20240303,いわき平,2,F1,Ａ級一般,1,1,関根　崇人,5,2,1,3,2024/03/03 07:03&nbsp;更新
4y6dPhGvcrSladdkbHutizIzsH9WsChnCyzO0YU76uX5xkbFFEljo7dMnZBi8kJG,20240303,いわき平,3,F1,Ａ級特選,1,1,高橋　幸司,4,2,7,4,2024/03/03 07:03&nbsp;更新
4y6dPhGvcrSladdkbHutix0HoVDT9iTgDUnSc9foFiErx7HFENmth7RXBjIcikg4,20240303,いわき平,4,F1,Ａ級特選,1,1,阿部　宏之,3,5,2,5,2024/03/03 07:03&nbsp;更新
4y6dPhGvcrSladdkbHuti3225ln4wqOtFYrSaZiSRB3U_T0zYN11Eip6J8XOY1et,20240303,いわき平,5,F1,Ｓ級一般,1,1,泉　慶輔,3,2,5,6,2024/03/03 07:03&nbsp;更新
4y6dPhGvcrSladdkbHuti-Ai_losdY36BfGAeG2SHwigO4Ojzm0MIymUDeL3sZDY,20240303,いわき平,6,F1,Ｓ級一般,1,1,高橋　幸司,7,5,4,,2024/03/03 07:03&nbsp;更新
4y6dPhGvcrSladdkbHutix2Yw_28t_u5AsrVeTEPIAuC4btIUC3EcgxIO8fLBt9X,20240303,いわき平,7,F1,Ｓ級一般,1,1,中田　雄喜,4,7,4,3,2024/03/03 07:03&nbsp;更新
4y6dPhGvcrSladdkbHuti-dYoLkp4XzHsF7oXsFpqeffwd-pnBwwKsMA4Ku1L0St,20240303,いわき平,8,F1,Ｓ級特選,1,1,阿部　宏之,4,2,7,1,2024/03/03 07:03&nbsp;更新
4y6dPhGvcrSladdkbHutiw6C-53ufbCemjxa0CNsL028o4ws3K0YbQhUJZ7hSmOW,20240303,いわき平,9,F1,Ｓ級特選,1,1,関根　崇人,1,2,5,3,2024/03/03 07:03&nbsp;更新
4y6dPhGvcrSladdkbHuti82F27qwmEQ1DAK304lk3W3MmPsfiXpgdvVqSE_tNd-1,20240303,いわき平,10,F1,Ｓ級特選,1,1,高橋　幸司,3,1,"3,4",,2024/03/03 07:03&nbsp;更新
4y6dPhGvcrSladdkbHutizx6UK5HNgy3DeNZ8F0sNkZspxe53891MCUqtiZtj2Od,20240303,いわき平,11,F1,Ａ級決勝,1,1,泉　慶輔,4,2,6,4,2024/03/03 07:03&nbsp;更新
4y6dPhGvcrSladdkbHuti8234RhaiWsFc0l3Swd_UkU6vyYqDNeiMwiUzNDqH_4u,20240303,いわき平,12,F1,Ｓ級決勝,1,1,中田　雄喜,4,1,6,3,2024/03/03 07:03&nbsp;更新
II_18ke30tFAZvFi9_0G4FQAlMY4pJjRsOfrlKxG_k9wjbs8G4xm1dFnefoJawBS,20240303,大宮,1,F1,Ａ級一般,1,1,相川　巧,3,2,1,,2024/03/03 07:03&nbsp;更新
II_18ke30tFAZvFi9_0G4FUwE90M8xPtaHH67WM_ez0m6e_srKmZKTZDtFXajp48,20240303,大宮,2,F1,Ａ級一般,1,1,峠　祐介,3,5,6,4,2024/03/03 07:03&nbsp;更新
II_18ke30tFAZvFi9_0G4FZWUcxr4KPoyfV7l39yMm6wmMxJvEwdbAbd4mEGTJhr,20240303,大宮,3,F1,Ａ級特選,1,1,相川　巧,5,3,1,2,2024/03/03 07:03&nbsp;更新
II_18ke30tFAZvFi9_0G4GYPL_7TezWeqNEaj1jQBg4bg8tyZSuZWZ2hGvgl9W75,20240303,大宮,4,F1,Ａ級特選,1,1,峠　祐介,2,5,1,6,2024/03/03 07:03&nbsp;更新
II_18ke30tFAZvFi9_0G4HGrmF4vonPDRkizMF07NaFKsZmWn677pzkOK0ALeZ3L,20240303,大宮,5,F1,Ｓ級一般,1,1,相川　巧,3,7,6,7,2024/03/03 07:03&nbsp;更新
II_18ke30tFAZvFi9_0G4Ah_20Fm61IwBKt643vmtj7Vw0z52z1kkkI-EpLRfed9,20240303,大宮,6,F1,Ｓ級一般,1,1,峠　祐介,3,1,6,7,2024/03/03 07:03&nbsp;更新
II_18ke30tFAZvFi9_0G4CwsBOhQ97XAMSEfdkVme0EwuwEQ1JfKShYDST_C4IZO,20240303,大宮,7,F1,Ｓ級一般,1,1,高橋　泰裕,1,2,2,"3,7",2024/03/03 07:03&nbsp;更新
II_18ke30tFAZvFi9_0G4O5aE-NbH1-p7vwQkK5MyzgS5Eqyv5k2uoNfItOfFjR1,20240303,大宮,8,F1,Ｓ級特選,1,1,山信田　学,7,3,7,4,2024/03/03 07:03&nbsp;更新
II_18ke30tFAZvFi9_0G4EgCdbUcuJCSU6HYgeNS4r9DMLg3jrvE7EWJ9oRkFM63,20240303,大宮,9,F1,Ｓ級特選,1,1,大澤　雄大,2,5,6,7,2024/03/03 07:03&nbsp;更新
II_18ke30tFAZvFi9_0G4A9MHP2fTtEkWQ8JiVDPBTslxEbcjzQadeNXSIqVEbQn,20240303,大宮,10,F1,Ｓ級特選,1,1,山信田　学,7,1,3,1,2024/03/03 07:03&nbsp;更新
II_18ke30tFAZvFi9_0G4PA_7x18_3PYpvyAlPGQzbaLODujylYR4qk1I8_luMrb,20240303,大宮,11,F1,Ａ級決勝,1,1,大澤　雄大,1,3,1,3,2024/03/03 07:03&nbsp;更新
II_18ke30tFAZvFi9_0G4B3ewM54H4Vp0A-CHFPNowcuNqzwM4TLRXCVPceJSjR7,20240303,大宮,12,F1,Ｓ級決勝,1,1,高橋　泰裕,1,3,3,4,2024/03/03 07:03&nbsp;更新
4YDG_8c_ujN7jm5c2eSyjQqZcVCE_Gl4rtBpwi8Su6ZoPi6803tx4hwX3iEFNrGx,20240303,名古屋,1,F2,Ｌ級ガールズ予選（第２走）,1,1,吉田　健市,1,2,6,"2,5",2024/03/03 11:38&nbsp;更新
4YDG_8c_ujN7jm5c2eSyjbXYLGzgsFLbnAp9TNK-0Bswf1wPBaP6sL2ksGXitCUl,20240303,名古屋,2,F2,Ｌ級ガールズ予選（第２走）,1,1,磯村　蓮太,1,2,1,3,2024/03/03 11:38&nbsp;更新
4YDG_8c_ujN7jm5c2eSyjXa_vXQmp5zoQuw2woU7C5kRXX70c_dP21TJCtO0AN_j,20240303,名古屋,3,F2,Ａ級一般,1,1,水谷　将司,1,2,2,7,2024/03/03 11:38&nbsp;更新
4YDG_8c_ujN7jm5c2eSyjV3gFL0fzj46ot9k2X5oUw0gdMWs7wdPLgB7qIYjlTr1,20240303,名古屋,4,F2,Ａ級一般,1,1,山田　哲也,1,2,3,1,2024/03/03 11:38&nbsp;更新
4YDG_8c_ujN7jm5c2eSyjbA3sCvOune_fdcnyHu49AfE3FDpPIr4C26TgxwbZcAG,20240303,名古屋,5,F2,Ａ級選抜,1,1,吉田　健市,1,2,"3,7",,2024/03/03 11:38&nbsp;更新
4YDG_8c_ujN7jm5c2eSyjbV5XQsuNdGq4mmeoMSIgQM0fmxnr0D05XBJF6e0kQ7m,20240303,名古屋,6,F2,Ａ級選抜,1,1,磯村　蓮太,1,2,5,4,2024/03/03 11:38&nbsp;更新
4YDG_8c_ujN7jm5c2eSyja1Q0KHs_fUCyRaCC_U5-lDfNckQJzc9B7SBOu-Hr1ZO,20240303,名古屋,7,F2,Ａ級準決勝,1,1,水谷　将司,1,2,6,7,2024/03/03 11:38&nbsp;更新
4YDG_8c_ujN7jm5c2eSyjZ99II1e3os6pbz0mqG4RCanNg5HjcGnEW1zyF9Y4Nh6,20240303,名古屋,8,F2,Ａ級準決勝,1,1,山田　哲也,1,2,6,1,2024/03/03 11:38&nbsp;更新
4YDG_8c_ujN7jm5c2eSyjbW3vSPEEsgasOwSjdMME83LZx5bwJG7NJDo8_Fb4mqB,20240303,名古屋,9,F2,Ａ級準決勝,1,1,吉田　健市,1,2,7,1,2024/03/03 11:38&nbsp;更新
qW-ZPX5Na0y9CaoMyhsv42DyHoRiPJycnfq-fRIR4BC-kGnNJdodzzQTlUvnziPj,20240303,岐阜,1,F2,Ａ級チャレンジ一般,1,1,谷田　泰平,4,3,,,2024/03/03 07:03&nbsp;更新
qW-ZPX5Na0y9CaoMyhsv4yz_Qx4c5NmO3L0wJWdlSLAFTKy4RNU4x68PjVWtPiMc,20240303,岐阜,2,F2,Ａ級チャレンジ一般,1,1,吉村　和之,3,2,5,,2024/03/03 07:03&nbsp;更新
qW-ZPX5Na0y9CaoMyhsv44VWHOcAytBVtAZQ-BdMn7sNZzu28AHqUstYnhPlen6O,20240303,岐阜,3,F2,Ａ級チャレンジ選抜,1,1,鷲見　逸喜,1,5,1,"6,7",2024/03/03 07:03&nbsp;更新
qW-ZPX5Na0y9CaoMyhsv4y4IdcDFHiNWB-10uJCV7HnMppJN-KGefofuwYMj0o-M,20240303,岐阜,4,F2,Ａ級チャレンジ選抜,1,1,松岡晋乃介,1,5,3,4,2024/03/03 07:03&nbsp;更新
qW-ZPX5Na0y9CaoMyhsv41cnAUNB52CBlBtqdmAgXTyuOWwf_xXVwgXpF6acv5P8,20240303,岐阜,5,F2,Ａ級特一般,1,1,谷田　泰平,5,4,2,3,2024/03/03 09:51&nbsp;更新
qW-ZPX5Na0y9CaoMyhsv4yeHbOt6O3bGxQrwWy0VgFkxoXrWhyTfIW41Taund6qy,20240303,岐阜,6,F2,Ａ級特一般,1,1,吉村　和之,1,4,6,2,2024/03/03 07:03&nbsp;更新
qW-ZPX5Na0y9CaoMyhsv46_CnnKlYCNjwd6D332RgH0YewO1Ka3o8aN__TOdjejP,20240303,岐阜,7,F2,Ｌ級ガールズ一般,1,1,柴田　祐也,5,7,4,7,2024/03/03 07:03&nbsp;更新
qW-ZPX5Na0y9CaoMyhsv4zaKHf_8GyKcA8k3dCisDYXgqoKfduHCC47AyzW-Ijqm,20240303,岐阜,8,F2,Ａ級特選,1,1,鷲見　逸喜,4,7,6,4,2024/03/03 07:03&nbsp;更新
qW-ZPX5Na0y9CaoMyhsv4x4GwzC2kIses1n5lpx01I_2VOUPKUtdPsjzoPFuMnYv,20240303,岐阜,9,F2,Ａ級特選,1,1,谷田　泰平,4,2,1,4,2024/03/03 07:03&nbsp;更新
qW-ZPX5Na0y9CaoMyhsv46LXJQW7siSDBSKDimwnVagAhokE67HCxFLDvQrAZoGy,20240303,岐阜,10,F2,Ａ級チャレンジ決勝,1,1,松岡晋乃介,4,7,4,7,2024/03/03 07:03&nbsp;更新
qW-ZPX5Na0y9CaoMyhsv4_7OZ5xQNnXEomgdtgG_85t4kYsuJXZUSDVoENnCS2aO,20240303,岐阜,11,F2,Ｌ級ガールズ決勝,1,1,柴田　祐也,3,7,6,7,2024/03/03 07:03&nbsp;更新
qW-ZPX5Na0y9CaoMyhsv4_gsIiYjucFIJtRd6HMjYad3CwiN_u4Oopo9pdxLStcX,20240303,岐阜,12,F2,Ａ級決勝,1,1,吉村　和之,3,5,1,7,2024/03/03 07:03&nbsp;更新
TzXNr1IyQYXd8vmMpJjd_yhSuEikANXDWVXkOP9xCKPnXb9Q68gTreehSXc9qP5J,20240303,小倉,1,F2,Ａ級チャレンジ一般,1,1,永田　隼一,3,5,3,4,2024/03/03 07:03&nbsp;更新
TzXNr1IyQYXd8vmMpJjd__8O_1HZkQhmVU488y3e1zs1OFaUZ44cghvl4ivZx5QT,20240303,小倉,2,F2,Ａ級チャレンジ一般,1,1,高田　誠,1,7,1,7,2024/03/03 07:03&nbsp;更新
TzXNr1IyQYXd8vmMpJjd_2eFoy9LQf9wbPpbZK2wIk3nyXuke8OGGCWxtzqco6r0,20240303,小倉,3,F2,Ａ級チャレンジ準決勝,1,1,松丸　裕紀,2,7,4,2,2024/03/03 07:03&nbsp;更新
TzXNr1IyQYXd8vmMpJjd_xNTjZRARDb-KWNp8JRkyrjO4Pis6E5px79f_rWd5NAV,20240303,小倉,4,F2,Ａ級チャレンジ準決勝,1,1,嶋田　誠也,4,1,5,4,2024/03/03 07:03&nbsp;更新
TzXNr1IyQYXd8vmMpJjd__9zJhoMEE103TdHRZIN1hX9Kwpq5PEPTtvGuh9Y0zNV,20240303,小倉,5,F2,Ａ級チャレンジ準決勝,1,1,林　大悟,3,1,1,7,2024/03/03 07:03&nbsp;更新
TzXNr1IyQYXd8vmMpJjd_4z66jf0Pw49JwwHAyUJmA4aqC-AdWybNAQ3FoUt-ngP,20240303,小倉,6,F2,Ｌ級ガールズ予選（第２走）,1,1,永田　隼一,2,4,4,2,2024/03/03 07:03&nbsp;更新
TzXNr1IyQYXd8vmMpJjd_2etpIuSEuC1mJ-xcgnOAAu3uSwfE2EAIT5Mv7FhqOEn,20240303,小倉,7,F2,Ｌ級ガールズ予選（第２走）,1,1,高田　誠,4,7,4,3,2024/03/03 07:03&nbsp;更新
TzXNr1IyQYXd8vmMpJjd_wqeTElQRhvRBdOaEE0_Dr4s1uegJHHp78jfMaWVgukt,20240303,小倉,8,F2,Ａ級特一般,1,1,松丸　裕紀,3,1,6,4,2024/03/03 07:03&nbsp;更新
TzXNr1IyQYXd8vmMpJjd_54v4Kfv46gA0gVGwwNf6e5gY_JTvz7k5vVE6t9uBL29,20240303,小倉,9,F2,Ａ級特一般,1,1,林　大悟,7,2,7,1,2024/03/03 07:03&nbsp;更新
TzXNr1IyQYXd8vmMpJjd_4XbEA-pkIo95T9IEin14hrD0JZMt9lKQTujeCDluRR4,20240303,小倉,10,F2,Ａ級準決勝,1,1,松丸　裕紀,5,7,7,2,2024/03/03 07:03&nbsp;更新
TzXNr1IyQYXd8vmMpJjd_7qcHPnYUVZ-Gq0x-zuJxGrU7kKkh5ZXe14Bs8wM9qKo,20240303,小倉,11,F2,Ａ級準決勝,1,1,嶋田　誠也,1,4,5,1,2024/03/03 07:03&nbsp;更新
TzXNr1IyQYXd8vmMpJjd_5GzrqA3wczDCfJ4AtfalBldA7fOYevvtdwF3gKxkcl8,20240303,小倉,12,F2,Ａ級準決勝,1,1,林　大悟,1,2,4,2,2024/03/03 07:03&nbsp;更新
D7zTldhOQz1frw-9PCXWBXyfCbbGfJ5B7QcNLoh4QokZbsgJ3aqamTJq5pmYQbHO,20240303,武雄,1,F2,Ａ級チャレンジ一般,1,1,真崎　章徳,1,2,3,4,2024/03/03 07:03&nbsp;更新
D7zTldhOQz1frw-9PCXWBVKrml8IITTiI_M8QHYNuQXxJePVZVBG-kqM0RCn-qsc,20240303,武雄,2,F2,Ａ級チャレンジ一般,1,1,山崎　岳志,1,2,1,"2,3",2024/03/03 07:03&nbsp;更新
D7zTldhOQz1frw-9PCXWBXXAklR_iTAJ-6zGGiSPxWOSmbbdB_qHkGfaE3Y1_sTP,20240303,武雄,3,F2,Ａ級チャレンジ準決勝,1,1,飯塚　直人,1,2,2,5,2024/03/03 19:45&nbsp;更新
D7zTldhOQz1frw-9PCXWBXSFphNjcy8-vkXQHp6IXIPRJD7NFADYMSBQZW-injGx,20240303,武雄,4,F2,Ａ級チャレンジ準決勝,1,1,池田　浩士,1,2,2,4,2024/03/03 07:03&nbsp;更新
D7zTldhOQz1frw-9PCXWBZCYNvd7mEWNNjNEQnvzrVW2Exedxo9DnmawiTxa6WPR,20240303,武雄,5,F2,Ａ級特一般,1,1,山崎　岳志,1,2,5,2,2024/03/03 07:03&nbsp;更新
D7zTldhOQz1frw-9PCXWBfCUthInbgK5KHyjtQCGzxFHG_1tgd4Wu-ns9rW7N4AP,20240303,武雄,6,F2,Ａ級特一般,1,1,真崎　章徳,1,2,3,,2024/03/03 07:03&nbsp;更新
D7zTldhOQz1frw-9PCXWBeMy8DF0ItEsE76fdGQ8XV67k5RqAKnTVs0VGKUp5x6u,20240303,武雄,7,F2,Ａ級準決勝,1,1,飯塚　直人,1,2,7,4,2024/03/03 07:03&nbsp;更新
D7zTldhOQz1frw-9PCXWBVgFzB-v69tJ-QZrzvjXz320wik_pCv6q_c4l7fJF7US,20240303,武雄,8,F2,Ａ級準決勝,1,1,山崎　岳志,1,2,6,7,2024/03/03 07:03&nbsp;更新
D7zTldhOQz1frw-9PCXWBQNZ2cDw7T8LmyoD7ffpvRuiL1oYO7bC61WlwJTiY-f3,20240303,武雄,9,F2,Ａ級準決勝,1,1,池田　浩士,1,2,"1,3",,2024/03/03 07:03&nbsp;更新
4sLptYw_uaU3-SWJZKrd1HvG1CH0BrDYggaGAy3-L_SgEIGpnT-5CClZm-K8-b_m,20240303,別府,1,F2,Ａ級一般,1,1,篠田　樹,1,2,7,6,2024/03/03 07:03&nbsp;更新
4sLptYw_uaU3-SWJZKrd1O2BVjfhNk23YnfvzIY9-e2PMZwb109hTlS6Kq7rhrOd,20240303,別府,2,F2,Ａ級一般,1,1,安東　英博,7,2,5,4,2024/03/03 07:03&nbsp;更新
4sLptYw_uaU3-SWJZKrd1FT6OPu4uUHjfi_dHmhxfts5N1og_2MAhC9c8KX2qPqN,20240303,別府,3,F2,Ａ級一般,1,1,大竹　慎吾,3,2,2,3,2024/03/03 07:03&nbsp;更新
4sLptYw_uaU3-SWJZKrd1JpOAp7EbRjJCvbtVFm1zz92PUcGBpRfTj7KVsY0vt6f,20240303,別府,4,F2,Ａ級特選,1,1,篠田　樹,1,5,4,"2,7",2024/03/03 07:03&nbsp;更新
4sLptYw_uaU3-SWJZKrd1BXR3NWbtTteLKUn43S7vmQ9cHU08OOx03c-IFHC83xR,20240303,別府,5,F2,Ａ級特選,1,1,荘田　竜斗,1,5,5,3,2024/03/03 07:03&nbsp;更新
4sLptYw_uaU3-SWJZKrd1CAaTyRd9Ldfm_5XY7jcZU19tRB69vIdGtvCaqQQ-gxP,20240303,別府,6,F2,Ａ級特選,1,1,安東　英博,1,5,1,3,2024/03/03 07:03&nbsp;更新
4sLptYw_uaU3-SWJZKrd1GJxqc20drovPYr9RZL5y6gylgGfYXUB2X0AcjRtqiuH,20240303,別府,7,F2,Ａ級決勝,1,1,大竹　慎吾,2,4,1,6,2024/03/03 07:03&nbsp;更新
40e_64vLzizZus8EyHmUfDw2yrGGMz1_kI86d6PKfV3BLyzxenUMt-CexX-fHCTk,20240304,京王閣,1,F1,Ａ級予選,1,1,駒井　大輔,1,7,4,1,2024/03/04 07:05&nbsp;更新
40e_64vLzizZus8EyHmUfN-51GIGWipebmctdmTB95ZsTb6WH678-wYIgIeD4aTD,20240304,京王閣,2,F1,Ａ級予選,1,1,飯島　淳,3,2,6,2,2024/03/04 07:05&nbsp;更新
40e_64vLzizZus8EyHmUfH_DbBf1EPL4TZKQzkbB94dyhgBA4xmPhaXXgHI2VQ9i,20240304,京王閣,3,F1,Ａ級予選,1,1,寺沼　将彦,4,3,3,5,2024/03/04 07:05&nbsp;更新
40e_64vLzizZus8EyHmUfMfad1smpNzuf8D9pV3Rc-5O2pMZX6N_vROsh7Ev0gyW,20240304,京王閣,4,F1,Ａ級予選,1,1,駒井　大輔,3,5,3,1,2024/03/04 07:05&nbsp;更新
40e_64vLzizZus8EyHmUfBc9orrCy2xRcEMBtfvOmKvbjmfZj2GEgx_wIUJCISmW,20240304,京王閣,5,F1,Ａ級初日特選,1,1,飯島　淳,2,7,6,2,2024/03/04 07:05&nbsp;更新
40e_64vLzizZus8EyHmUfHTUPJwHDHMZnwk9p430HSlcW2xKREXHhpUoWOkJ8wEl,20240304,京王閣,6,F1,Ｓ級予選,1,1,内田　玄希,7,5,1,3,2024/03/04 07:05&nbsp;更新
40e_64vLzizZus8EyHmUfKQ6IQRepu9rbUfG-seG5aT5VklRILkuDAPJgukZXnfN,20240304,京王閣,7,F1,Ｓ級予選,1,1,西村　行貴,2,1,5,6,2024/03/04 07:05&nbsp;更新
40e_64vLzizZus8EyHmUfJ_jLyxFvMTSyoY3kngN2v-NswJkcsAECXy5PnDJFMCc,20240304,京王閣,8,F1,Ｓ級予選,1,1,川口　満宏,1,4,7,4,2024/03/04 07:05&nbsp;更新
40e_64vLzizZus8EyHmUfB2KbgCSuqTL1cef6K5-tjK_zwhYcwdTf6-qmiU2EPfX,20240304,京王閣,9,F1,Ｓ級予選,1,1,寺沼　将彦,4,5,1,4,2024/03/04 07:05&nbsp;更新
40e_64vLzizZus8EyHmUfMx3WTHshMo2NHEhVqDFZOghxBjpoBKqYQWJxqx10a4L,20240304,京王閣,10,F1,Ｓ級予選,1,1,内田　玄希,7,1,2,5,2024/03/04 07:05&nbsp;更新
40e_64vLzizZus8EyHmUfPf6Xy32YGQJOHC_7LoHJDtRF_C9RlT4ljWMuapzs4Sd,20240304,京王閣,11,F1,Ｓ級予選,1,1,西村　行貴,5,1,1,3,2024/03/04 07:05&nbsp;更新
40e_64vLzizZus8EyHmUfOYzY2zB630AXP9_JhmFzk7fl6_m3nyb1ip3HQbH_cii,20240304,京王閣,12,F1,Ｓ級初日特選,1,1,川口　満宏,5,2,1,5,2024/03/04 07:05&nbsp;更新
rBl6u-PQCfnEApS7lfmOv6niAjOgE8_p-oZdyLYCtY5F4VOuYF0U7VRhyYwheDxR,20240304,向日町,1,F1,Ａ級予選,1,1,薮　謙治,2,1,5,6,2024/03/04 07:05&nbsp;更新
rBl6u-PQCfnEApS7lfmOv3-zyyB28SVvUa53-zFDSxG-OBkWyHVTqscC7cupe6JE,20240304,向日町,2,F1,Ａ級予選,1,1,安藤　直希,5,1,1,7,2024/03/04 07:05&nbsp;更新
rBl6u-PQCfnEApS7lfmOv4JwODmDKUk0fvGvyc4w0Oq0XSUG4SKef1SxhUMtTBB1,20240304,向日町,3,F1,Ａ級予選,1,1,川村　晃司,3,5,1,5,2024/03/04 07:05&nbsp;更新
rBl6u-PQCfnEApS7lfmOvzCBX-kRt3YlKrcpYeeu-C-WoMvaEXZ6GbWV6ULqQCBg,20240304,向日町,4,F1,Ａ級予選,1,1,薮　謙治,5,4,5,7,2024/03/04 07:05&nbsp;更新
rBl6u-PQCfnEApS7lfmOvzW-HikeflKfgckK3EqVD5tyIl-4COvRJCkoHcfRzvEf,20240304,向日町,5,F1,Ａ級初日特選,1,1,菱田　浩二,2,5,2,"5,6",2024/03/04 07:05&nbsp;更新
rBl6u-PQCfnEApS7lfmOvxmd293w98JD9xIUYVlF5KR0I3SzoGGKSCUOam1yiZli,20240304,向日町,6,F1,Ｓ級予選,1,1,佐野　梅一,2,1,6,7,2024/03/04 07:05&nbsp;更新
rBl6u-PQCfnEApS7lfmOvwlnv2fn6S-EHiGyGoPw55n8mzZNR-czyayftdMbQIPb,20240304,向日町,7,F1,Ｓ級予選,1,1,川村　晃司,2,5,3,4,2024/03/04 09:33&nbsp;更新
rBl6u-PQCfnEApS7lfmOvyWbJifaEO-GglCufKiM1xdIm81BxE8H8ylbHIyf0Wmi,20240304,向日町,8,F1,Ｓ級予選,1,1,佐野　梅一,5,1,2,4,2024/03/04 07:05&nbsp;更新
rBl6u-PQCfnEApS7lfmOvy_96-9IerouvJdv3x5WsbLI6Skj7IGVEuyndlGMEECj,20240304,向日町,9,F1,Ｓ級予選,1,1,安藤　直希,2,7,5,1,2024/03/04 07:05&nbsp;更新
rBl6u-PQCfnEApS7lfmOv-DkrOV4p6XMe-YzT5K3VC6DTHc7OtEsNj9PFGAPJgSc,20240304,向日町,10,F1,Ｓ級予選,1,1,菱田　浩二,2,1,1,"4,6",2024/03/04 07:05&nbsp;更新
rBl6u-PQCfnEApS7lfmOvzU2QtsQN7DTU-vbb4fuR8nVqUTdQRUQR-viKrgt91tu,20240304,向日町,11,F1,Ｓ級予選,1,1,川村　晃司,4,1,"4,7",,2024/03/04 07:05&nbsp;更新
rBl6u-PQCfnEApS7lfmOv7Oji3riZfc9-5QpbvQPcxu9yGeFOy61ioHnKhZ0sT2P,20240304,向日町,12,F1,Ｓ級初日特選,1,1,佐野　梅一,1,5,7,1,2024/03/04 07:05&nbsp;更新
pjpbN8xQZYQT1-bYupLW55QKrrN69j41_35ToFGQ_KMi8dP9L2pGTGYNfzeNJzdl,20240304,小田原,1,F2,Ａ級予選,1,1,小林　覚,1,5,5,4,2024/03/04 07:05&nbsp;更新
pjpbN8xQZYQT1-bYupLW5446hiQ0eUji36ozV6FVCUliWXZOpLigR-banDWQ0jDr,20240304,小田原,2,F2,Ａ級予選,1,1,眞原　健一,4,2,7,5,2024/03/04 07:05&nbsp;更新
pjpbN8xQZYQT1-bYupLW55oAfXdMD6_IyL1NXx3vhJUuIhdkpFrNNlLKSiqW4-AC,20240304,小田原,3,F2,Ａ級予選,1,1,川田　忍,3,7,7,5,2024/03/04 07:05&nbsp;更新
pjpbN8xQZYQT1-bYupLW5yJMst6sm7NoYqSzL2uVBjbVYuzansrIE6tQ3KVjpgo3,20240304,小田原,4,F2,Ａ級予選,1,1,旭　啓介,5,4,1,6,2024/03/04 07:05&nbsp;更新
pjpbN8xQZYQT1-bYupLW56IwqtRb0rqSkdwWzpLjwKKkGHQEO88WGihLU9wFInpI,20240304,小田原,5,F2,Ａ級予選,1,1,小林　覚,5,4,1,3,2024/03/04 07:05&nbsp;更新
pjpbN8xQZYQT1-bYupLW5zo70Fh5md46yASSV1rUDWvDc5fz3zPyrKbLc8w7a0ia,20240304,小田原,6,F2,Ａ級予選,1,1,眞原　健一,1,4,"1,6",,2024/03/04 07:05&nbsp;更新
pjpbN8xQZYQT1-bYupLW57BqY772qThTGknXM8bn4dEBhyIStenZgF8YiUvAuRM-,20240304,小田原,7,F2,Ａ級初日特選,1,1,川田　忍,4,3,4,"2,3",2024/03/04 07:05&nbsp;更新
4YDG_8c_ujN7jm5c2eSyjYjGosS2gNY1VSoEt_ECe1r_iD7_x968Mn-bEm4Zy0SR,20240304,名古屋,1,F2,Ｌ級ガールズ一般,1,1,吉田　健市,1,2,5,2,2024/03/04 11:59&nbsp;更新
4YDG_8c_ujN7jm5c2eSyje2Zte1tp8dLlQA_NtOsw1rBflWeXmPwTDs9BRmO6IoF,20240304,名古屋,2,F2,Ａ級一般,1,1,磯村　蓮太,1,2,3,"2,7",2024/03/04 11:59&nbsp;更新
4YDG_8c_ujN7jm5c2eSyjWRF6UtBcUPDKaEUWaVWxJp5qsXI4sLKl9-S9WL1FIfb,20240304,名古屋,3,F2,Ａ級一般,1,1,水谷　将司,1,2,7,1,2024/03/04 11:59&nbsp;更新
4YDG_8c_ujN7jm5c2eSyjU07bhx9vCUKwC_2mULhiNihC02Mi4TS-6Ola9tZ6BWg,20240304,名古屋,4,F2,Ａ級一般,1,1,山田　哲也,1,2,5,1,2024/03/04 11:59&nbsp;更新
4YDG_8c_ujN7jm5c2eSyjYTL6qdg9fW3de5Q3PitlNGpa1ifD0s0BOY964Dz-pUJ,20240304,名古屋,5,F2,Ａ級特選,1,1,吉田　健市,1,2,4,,2024/03/04 11:59&nbsp;更新
4YDG_8c_ujN7jm5c2eSyjYqdlUjmSRVvMb-aSy6l2vL3zTJwBpqucvVlQbP7f5uT,20240304,名古屋,6,F2,Ａ級特選,1,1,水谷　将司,1,2,5,"3,7",2024/03/04 11:59&nbsp;更新
4YDG_8c_ujN7jm5c2eSyjX508eXoKyJsuqwNnbh6tede7DKSytvCoL_k76pbpSip,20240304,名古屋,7,F2,Ａ級特選,1,1,山田　哲也,1,2,7,6,2024/03/04 11:59&nbsp;更新
4YDG_8c_ujN7jm5c2eSyjetbTdUyiq_nJ-kC1GzZWcCRG2Z0xUU9EHOme38UxPVp,20240304,名古屋,8,F2,Ｌ級ガールズ決勝,1,1,磯村　蓮太,1,2,2,5,2024/03/04 11:59&nbsp;更新
4YDG_8c_ujN7jm5c2eSyjYIO99bNHfQkKUNAlUVMmOqmnaJ0RygoNMdcHF8JYEGY,20240304,名古屋,9,F2,Ａ級決勝,1,1,吉田　健市,1,2,1,3,2024/03/04 11:59&nbsp;更新
YKTV-bUcoDkDA1ygFMkyJg_HpoPh-n-2ZSR4dVR2zG6Bu_Vr0GrCz7ul8JCkl-sT,20240304,福井,1,F2,Ａ級チャレンジ予選,1,1,白崎　芳典,3,7,4,2,2024/03/04 07:05&nbsp;更新
YKTV-bUcoDkDA1ygFMkyJq-lhwm_QbG5EuJBrIEirex_V6Du1Hz5yo9018185TSE,20240304,福井,2,F2,Ａ級チャレンジ予選,1,1,枠元　一葵,7,3,3,6,2024/03/04 07:05&nbsp;更新
YKTV-bUcoDkDA1ygFMkyJsAiW-KPa5gAhrsfSNPBdcim8UlJNBtKt0zejhbmyzz4,20240304,福井,3,F2,Ａ級チャレンジ予選,1,1,善利　裕生,7,3,7,2,2024/03/04 07:05&nbsp;更新
YKTV-bUcoDkDA1ygFMkyJuZtfaYkeiA-aRNDUsZUkUJ19TUOJZjNlsjGEwY6g_xA,20240304,福井,4,F2,Ａ級チャレンジ予選,1,1,白上　翔,5,4,4,6,2024/03/04 07:05&nbsp;更新
YKTV-bUcoDkDA1ygFMkyJrfAF2IZvZalpHxgzpL_rJD912t4GAjISh5yLmblnsEE,20240304,福井,5,F2,Ａ級チャレンジ予選,1,1,脇本　勇希,5,7,5,4,2024/03/04 07:05&nbsp;更新
YKTV-bUcoDkDA1ygFMkyJoKqvMnjNRgX8VanK-RwMTInRN7WsjHfcYr9K3fjQLbZ,20240304,福井,6,F2,Ｌ級ガールズ予選（第１走）,1,1,白崎　芳典,6,2,6,5,2024/03/04 07:05&nbsp;更新
YKTV-bUcoDkDA1ygFMkyJqTuKH9zRJFE3BZwyX2lYxM_RPZq1k_1N4AZh-uec-eq,20240304,福井,7,F2,Ｌ級ガールズ予選（第１走）,1,1,枠元　一葵,7,2,2,7,2024/03/04 07:05&nbsp;更新
YKTV-bUcoDkDA1ygFMkyJqc_fZXutZLCQFHat0fs9as9MlReFFMrZA-KOY-47iA3,20240304,福井,8,F2,Ａ級特予選,1,1,白上　翔,1,3,5,4,2024/03/04 07:05&nbsp;更新
YKTV-bUcoDkDA1ygFMkyJpmgX02g4cf44Dd_wrjGe39-r4enOxFMWczSOyNma671,20240304,福井,9,F2,Ａ級特予選,1,1,脇本　勇希,5,3,7,6,2024/03/04 07:05&nbsp;更新
YKTV-bUcoDkDA1ygFMkyJuXxszzogq2sOssbWyq6RLfSW4IZBKkCmu7YUymOtsSY,20240304,福井,10,F2,Ａ級特予選,1,1,白上　翔,1,5,5,3,2024/03/04 07:05&nbsp;更新
YKTV-bUcoDkDA1ygFMkyJrNs8zTobAZMObKd03z5kWYkci_exxIniRcC4uILKmR9,20240304,福井,11,F2,Ａ級特予選,1,1,善利　裕生,2,4,2,"6,7",2024/03/04 07:05&nbsp;更新
YKTV-bUcoDkDA1ygFMkyJrXXx9dniXI9vll_0LxsrjHRDZ7lwEKX5amgzxtdgi17,20240304,福井,12,F2,Ａ級初日特選,1,1,脇本　勇希,1,2,5,1,2024/03/04 07:05&nbsp;更新
Qa46FBqdpnJl3JcAORj6SX-6S45dT8oZVa0I8XOydN7y3lRkleOtpaRKRZaRD9iE,20240304,高知,1,F2,Ａ級チャレンジ予選,1,1,赤松　秀展,3,7,1,3,2024/03/04 07:05&nbsp;更新
Qa46FBqdpnJl3JcAORj6SbP7Tn2d6Bx9SW19u50zstkGTH8xutEmbfJ3bes0inZ8,20240304,高知,2,F2,Ａ級チャレンジ予選,1,1,水木　裕聡,4,2,2,4,2024/03/04 07:05&nbsp;更新
Qa46FBqdpnJl3JcAORj6SdIQBICQkPcexmmcf10hLBNmB0pirP4n50Bhf3F0f7qQ,20240304,高知,3,F2,Ａ級チャレンジ予選,1,1,篠原　英雄,7,1,1,7,2024/03/04 07:05&nbsp;更新
Qa46FBqdpnJl3JcAORj6SbVMeyD7NZac_zY_GNAcStdAaW1Frfyp64QHbj2jFWS6,20240304,高知,4,F2,Ａ級チャレンジ予選,1,1,林　明宏,2,7,2,7,2024/03/04 07:05&nbsp;更新
Qa46FBqdpnJl3JcAORj6SVx3jAhBtVF24cQuvVdDlJqDtmaeoe20KHvohyjNw4T5,20240304,高知,5,F2,Ａ級チャレンジ予選,1,1,宗崎　世連,1,4,"1,5",,2024/03/04 07:05&nbsp;更新
Qa46FBqdpnJl3JcAORj6SdZTl-6BMPorF73aMN8mKSqGRbLza1AwVCjHb_8OPetx,20240304,高知,6,F2,Ｌ級ガールズ予選（第１走）,1,1,赤松　秀展,6,1,6,3,2024/03/04 07:05&nbsp;更新
Qa46FBqdpnJl3JcAORj6SUAv57gN0gb9HksxfnjxfLNE7-XyxGWTS-KAbPspHSiv,20240304,高知,7,F2,Ｌ級ガールズ予選（第１走）,1,1,水木　裕聡,7,5,7,2,2024/03/04 07:05&nbsp;更新
Qa46FBqdpnJl3JcAORj6SWk9IXdLRMwyXBXX84Jv6zdm9mNPHsWsrox-UaJ-gUUe,20240304,高知,8,F2,Ａ級特予選,1,1,篠原　英雄,5,7,5,6,2024/03/04 07:05&nbsp;更新
Qa46FBqdpnJl3JcAORj6Sa1lJMjB_NVLX2Jnh9rryGje9SS0cQFchWr1LLgcy_Aa,20240304,高知,9,F2,Ａ級特予選,1,1,林　明宏,4,1,1,7,2024/03/04 07:05&nbsp;更新
Qa46FBqdpnJl3JcAORj6SURG4A9S3JUtJSyYll1F9gvgb6YFvHxdy-7e1VGAFVh3,20240304,高知,10,F2,Ａ級特予選,1,1,水木　裕聡,7,1,7,"1,3",2024/03/04 07:05&nbsp;更新
Qa46FBqdpnJl3JcAORj6SeP8l5OCMZ6vhYRykbEfRGCvD5eE8rRnDBh-zMfpL0i9,20240304,高知,11,F2,Ａ級特予選,1,1,篠原　英雄,3,4,1,6,2024/03/04 07:05&nbsp;更新
Qa46FBqdpnJl3JcAORj6Se7SzRVkmuU6uvOWX0Ikw_1YMRapASzrEnOm2pDNBPge,20240304,高知,12,F2,Ａ級初日特選,1,1,宗崎　世連,3,1,2,3,2024/03/04 07:05&nbsp;更新
TzXNr1IyQYXd8vmMpJjd_8BYVG3YnEZf-xresq8aDfT4haKV8-gt3Z6NCzTIiw8D,20240304,小倉,1,F2,Ａ級チャレンジ一般,1,1,永田　隼一,1,4,4,7,2024/03/04 07:05&nbsp;更新
TzXNr1IyQYXd8vmMpJjd_37QIYWM8f2R8yEH6VqjXVojZWkJWzbueNHctpOyhvJE,20240304,小倉,2,F2,Ａ級チャレンジ一般,1,1,高田　誠,1,5,5,4,2024/03/04 07:05&nbsp;更新
TzXNr1IyQYXd8vmMpJjd_-pEt8i7-eGBZ62AnyXyEwrR3y7T6dVR8ZWPrL3u1kLl,20240304,小倉,3,F2,Ａ級チャレンジ選抜,1,1,松丸　裕紀,1,5,4,3,2024/03/04 07:05&nbsp;更新
TzXNr1IyQYXd8vmMpJjd_6cQwi_AOFMeLXCglWq0-dpwBXTzH2wq1o0DGvyLLLcZ,20240304,小倉,4,F2,Ａ級チャレンジ選抜,1,1,嶋田　誠也,2,7,2,1,2024/03/04 07:05&nbsp;更新
TzXNr1IyQYXd8vmMpJjd_1EwBx2bc2HicYIRMDHi1feCzYLe9o056V3v8vuYkXvK,20240304,小倉,5,F2,Ｌ級ガールズ一般,1,1,永田　隼一,6,1,7,1,2024/03/04 07:05&nbsp;更新
TzXNr1IyQYXd8vmMpJjd_8UgyAdAmf1WzjRFLQ2iZUfqJDDXL04bQ7DmQTsTy-Uh,20240304,小倉,6,F2,Ａ級特一般,1,1,林　大悟,3,1,5,1,2024/03/04 07:05&nbsp;更新
TzXNr1IyQYXd8vmMpJjd_-0vDB7fOapYuMk1bHsMXXlpP_t8kL-7EkPAYle_DtpF,20240304,小倉,7,F2,Ａ級特一般,1,1,松丸　裕紀,7,4,7,3,2024/03/04 07:05&nbsp;更新
TzXNr1IyQYXd8vmMpJjd_-31nstXtY47SGQv1STCVTc18GN1hO4jhwe2ZDx2-8NP,20240304,小倉,8,F2,Ａ級特選,1,1,嶋田　誠也,7,5,3,6,2024/03/04 07:05&nbsp;更新
TzXNr1IyQYXd8vmMpJjd_yoGtmrtjDgQHBpdemvJKQKF2qt2JlIirXARJtRON_Vp,20240304,小倉,9,F2,Ａ級特選,1,1,林　大悟,3,5,1,5,2024/03/04 07:05&nbsp;更新
TzXNr1IyQYXd8vmMpJjd_x_cwQY6X9if20HJjJzqBf79xvUNfr3_h4B7llTzc8wb,20240304,小倉,10,F2,Ａ級チャレンジ決勝,1,1,嶋田　誠也,1,7,4,2,2024/03/04 07:05&nbsp;更新
TzXNr1IyQYXd8vmMpJjd_wvkvZlb1MQmzFn2fOP0KEhXdBXhrufsEzszmN8cYyen,20240304,小倉,11,F2,Ｌ級ガールズ決勝,1,1,高田　誠,2,3,2,7,2024/03/04 07:05&nbsp;更新
TzXNr1IyQYXd8vmMpJjd_4L9yLIg6CPCdA4Ov2PBfmHU_vy_k89ffXSSRAClLgxz,20240304,小倉,12,F2,Ａ級決勝,1,1,林　大悟,1,7,2,3,2024/03/04 07:05&nbsp;更新
D7zTldhOQz1frw-9PCXWBW_2Y_DwqYz4-9rP-2wYTWuaV4IdQgC-ZZASQfcwk3Fh,20240304,武雄,1,F2,Ａ級チャレンジ一般,1,1,真崎　章徳,1,2,3,"2,4,5",2024/03/04 07:05&nbsp;更新
D7zTldhOQz1frw-9PCXWBbGdEJaBqlenWnCxgTzlT_kGHjVj2LX7OVqGHbFlRvNv,20240304,武雄,2,F2,Ａ級チャレンジ一般,1,1,飯塚　直人,1,2,1,,2024/03/04 07:05&nbsp;更新
D7zTldhOQz1frw-9PCXWBfi1rreXeDnleG8znXjQqV6P-eYcnXtZHsTM317vXYr6,20240304,武雄,3,F2,Ａ級チャレンジ選抜,1,1,山崎　岳志,1,2,3,2,2024/03/04 07:05&nbsp;更新
D7zTldhOQz1frw-9PCXWBVD_kC5eV0TyOJ5kiwm_bJ6tk6JJVXUSrDbl9-j50f3B,20240304,武雄,4,F2,Ａ級特一般,1,1,池田　浩士,1,2,3,4,2024/03/04 10:30&nbsp;更新
D7zTldhOQz1frw-9PCXWBSItXEypuohdaScvoq6KDRqONkEQE40k-344-mxucPwA,20240304,武雄,5,F2,Ａ級特一般,1,1,飯塚　直人,1,2,2,1,2024/03/04 10:30&nbsp;更新
D7zTldhOQz1frw-9PCXWBfKq4tNadXj8Y2g2wDcwNGh8o6MyDTgmJpoo3IhjQf7P,20240304,武雄,6,F2,Ａ級特選,1,1,真崎　章徳,1,2,5,7,2024/03/04 10:30&nbsp;更新
D7zTldhOQz1frw-9PCXWBfl7tL8X5ilARCrUcPJpN9Jspu5yiBOc1g9lGWba51Xk,20240304,武雄,7,F2,Ａ級特選,1,1,山崎　岳志,1,2,"1,4",,2024/03/04 10:30&nbsp;更新
D7zTldhOQz1frw-9PCXWBZkT_OPQptZ2nfWpRtw9OluuW0MpNlxQ62kP25CakhQy,20240304,武雄,8,F2,Ａ級チャレンジ決勝,1,1,飯塚　直人,"1,2",,3,6,2024/03/04 07:05&nbsp;更新
D7zTldhOQz1frw-9PCXWBZ7ZR7DVSB-ONx_lShXNNt4pS9mys_oxEss6n8Qje3BA,20240304,武雄,9,F2,Ａ級決勝,1,1,池田　浩士,1,"2,3",7,4,2024/03/04 10:30&nbsp;更新
40e_64vLzizZus8EyHmUfAothTSFM-1EvuWOLJ9APeXOOHyvXk9EG7Y__5yJUL0D,20240305,京王閣,1,F1,Ａ級一般,1,1,駒井　大輔,1,4,1,5,2024/03/05 08:53&nbsp;更新
40e_64vLzizZus8EyHmUfJZbL9PALs88CN_3erk2RlaLhYNJy0uncox91C2CqmJ9,20240305,京王閣,2,F1,Ａ級一般,1,1,飯島　淳,4,1,7,4,2024/03/05 08:53&nbsp;更新
40e_64vLzizZus8EyHmUfGhgU0Yw4ezUZOp2bxYEuovKVw-7I8ZX2VMWQwnNAbDW,20240305,京王閣,3,F1,Ａ級準決勝,1,1,寺沼　将彦,1,5,5,3,2024/03/05 08:53&nbsp;更新
40e_64vLzizZus8EyHmUfNC-zl_HygqXQCvoln8uBXoPgz63hnQYCPKdC9s8cmZa,20240305,京王閣,4,F1,Ａ級準決勝,1,1,駒井　大輔,2,3,5,1,2024/03/05 08:53&nbsp;更新
40e_64vLzizZus8EyHmUfMPU56ZOdPcUdo343UTkKFGJYDNyt_yYXFKvMJgk67Oi,20240305,京王閣,5,F1,Ａ級準決勝,1,1,飯島　淳,7,1,2,7,2024/03/05 08:53&nbsp;更新
40e_64vLzizZus8EyHmUfMWDpHYhWy5-lfFuUevQrX7ujgndXO6VmRcMbUlgwNyD,20240305,京王閣,6,F1,Ｓ級一般,1,1,内田　玄希,4,2,5,,2024/03/05 08:53&nbsp;更新
40e_64vLzizZus8EyHmUfEUdYM_u7P0_iQ4bXRYuaEjZ6v6-cfq6lR-teRGzxf16,20240305,京王閣,7,F1,Ｓ級一般,1,1,西村　行貴,1,3,7,1,2024/03/05 08:53&nbsp;更新
40e_64vLzizZus8EyHmUfM9Li_BPmB-8oTfL1qw85gvScQD-8sqqYDD4ogU_BBEQ,20240305,京王閣,8,F1,Ｓ級選抜,1,1,川口　満宏,3,5,1,6,2024/03/05 08:53&nbsp;更新
40e_64vLzizZus8EyHmUfO5MP-FfONwEEJ-h8_Plop8RX8P1wI514pzuJAwN6s7h,20240305,京王閣,9,F1,Ｓ級選抜,1,1,寺沼　将彦,1,5,2,1,2024/03/05 08:53&nbsp;更新
40e_64vLzizZus8EyHmUfIGU8DYNW9GvpLrMcmc3k0pjlSi9yXlsH4amw_6M1r77,20240305,京王閣,10,F1,Ｓ級準決勝,1,1,内田　玄希,5,1,4,1,2024/03/05 08:53&nbsp;更新
40e_64vLzizZus8EyHmUfDm1y0pwzdCjN3e3iXZYp22Bu_Dgenz8qQOfWQcevdfq,20240305,京王閣,11,F1,Ｓ級準決勝,1,1,西村　行貴,5,3,4,3,2024/03/05 08:53&nbsp;更新
40e_64vLzizZus8EyHmUfJStkufbs2JxvPj1GS-GUz5WeY09TVLtBYWERSzN-Tuj,20240305,京王閣,12,F1,Ｓ級準決勝,1,1,川口　満宏,2,7,3,1,2024/03/05 08:53&nbsp;更新
rBl6u-PQCfnEApS7lfmOv-ciJPM0jZeLivvC4THsO-AnjbCVL4G-GSRtJ7JHbiQz,20240305,向日町,1,F1,Ａ級一般,1,1,薮　謙治,2,1,6,,2024/03/05 07:04&nbsp;更新
rBl6u-PQCfnEApS7lfmOv19rkNBkV3H4R4uTKBEMGD0HyIb_cu0zGfgKq4XbUzqC,20240305,向日町,2,F1,Ａ級一般,1,1,安藤　直希,1,7,7,6,2024/03/05 07:04&nbsp;更新
rBl6u-PQCfnEApS7lfmOv0Db-hidOazbmAaDI7CCJS9V2sDMFpKbcl98I9qP0m1r,20240305,向日町,3,F1,Ａ級準決勝,1,1,菱田　浩二,1,4,6,2,2024/03/05 07:04&nbsp;更新
rBl6u-PQCfnEApS7lfmOv2Ohat1kPNhmyFsEAEOPMwfceO2Mpab92JL_UpWMtf4K,20240305,向日町,4,F1,Ａ級準決勝,1,1,川村　晃司,1,5,2,1,2024/03/05 07:04&nbsp;更新
rBl6u-PQCfnEApS7lfmOv_pjRFtlPzwPmyz1ywyEW8lrQNll1jnF0GilHF3BUzB7,20240305,向日町,5,F1,Ａ級準決勝,1,1,薮　謙治,1,3,1,5,2024/03/05 07:04&nbsp;更新
rBl6u-PQCfnEApS7lfmOv9yZz9E8gtzUvR3H7sLFP1TtNU_0HPPFX3zJEXZpqUll,20240305,向日町,6,F1,Ｓ級一般,1,1,佐野　梅一,5,2,4,"3,5",2024/03/05 07:04&nbsp;更新
rBl6u-PQCfnEApS7lfmOv4xZ1_0hrVm2qoWOPhEGty1_YPK4jU0nxBNFvEzjuYu-,20240305,向日町,7,F1,Ｓ級一般,1,1,川村　晃司,1,4,5,4,2024/03/05 07:04&nbsp;更新
rBl6u-PQCfnEApS7lfmOv9zkLzNX-IUnhkDq879VK0rPUcwM_6NfaG6zPHyiPHRq,20240305,向日町,8,F1,Ｓ級選抜,1,1,佐野　梅一,5,2,1,,2024/03/05 07:04&nbsp;更新
rBl6u-PQCfnEApS7lfmOv8uxMRAT3oTeP8SGtbWmq5SOCnlhHJBfi8v52euOteaM,20240305,向日町,9,F1,Ｓ級選抜,1,1,安藤　直希,5,1,5,7,2024/03/05 07:04&nbsp;更新
rBl6u-PQCfnEApS7lfmOv-o2K14p2ERlQLasAmJ4Hf29OOEIu1MXoHp8rzVAG317,20240305,向日町,10,F1,Ｓ級準決勝,1,1,菱田　浩二,2,1,1,6,2024/03/05 07:04&nbsp;更新
rBl6u-PQCfnEApS7lfmOv5ZLyBRLVDKat7kJxSNbx88LIoXLMZLMGN2NTqBgytqF,20240305,向日町,11,F1,Ｓ級準決勝,1,1,川村　晃司,2,1,2,7,2024/03/05 07:04&nbsp;更新
rBl6u-PQCfnEApS7lfmOvy5T3kFRYwrXrrrXmRnmfuRZIFw_ZijF1FmIatgYzwAU,20240305,向日町,12,F1,Ｓ級準決勝,1,1,佐野　梅一,5,4,1,2,2024/03/05 07:04&nbsp;更新
qB0b7MkHtkbTo5CbxWit4ztR4rjdLDWeXIlf4Kd-H_PcsjS28lFkMz_qE78ha6UC,20240305,川崎,1,F2,Ａ級チャレンジ予選,1,1,野口　修平,1,2,4,7,2024/03/05 07:04&nbsp;更新
qB0b7MkHtkbTo5CbxWit44YalddC09SsSvIWdzzW7YAcRqd6dSPq5rViu9CHZ7Zl,20240305,川崎,2,F2,Ａ級チャレンジ予選,1,1,郷坪　和博,1,2,7,2,2024/03/05 07:04&nbsp;更新
qB0b7MkHtkbTo5CbxWit40R8hLbugfw3NQ4DvZTEX6kPZMoBuP0jCi1G52BBDtEU,20240305,川崎,3,F2,Ａ級チャレンジ予選,1,1,野村　純宏,1,2,1,6,2024/03/05 07:04&nbsp;更新
qB0b7MkHtkbTo5CbxWit4_sTtnk_8PVHjFQhLL40P45HGIM5XbCkGykUQAZBJMW3,20240305,川崎,4,F2,Ａ級チャレンジ予選,1,1,野口　修平,1,2,1,6,2024/03/05 07:04&nbsp;更新
qB0b7MkHtkbTo5CbxWit48FjtYZmY2KHBnCA83OGVbKxFGEdaCTscu8AdNg2au_Q,20240305,川崎,5,F2,Ａ級特予選,1,1,大西　健士,1,"2,3",6,5,2024/03/05 07:04&nbsp;更新
qB0b7MkHtkbTo5CbxWit4yqNY_k_Vj2rkXScd2VynsWs8uZqH0Xn2Tc-av59ZmfC,20240305,川崎,6,F2,Ａ級特予選,1,1,郷坪　和博,1,2,7,2,2024/03/05 07:04&nbsp;更新
qB0b7MkHtkbTo5CbxWit47yOhDCmrBe-ks_SXXbZMziAjpb9Jqay16YscdQmPQ9F,20240305,川崎,7,F2,Ａ級特予選,1,1,野口　修平,1,2,2,4,2024/03/05 07:04&nbsp;更新
qB0b7MkHtkbTo5CbxWit4yLL1dL1s4tdSlQVpCVEB5ZMHe9-zfLGOCiECU8Q4kJi,20240305,川崎,8,F2,Ａ級特予選,1,1,野村　純宏,1,2,"1,7",,2024/03/05 07:04&nbsp;更新
qB0b7MkHtkbTo5CbxWit441v32ejJK9IcHDo8rhjS7o169o3-rdrL8PcCZDPLA2w,20240305,川崎,9,F2,Ａ級初日特選,1,1,大西　健士,1,2,3,7,2024/03/05 07:04&nbsp;更新
pjpbN8xQZYQT1-bYupLW50-_zcjYAisGR600y7rcNDsBYWmeAiEZUJI6I9dXa6TI,20240305,小田原,1,F2,Ａ級一般,1,1,旭　啓介,1,4,5,7,2024/03/05 07:04&nbsp;更新
pjpbN8xQZYQT1-bYupLW54HQx6nunmGD1iAz1pEGw8YAQUKTY7cYHEvsw_u882wS,20240305,小田原,2,F2,Ａ級一般,1,1,眞原　健一,1,2,4,1,2024/03/05 07:04&nbsp;更新
pjpbN8xQZYQT1-bYupLW56S-TlRBwWo83QVDAhB2Lo8dlcIUJPzbJyf-avbOw8sg,20240305,小田原,3,F2,Ａ級選抜,1,1,川田　忍,1,2,7,5,2024/03/05 07:04&nbsp;更新
pjpbN8xQZYQT1-bYupLW56WLwTGe_7jBjaapswxPvSS7SDgN8V7faH8kW0Lubi7j,20240305,小田原,4,F2,Ａ級選抜,1,1,小林　覚,5,1,3,,2024/03/05 07:04&nbsp;更新
pjpbN8xQZYQT1-bYupLW50VchMGNFqb1FCTx88hVV-FuRjJFwHKCGT2b0yoOo2bH,20240305,小田原,5,F2,Ａ級準決勝,1,1,旭　啓介,3,7,3,1,2024/03/05 07:04&nbsp;更新
pjpbN8xQZYQT1-bYupLW54zzoIL6E59zEXpAk9Y9ZG6aGysUIr6bbGEw_BGYP7q3,20240305,小田原,6,F2,Ａ級準決勝,1,1,川田　忍,1,4,7,4,2024/03/05 07:04&nbsp;更新
pjpbN8xQZYQT1-bYupLW50GAZUVS0Ge3BawyUjevjXPLYcyUqakcIWWzZNyTeFAj,20240305,小田原,7,F2,Ａ級準決勝,1,1,眞原　健一,5,7,4,5,2024/03/05 07:04&nbsp;更新
r7c8N-lTlOenJOhe9NDy6EUjmRMzlsPpW4HAvoco7dconh7GJ5tT6o3CO3QfHn7f,20240305,松阪,1,F2,Ａ級チャレンジ予選,1,1,西村　光太,1,2,1,3,2024/03/05 07:04&nbsp;更新
r7c8N-lTlOenJOhe9NDy6E-mrgEaVsOXFbQf4ofK7mX_byUEJHLCIANtjVhBzivn,20240305,松阪,2,F2,Ａ級チャレンジ予選,1,1,古田　義明,1,2,1,2,2024/03/05 07:04&nbsp;更新
r7c8N-lTlOenJOhe9NDy6EWWjdZWOPUbGjRFlDp5xVzwom7KvRWrLTok8sBBab3u,20240305,松阪,3,F2,Ａ級チャレンジ予選,1,1,坂元　洋行,1,2,1,6,2024/03/05 07:04&nbsp;更新
r7c8N-lTlOenJOhe9NDy6GtxqfaM6xaksW1zSCBOIuq9NPwsge6WGbKblWgSB3az,20240305,松阪,4,F2,Ａ級チャレンジ予選,1,1,西村　光太,1,2,1,3,2024/03/05 07:04&nbsp;更新
r7c8N-lTlOenJOhe9NDy6PuWBbvgaRj9GWwuIk5FuJrfh2VSnbuMXi7Ypdi8DhW5,20240305,松阪,5,F2,Ａ級特予選,1,1,柴崎　俊光,1,2,6,7,2024/03/05 07:04&nbsp;更新
r7c8N-lTlOenJOhe9NDy6BkNpRPLTOXPfFiv3j-kR6QXZmVSerQ6fUEJ6OUoGtiF,20240305,松阪,6,F2,Ａ級特予選,1,1,古田　義明,1,2,"2,4",,2024/03/05 07:04&nbsp;更新
r7c8N-lTlOenJOhe9NDy6AQ-YeFpJd-NM81mxIpZtOmUVBG_EL6J6c-9yN1Da4LU,20240305,松阪,7,F2,Ａ級特予選,1,1,坂元　洋行,1,2,3,2,2024/03/05 07:04&nbsp;更新
r7c8N-lTlOenJOhe9NDy6NBuQhGruimfmVDUiM8ndqdN6d1ITE8eNzt0qdsoZ3nB,20240305,松阪,8,F2,Ａ級特予選,1,1,柴崎　俊光,1,2,"2,6",,2024/03/05 07:04&nbsp;更新
r7c8N-lTlOenJOhe9NDy6Hmtzj_DG4NMgUB-4DUIFm6oEfwv6_SmT7rSuvOOl239,20240305,松阪,9,F2,Ａ級初日特選,1,1,西村　光太,1,2,4,2,2024/03/05 07:04&nbsp;更新
YKTV-bUcoDkDA1ygFMkyJntF2zAIYiHBwxqeMVV-bewsMu2JES0wgb1p5lYdD_IM,20240305,福井,1,F2,Ａ級チャレンジ一般,1,1,白崎　芳典,1,5,1,2,2024/03/05 07:04&nbsp;更新
YKTV-bUcoDkDA1ygFMkyJtCV4OQxOmWMRtsxuIYHaj1b7OJ32cKOAii6IIgkdDus,20240305,福井,2,F2,Ａ級チャレンジ一般,1,1,枠元　一葵,1,4,"1,6",,2024/03/05 07:04&nbsp;更新
YKTV-bUcoDkDA1ygFMkyJm7lBUHKh8CRua2gFklL6untZrrDt8NUpeGpFFK6HbQe,20240305,福井,3,F2,Ａ級チャレンジ準決勝,1,1,善利　裕生,3,5,5,2,2024/03/05 07:04&nbsp;更新
YKTV-bUcoDkDA1ygFMkyJgm891CJQ-uvFaOyeDGvApLmZMjt5oTKG2ElsDhS4O6G,20240305,福井,4,F2,Ａ級チャレンジ準決勝,1,1,白上　翔,3,7,3,7,2024/03/05 07:04&nbsp;更新
YKTV-bUcoDkDA1ygFMkyJp6Ny25cxnO1g4jt0y9pbiUUsac_o2IkbsLgW3k-LGuX,20240305,福井,5,F2,Ａ級チャレンジ準決勝,1,1,脇本　勇希,2,7,7,5,2024/03/05 07:04&nbsp;更新
YKTV-bUcoDkDA1ygFMkyJn_cQyYW8BcsaitK9frzKSd5FCwK_SRHAftGLIl75ekK,20240305,福井,6,F2,Ｌ級ガールズ予選（第２走）,1,1,白崎　芳典,4,7,7,4,2024/03/05 07:04&nbsp;更新
YKTV-bUcoDkDA1ygFMkyJgO7T8TJyv6GWsAWGEVdAmNGWd0nucn_aKrpaM_MgjFY,20240305,福井,7,F2,Ｌ級ガールズ予選（第２走）,1,1,枠元　一葵,4,7,4,"1,2",2024/03/05 07:04&nbsp;更新
YKTV-bUcoDkDA1ygFMkyJv4kROPkYMBt1YN_2eLB2FtzbsraHYCoN4FFg0LmtaKb,20240305,福井,8,F2,Ａ級特一般,1,1,白上　翔,2,3,7,6,2024/03/05 07:04&nbsp;更新
YKTV-bUcoDkDA1ygFMkyJrXneB2azmoQnGcetLhKyusQ6ULHsKjHWl_G2bHWtHfC,20240305,福井,9,F2,Ａ級特一般,1,1,脇本　勇希,2,4,"5,6",,2024/03/05 07:04&nbsp;更新
YKTV-bUcoDkDA1ygFMkyJoABr22g7sfN7qiVQGQBJBCMvDTrXTvJT4yk8qajFcrT,20240305,福井,10,F2,Ａ級準決勝,1,1,白上　翔,1,4,4,"5,7",2024/03/05 07:04&nbsp;更新
YKTV-bUcoDkDA1ygFMkyJuo-WMP6hE-QKkKBWBRaO3MSAckS2Ana7lw3aQLUkmOR,20240305,福井,11,F2,Ａ級準決勝,1,1,善利　裕生,7,1,"5,7",,2024/03/05 07:04&nbsp;更新
YKTV-bUcoDkDA1ygFMkyJix9A0wxhXRo0UbXNmJ7QdxAZNzB2XfTIQsLdJ9_IWEU,20240305,福井,12,F2,Ａ級準決勝,1,1,脇本　勇希,5,2,7,5,2024/03/05 07:04&nbsp;更新
Qa46FBqdpnJl3JcAORj6SURUK8bfJn6--LKti5k2fWR7n8yXWZgrYZ1O0Wd0FyuX,20240305,高知,1,F2,Ａ級チャレンジ一般,1,1,赤松　秀展,4,3,2,5,2024/03/05 09:32&nbsp;更新
Qa46FBqdpnJl3JcAORj6SZ1390LAYeDaIU7Z3BXPVXXIeKOUHYBpRvgGL-trActm,20240305,高知,2,F2,Ａ級チャレンジ一般,1,1,水木　裕聡,1,4,1,7,2024/03/05 07:04&nbsp;更新
Qa46FBqdpnJl3JcAORj6SW2D4VEAiTxKI4tyNm7pTyg7pPYShCfJkK2-mcNTV8g1,20240305,高知,3,F2,Ａ級チャレンジ準決勝,1,1,篠原　英雄,3,4,4,"6,7",2024/03/05 07:04&nbsp;更新
Qa46FBqdpnJl3JcAORj6SUiarpzmxh2yacrui3eo72Y_9wzqM64Of9mlWlfFZIyC,20240305,高知,4,F2,Ａ級チャレンジ準決勝,1,1,林　明宏,7,4,"3,7",,2024/03/05 07:04&nbsp;更新
Qa46FBqdpnJl3JcAORj6SVIkoAfVZ4FAc3gvrtHes-X3YHbiSYPF1YgYrcLtqnpG,20240305,高知,5,F2,Ａ級チャレンジ準決勝,1,1,宗崎　世連,5,7,5,2,2024/03/05 07:04&nbsp;更新
Qa46FBqdpnJl3JcAORj6SUdvDjj74q1OK-9hRgB6c2OLtQw5GZY2RAALyAH2HKVs,20240305,高知,6,F2,Ｌ級ガールズ予選（第２走）,1,1,赤松　秀展,2,5,2,6,2024/03/05 07:04&nbsp;更新
Qa46FBqdpnJl3JcAORj6SbhZkv_0S9vY1dL3e9DS8BjuSi8jj2zUoGhfrNnrWmx1,20240305,高知,7,F2,Ｌ級ガールズ予選（第２走）,1,1,水木　裕聡,4,2,4,"2,7",2024/03/05 07:04&nbsp;更新
Qa46FBqdpnJl3JcAORj6SWVIqr42uLPJle7zmKl63FIPg9ntpfMOjlBd5H6Stv0K,20240305,高知,8,F2,Ａ級特一般,1,1,林　明宏,3,4,"1,2",,2024/03/05 07:04&nbsp;更新
Qa46FBqdpnJl3JcAORj6ScHWgKawX4dyj9alb2fuAbvTZukF7c7ongzjeoTmyjAn,20240305,高知,9,F2,Ａ級特一般,1,1,赤松　秀展,1,4,5,6,2024/03/05 07:04&nbsp;更新
Qa46FBqdpnJl3JcAORj6SWCF0VAkZckkVEh4ovzzapespu-ipJS0F1xqyfn0mDgU,20240305,高知,10,F2,Ａ級準決勝,1,1,篠原　英雄,2,5,1,2,2024/03/05 07:04&nbsp;更新
Qa46FBqdpnJl3JcAORj6SWaeV4rGY711pgLxlOcFGDzmnPXt1jysf4m4ycSylT1e,20240305,高知,11,F2,Ａ級準決勝,1,1,林　明宏,4,1,"1,2",,2024/03/05 07:04&nbsp;更新
Qa46FBqdpnJl3JcAORj6Sc8JEReDhDxIVVwGGG6s5VNJXOui5u6kvuT0NrXXyu1S,20240305,高知,12,F2,Ａ級準決勝,1,1,宗崎　世連,3,1,5,2,2024/03/05 07:04&nbsp;更新
40e_64vLzizZus8EyHmUfNoO_LzZbQgS4nUMzkveigM9ac_0HM0Pj6uvblMdnGIr,20240306,京王閣,1,F1,Ａ級一般,1,1,駒井　大輔,5,3,2,4,2024/03/06 09:00&nbsp;更新
40e_64vLzizZus8EyHmUfKdks5GVENgWhzRmi9fSsLkJ1l4qkSDkdugWCofcEDHJ,20240306,京王閣,2,F1,Ａ級一般,1,1,飯島　淳,2,5,5,2,2024/03/06 09:00&nbsp;更新
40e_64vLzizZus8EyHmUfGLq7xrWHgKfaUlAJlVt4D_kqH9IjxzhcmAzsXp42qYl,20240306,京王閣,3,F1,Ａ級特選,1,1,寺沼　将彦,3,5,4,3,2024/03/06 09:00&nbsp;更新
40e_64vLzizZus8EyHmUfBgvYGah0f3e-1VWfd0EbATLaYc3VDyfI_8XeOtIRSnk,20240306,京王閣,4,F1,Ａ級特選,1,1,駒井　大輔,2,1,2,7,2024/03/06 09:00&nbsp;更新
40e_64vLzizZus8EyHmUfC8jo16DtY6g6ltcoTIrc13QMPMYYw-EUMrR81Bp5YW3,20240306,京王閣,5,F1,Ｓ級一般,1,1,内田　玄希,7,5,2,,2024/03/06 09:00&nbsp;更新
40e_64vLzizZus8EyHmUfFry-ds5AdRlXXSyDH21flp_dBfmQj4uddfzZPE0kDLN,20240306,京王閣,6,F1,Ｓ級一般,1,1,西村　行貴,7,5,6,2,2024/03/06 09:00&nbsp;更新
40e_64vLzizZus8EyHmUfGGjtifFWJk0U-AY-ycPQLniy3GrsIZBfE5OS9OsG8XC,20240306,京王閣,7,F1,Ｓ級一般,1,1,川口　満宏,5,2,2,1,2024/03/06 09:00&nbsp;更新
40e_64vLzizZus8EyHmUfApYrxvnO1LYKKoPwdrT0Gafjz5yUtCt6guhWY0l45xS,20240306,京王閣,8,F1,Ｓ級特選,1,1,寺沼　将彦,2,1,7,5,2024/03/06 09:00&nbsp;更新
40e_64vLzizZus8EyHmUfP1ab4U8uyO-6hNvy7XYa4MXThYSgtwPt8XXni9RRDma,20240306,京王閣,9,F1,Ｓ級特選,1,1,内田　玄希,4,5,3,6,2024/03/06 09:00&nbsp;更新
40e_64vLzizZus8EyHmUfK02U6S6YG0vVIhv-O-kxPOfLdQ-sXfO0y9uO4qRP8x9,20240306,京王閣,10,F1,Ｓ級特選,1,1,西村　行貴,7,1,3,7,2024/03/06 09:00&nbsp;更新
40e_64vLzizZus8EyHmUfLszdg46SoCBoZSp7KlsTcQwIY57TT3MXqbE_bv5uTff,20240306,京王閣,11,F1,Ａ級決勝,1,1,飯島　淳,1,5,1,7,2024/03/06 09:00&nbsp;更新
40e_64vLzizZus8EyHmUfOPOzFT-3AhnVFHm5HF98-9JSnYuupqeRIPdgW7LrKgb,20240306,京王閣,12,F1,Ｓ級決勝,1,1,川口　満宏,4,3,4,7,2024/03/06 09:00&nbsp;更新
rBl6u-PQCfnEApS7lfmOvwt8Dk20NE3BsRnLCRdq81CI-U6wXAUq-xsGaTrD5Uzl,20240306,向日町,1,F1,Ａ級一般,1,1,薮　謙治,1,5,1,"2,3,6",2024/03/06 07:05&nbsp;更新
rBl6u-PQCfnEApS7lfmOv01rryzPiFqBTutr6YRkrQhxo_HfLaxcesl2U1NOXsAE,20240306,向日町,2,F1,Ａ級一般,1,1,安藤　直希,1,4,3,1,2024/03/06 07:05&nbsp;更新
rBl6u-PQCfnEApS7lfmOv7XFib9rcBpvq2fAs8u32d7mOde7sbG8WFL3Muj3rTbq,20240306,向日町,3,F1,Ａ級特選,1,1,菱田　浩二,4,2,4,2,2024/03/06 07:05&nbsp;更新
rBl6u-PQCfnEApS7lfmOv6te_R8QKC48V-dtN4WDD3tgzs6lC1y2Y4RPZhqvid4X,20240306,向日町,4,F1,Ａ級特選,1,1,薮　謙治,2,4,1,5,2024/03/06 07:05&nbsp;更新
rBl6u-PQCfnEApS7lfmOvwklxId0yxPpFwssldYpJKN3NH5AU2TIhYuqL2CMnPbH,20240306,向日町,5,F1,Ｓ級一般,1,1,川村　晃司,7,2,6,,2024/03/06 07:05&nbsp;更新
rBl6u-PQCfnEApS7lfmOv2N8W4tdeu022tyY_qgKI2_5TzzIk4_OUbNIIxC2Rre1,20240306,向日町,6,F1,Ｓ級一般,1,1,佐野　梅一,5,1,5,7,2024/03/06 07:05&nbsp;更新
rBl6u-PQCfnEApS7lfmOv-KFz8wqG-XNdH8RwcBu6iVGibwxrseyFkA5VFHqnrwD,20240306,向日町,7,F1,Ｓ級一般,1,1,川村　晃司,4,5,7,1,2024/03/06 07:05&nbsp;更新
rBl6u-PQCfnEApS7lfmOv950mbfJ9vRZRpv4mQkwsD9YIYXWDFIzeuwoixPHEnKk,20240306,向日町,8,F1,Ｓ級特選,1,1,佐野　梅一,2,7,2,6,2024/03/06 07:05&nbsp;更新
rBl6u-PQCfnEApS7lfmOv7rkhF-HzwPVk6rv9EffzjqrJp8Jvsks8mqfAtv-E2CJ,20240306,向日町,9,F1,Ｓ級特選,1,1,安藤　直希,1,2,7,"5,6",2024/03/06 07:05&nbsp;更新
rBl6u-PQCfnEApS7lfmOv3Z-Yllky--gADOCoaaJcMnchIHhYNZJ1HTxKClsdLVO,20240306,向日町,10,F1,Ｓ級特選,1,1,菱田　浩二,3,5,3,7,2024/03/06 07:05&nbsp;更新
rBl6u-PQCfnEApS7lfmOv54DXora1xU5heLsvY74JtcJTsBTrPrLavSjQnngN6Dp,20240306,向日町,11,F1,Ａ級決勝,1,1,川村　晃司,1,3,1,"3,5",2024/03/06 07:05&nbsp;更新
rBl6u-PQCfnEApS7lfmOv1yqA0pySZZR5sKwT6yHVjxdxsCO7Fa3JWP3rLoZj1zt,20240306,向日町,12,F1,Ｓ級決勝,1,1,佐野　梅一,2,3,6,5,2024/03/06 07:05&nbsp;更新
TzXNr1IyQYXd8vmMpJjd_7Pmf2_8Zol9Lh3GjXueQSPI0UixsXC1_ajaD8ht8Oci,20240306,小倉,1,F1,Ａ級予選,1,1,木谷　凉,3,5,3,5,2024/03/06 07:05&nbsp;更新
TzXNr1IyQYXd8vmMpJjd_8h8NL7knIwbEpuNrgWEov-xLEchJL4F1Tkz7owhtCZq,20240306,小倉,2,F1,Ａ級予選,1,1,宮本　龍一,3,4,7,4,2024/03/06 07:05&nbsp;更新
TzXNr1IyQYXd8vmMpJjd_-cZpRvw8AWbEekHm1E-Lulc0bOzGJF-bXZ_A-7EECZd,20240306,小倉,3,F1,Ａ級予選,1,1,木谷　凉,4,7,"3,7",,2024/03/06 07:05&nbsp;更新
TzXNr1IyQYXd8vmMpJjd_58uElfZ30-LAgnDLo7Bz3Xe75IwLiEaUbWgmW06vIgx,20240306,小倉,4,F1,Ａ級予選,1,1,宮本　龍一,5,2,4,7,2024/03/06 07:05&nbsp;更新
TzXNr1IyQYXd8vmMpJjd_7DNrPOTXR3dts-5ZMA_wikgr9cvaRmpxCTTkxSXVJxw,20240306,小倉,5,F1,Ａ級初日特選,1,1,木谷　凉,2,1,3,5,2024/03/06 07:05&nbsp;更新
TzXNr1IyQYXd8vmMpJjd_3YdtNQZIf6WAKbb1TUxFg27gLhinEa_YbP7YgKSlNfI,20240306,小倉,6,F1,Ｓ級予選,1,1,宮本　龍一,2,7,2,1,2024/03/06 07:05&nbsp;更新
TzXNr1IyQYXd8vmMpJjd_8FN9tMFg3afBXRGIydJ_UdI-yawDGAiv0kfk9DLiby0,20240306,小倉,7,F1,Ｓ級予選,1,1,瓦田　勝也,1,7,"3,5",,2024/03/06 07:05&nbsp;更新
TzXNr1IyQYXd8vmMpJjd_6sIcqVt7oYhRMBapjyrdO9B4-xi4d8Np6ez3ZEpV6Q-,20240306,小倉,8,F1,Ｓ級予選,1,1,城戸崎隆史,1,2,3,2,2024/03/06 07:05&nbsp;更新
TzXNr1IyQYXd8vmMpJjd_w7Ki9smHj7_4RBGDFvhX5koUH-g1qPOohVQ72OIrfB4,20240306,小倉,9,F1,Ｓ級予選,1,1,松尾信太郎,7,1,3,4,2024/03/06 07:05&nbsp;更新
TzXNr1IyQYXd8vmMpJjd_x57By0nQkO5ZS4kuhrD9qTtm-8BURcJ-mSDHYhhG1ix,20240306,小倉,10,F1,Ｓ級予選,1,1,瓦田　勝也,2,3,4,7,2024/03/06 07:05&nbsp;更新
TzXNr1IyQYXd8vmMpJjd_4lF8uYIK-qRxHoYALk0_VVBSM6fdJ07gaLPztmXIGGt,20240306,小倉,11,F1,Ｓ級予選,1,1,城戸崎隆史,1,4,3,4,2024/03/06 07:05&nbsp;更新
TzXNr1IyQYXd8vmMpJjd_2pnMkuHAVQzFrugVHTNvF13xDGeR8mVd5IOzuXXKYU_,20240306,小倉,12,F1,Ｓ級初日特選,1,1,松尾信太郎,4,2,2,6,2024/03/06 07:05&nbsp;更新
ZHNqMDrv_PhK_RMqwDdB9moZdmFqrC564tdcdG9VzJgiWVHaZGPm6PUbQwe2p3Yy,20240306,取手,1,F2,Ａ級予選,1,1,落合　豊,7,5,"1,5",,2024/03/06 07:05&nbsp;更新
ZHNqMDrv_PhK_RMqwDdB9lRhfdjyRDxiEsWOQvfRZ9hleGsKPpZNIeWbrKTERIWA,20240306,取手,2,F2,Ａ級予選,1,1,吉田　元輝,2,7,1,7,2024/03/06 07:05&nbsp;更新
ZHNqMDrv_PhK_RMqwDdB9pcAsutiKWqyCcH45Sy-LmGmq8jN6bXODPGgDPCH-rCB,20240306,取手,3,F2,Ａ級予選,1,1,土屋　仁,3,4,7,2,2024/03/06 07:05&nbsp;更新
ZHNqMDrv_PhK_RMqwDdB9iV-mbzG5_qDh-cO2m9zyefRu0sbUuUdMXGBSlGwYPEe,20240306,取手,4,F2,Ａ級予選,1,1,土田　武志,1,4,7,1,2024/03/06 07:05&nbsp;更新
ZHNqMDrv_PhK_RMqwDdB9pc3Mdlh-60moJmh_2RMvUC98m-k5OK9R6qZr1BPawL8,20240306,取手,5,F2,Ａ級予選,1,1,落合　豊,5,2,5,1,2024/03/06 07:05&nbsp;更新
ZHNqMDrv_PhK_RMqwDdB9j-4OR2BrLlFPwdPXvOoZaDxAJ_pXln6UDatWbQtjsIi,20240306,取手,6,F2,Ａ級予選,1,1,土屋　仁,5,1,1,3,2024/03/06 07:05&nbsp;更新
ZHNqMDrv_PhK_RMqwDdB9mEF1yJoeqx1GeBac92gaiSsH6aSlwdk0d1opdAT5nzX,20240306,取手,7,F2,Ａ級初日特選,1,1,土田　武志,7,4,6,2,2024/03/06 07:05&nbsp;更新
qB0b7MkHtkbTo5CbxWit42x3Xp8DrQk9AU1Mkl4qDSqHqREU_MgTQMVDAhqqqUYU,20240306,川崎,1,F2,Ａ級チャレンジ一般,1,1,野口　修平,1,2,1,5,2024/03/06 07:05&nbsp;更新
qB0b7MkHtkbTo5CbxWit45lT8bBfuNwQNONVVMh7yixNA9U0Dw9KklK-TbcUa-cj,20240306,川崎,2,F2,Ａ級チャレンジ一般,1,1,野村　純宏,1,2,5,7,2024/03/06 07:05&nbsp;更新
qB0b7MkHtkbTo5CbxWit4xmNzM2cSQt9relZhCsdadLVF6Uz9pur9-RlxwsiOZvg,20240306,川崎,3,F2,Ａ級チャレンジ準決勝,1,1,郷坪　和博,1,2,1,7,2024/03/06 07:05&nbsp;更新
qB0b7MkHtkbTo5CbxWit47L-g0nx3MBUaIN_Cx_6uFfxUNWHGvdLm1OQ0ujkF1aO,20240306,川崎,4,F2,Ａ級チャレンジ準決勝,1,1,大西　健士,1,2,1,"5,7",2024/03/06 07:05&nbsp;更新
qB0b7MkHtkbTo5CbxWit4xoRaOIU5d1BY2VILfYs-uB96rArUB2ZnqP1rkW_eQ_U,20240306,川崎,5,F2,Ａ級特一般,1,1,野口　修平,1,2,7,4,2024/03/06 07:05&nbsp;更新
qB0b7MkHtkbTo5CbxWit432mdh3Z17KcGOI95WD7GeFLOGNJLuHmjs0OYXLWSbkQ,20240306,川崎,6,F2,Ａ級特一般,1,1,野村　純宏,1,2,5,4,2024/03/06 07:05&nbsp;更新
qB0b7MkHtkbTo5CbxWit4w66K2Wk6YfpQoZIs1o42IIZOzjVTNzhRkq5MEfWfXvf,20240306,川崎,7,F2,Ａ級準決勝,1,1,郷坪　和博,1,2,"2,4",,2024/03/06 07:05&nbsp;更新
qB0b7MkHtkbTo5CbxWit48roAlnvUEBp2npMKvnKeZnV3DXO4Vc8_b1lSoLJaY1S,20240306,川崎,8,F2,Ａ級準決勝,1,1,大西　健士,1,2,7,2,2024/03/06 07:05&nbsp;更新
qB0b7MkHtkbTo5CbxWit4wUrHJDnE-1KLneJ6vLLKnI0OFNz13m6DCGR8toIPSsQ,20240306,川崎,9,F2,Ａ級準決勝,1,1,野村　純宏,1,2,1,5,2024/03/06 07:05&nbsp;更新
pjpbN8xQZYQT1-bYupLW552oABBTbfBr_-yCsDx7jJPCqSyWfgTqZbDpaqOAEAGH,20240306,小田原,1,F2,Ａ級一般,1,1,小林　覚,5,2,"1,2",,2024/03/06 07:05&nbsp;更新
pjpbN8xQZYQT1-bYupLW58Ww-BI8XPr9NzRK54UviXVx8seRsAOJ6pp9QOhdBURi,20240306,小田原,2,F2,Ａ級一般,1,1,眞原　健一,4,5,6,1,2024/03/06 07:05&nbsp;更新
pjpbN8xQZYQT1-bYupLW5wd9KNMRjl7TOwt1gd_tKn3vb0cfIiZD_T2Mo7YDGP6E,20240306,小田原,3,F2,Ａ級一般,1,1,川田　忍,5,2,4,,2024/03/06 07:05&nbsp;更新
pjpbN8xQZYQT1-bYupLW539z9V-FYW5KgX0kj5BYhoU83U0hTGYen6BmQt00fxGN,20240306,小田原,4,F2,Ａ級特選,1,1,旭　啓介,3,5,5,"2,4,7",2024/03/06 07:05&nbsp;更新
pjpbN8xQZYQT1-bYupLW5wQDLpoR1iNbEx7xODie384aNvw09_JhkjS9v_tzIOxZ,20240306,小田原,5,F2,Ａ級決勝,1,1,眞原　健一,2,3,2,7,2024/03/06 07:05&nbsp;更新
pjpbN8xQZYQT1-bYupLW5y6wxsy3jm__IzywVzyKSoHfcOVzV2ohafMh_L09PVAe,20240306,小田原,6,F2,Ａ級特選,1,1,小林　覚,7,2,4,6,2024/03/06 07:05&nbsp;更新
pjpbN8xQZYQT1-bYupLW5zbeEHHz4D2AfBwEv-NloAY9jCJuwjBXR3XOEXi8T095,20240306,小田原,7,F2,Ａ級特選,1,1,旭　啓介,1,2,7,5,2024/03/06 07:05&nbsp;更新
r7c8N-lTlOenJOhe9NDy6N0wtvh_S78SwNUpkKgdTbEYzrDyAYQhpNtlYtCp5xi1,20240306,松阪,1,F2,Ａ級チャレンジ一般,1,1,西村　光太,1,2,"1,4",,2024/03/06 11:14&nbsp;更新
r7c8N-lTlOenJOhe9NDy6FqrX9GUCzqcVKXXuuYXGmsAhUMlTkkE6yCB-SAmGl7U,20240306,松阪,2,F2,Ａ級チャレンジ一般,1,1,坂元　洋行,1,2,1,4,2024/03/06 11:14&nbsp;更新
r7c8N-lTlOenJOhe9NDy6LAesU3VAg9ye-QC1Ktrsa-FkhtmN-l8yeFcTy4XLwuV,20240306,松阪,3,F2,Ａ級チャレンジ準決勝,1,1,古田　義明,1,2,2,1,2024/03/06 11:14&nbsp;更新
r7c8N-lTlOenJOhe9NDy6Jdg82RjLOkzWNIrU4wWTdEDGnNaGo3VATZKiBE8YzGM,20240306,松阪,4,F2,Ａ級チャレンジ準決勝,1,1,柴崎　俊光,1,2,3,1,2024/03/06 19:28&nbsp;更新
r7c8N-lTlOenJOhe9NDy6NkZH9BOhWttkb_XPa7Jsl0mZewQw68VGhbZuCeJ06Q4,20240306,松阪,5,F2,Ａ級特一般,1,1,西村　光太,1,2,5,1,2024/03/06 11:14&nbsp;更新
r7c8N-lTlOenJOhe9NDy6AnNJoOna8NKqI5UNo1yC_-GD5dnVGl45_D5mnzgFzZF,20240306,松阪,6,F2,Ａ級特一般,1,1,古田　義明,1,2,"1,4",,2024/03/06 11:14&nbsp;更新
r7c8N-lTlOenJOhe9NDy6LTojDhS89ZMDjzzvu1Li2oTIvqGTJzfA7wbI59nI1iB,20240306,松阪,7,F2,Ａ級準決勝,1,1,坂元　洋行,1,2,5,6,2024/03/06 11:14&nbsp;更新
r7c8N-lTlOenJOhe9NDy6G-ytKCLXE5lzg0FfAWqyABlScy7oTLzqgcW93l_HPKI,20240306,松阪,8,F2,Ａ級準決勝,1,1,柴崎　俊光,1,2,7,4,2024/03/06 11:14&nbsp;更新
r7c8N-lTlOenJOhe9NDy6KyYKuqoXLZvU2bDtwMnY3DMSC5bBmJyqxbPCvS6i-GY,20240306,松阪,9,F2,Ａ級準決勝,1,1,西村　光太,1,2,4,2,2024/03/06 11:14&nbsp;更新
YKTV-bUcoDkDA1ygFMkyJijZzj95UvBaALDwOApPnMSZsJuMFZZpmnbsqQeK0uiv,20240306,福井,1,F2,Ａ級チャレンジ一般,1,1,白崎　芳典,4,3,"4,6",,2024/03/06 07:05&nbsp;更新
YKTV-bUcoDkDA1ygFMkyJlPaaBrx3GWJ-km44x_dw6GtW1OcV0Qcr403aHdyfjXS,20240306,福井,2,F2,Ａ級チャレンジ一般,1,1,枠元　一葵,4,1,5,3,2024/03/06 07:05&nbsp;更新
YKTV-bUcoDkDA1ygFMkyJivsMsCgd5edBeuen3c9ypFUlxKrCouzIrzelgE6IoIg,20240306,福井,3,F2,Ａ級チャレンジ選抜,1,1,白上　翔,1,3,3,,2024/03/06 07:05&nbsp;更新
YKTV-bUcoDkDA1ygFMkyJh-S1YRVsuvf-o4BwRg0O4P47SODZkUQd1kODDPeaiA0,20240306,福井,4,F2,Ａ級チャレンジ選抜,1,1,善利　裕生,7,2,7,4,2024/03/06 07:05&nbsp;更新
YKTV-bUcoDkDA1ygFMkyJhOCiuGjogPvKAoOexoyTMqRec7fIG37i0qsccNvwgNm,20240306,福井,5,F2,Ａ級特一般,1,1,脇本　勇希,7,5,6,3,2024/03/06 07:05&nbsp;更新
YKTV-bUcoDkDA1ygFMkyJmTZP-nGyTuD0qTddULsnJgijp1Mk5H91oWmOv7qa-NR,20240306,福井,6,F2,Ａ級特一般,1,1,白上　翔,7,4,2,6,2024/03/06 07:05&nbsp;更新
YKTV-bUcoDkDA1ygFMkyJsqm5T2l8fRm2HVd2UccX1rQp6XIzGm8AT4Chjq9UL1R,20240306,福井,7,F2,Ａ級特選,1,1,脇本　勇希,3,1,"2,6",,2024/03/06 07:05&nbsp;更新
YKTV-bUcoDkDA1ygFMkyJjoko_VvPOBTAwcYi8M0GLkVr1bOaOh04BNUcCgB1ZZn,20240306,福井,8,F2,Ａ級特選,1,1,白上　翔,1,3,6,1,2024/03/06 07:05&nbsp;更新
YKTV-bUcoDkDA1ygFMkyJkYG60cKO0aWihw-QOzenyTW4c3J4rWdHIK8N7e1RYOH,20240306,福井,9,F2,Ｌ級ガールズ一般,1,1,白崎　芳典,3,5,4,"2,5,7",2024/03/06 07:05&nbsp;更新
YKTV-bUcoDkDA1ygFMkyJifGlN6Ibm_jCHj9m9W0tiB6ZgKmy6CGFgEAuBRM1qUt,20240306,福井,10,F2,Ａ級チャレンジ決勝,1,1,善利　裕生,1,5,1,2,2024/03/06 07:05&nbsp;更新
YKTV-bUcoDkDA1ygFMkyJjjuXfg8w6tOGo4JrmEOiL3EAYAzlZkYWwHMGf8TSXDa,20240306,福井,11,F2,Ｌ級ガールズ決勝,1,1,枠元　一葵,1,2,3,2,2024/03/06 07:05&nbsp;更新
YKTV-bUcoDkDA1ygFMkyJkH3zDx0BXT8UCp_qk1zrZQIivT2JX7__R4IyLpizbrP,20240306,福井,12,F2,Ａ級決勝,1,1,脇本　勇希,1,2,3,"1,7",2024/03/06 07:05&nbsp;更新
Qa46FBqdpnJl3JcAORj6Sd73uFeQ0Hi0vNHS6eEoyxDwMgNaElMpO12k3dqVMkcu,20240306,高知,1,F2,Ａ級チャレンジ一般,1,1,赤松　秀展,4,7,1,5,2024/03/06 07:05&nbsp;更新
Qa46FBqdpnJl3JcAORj6SaOyyr34pGQkq2LMd3YphkFpjJTp8kRqo22cpEcxfV6a,20240306,高知,2,F2,Ａ級チャレンジ一般,1,1,篠原　英雄,3,7,3,1,2024/03/06 07:05&nbsp;更新
Qa46FBqdpnJl3JcAORj6SVkTCsMGt5MXmH8EBP7tKOI_LD_l-AFRXbCklkPlQ1Qf,20240306,高知,3,F2,Ａ級チャレンジ選抜,1,1,林　明宏,1,4,7,"1,5",2024/03/06 07:05&nbsp;更新
Qa46FBqdpnJl3JcAORj6SbwLTJR_K2H5-s1hlOgPL5l_JxbcX-liKloyom9jDUog,20240306,高知,4,F2,Ａ級チャレンジ選抜,1,1,宗崎　世連,5,2,6,7,2024/03/06 07:05&nbsp;更新
Qa46FBqdpnJl3JcAORj6SfvGsEF642CLjmMCMU-ITILLQNRfmOllAL-S-vh4knwN,20240306,高知,5,F2,Ｌ級ガールズ一般,1,1,赤松　秀展,4,2,"4,6",,2024/03/06 07:05&nbsp;更新
Qa46FBqdpnJl3JcAORj6SVIdozib6S4UIXdtypB4loc6Mm48weo4sbPUN2Jt1EIs,20240306,高知,6,F2,Ａ級特一般,1,1,水木　裕聡,2,4,2,6,2024/03/06 07:05&nbsp;更新
Qa46FBqdpnJl3JcAORj6Sb2-INxYmAfEg6OIoxFEitHBMjMGhn3E7RaK25hb4rB-,20240306,高知,7,F2,Ａ級特一般,1,1,林　明宏,7,1,4,5,2024/03/06 07:05&nbsp;更新
Qa46FBqdpnJl3JcAORj6Sb44zWz8X76XaYtfS9cG_yUXBrYyNjwB5-XMoaKAItsA,20240306,高知,8,F2,Ａ級特選,1,1,篠原　英雄,2,7,6,1,2024/03/06 07:05&nbsp;更新
Qa46FBqdpnJl3JcAORj6Sfu8Ovy1dcIWONV_VtAB1zwW1tZRxa-LDyWk8QJtG3RA,20240306,高知,9,F2,Ａ級特選,1,1,宗崎　世連,2,1,"1,2",,2024/03/06 07:05&nbsp;更新
Qa46FBqdpnJl3JcAORj6SabL4-LKRIrFqCIheaM-X8gHVXuFC9gbUPG4x-OGyDof,20240306,高知,10,F2,Ａ級チャレンジ決勝,1,1,林　明宏,3,2,1,"3,7",2024/03/06 07:05&nbsp;更新
Qa46FBqdpnJl3JcAORj6SQ-ceSZmOc_dwwtz97NCXHtaXvrDaTnxhl1ce5tB6T2j,20240306,高知,11,F2,Ｌ級ガールズ決勝,1,1,水木　裕聡,1,5,1,5,2024/03/06 07:05&nbsp;更新
Qa46FBqdpnJl3JcAORj6SfxxZ5LqH2Qms-PRst2ywGlpYnqd62jtLS8GnksAxTXK,20240306,高知,12,F2,Ａ級決勝,1,1,宗崎　世連,3,5,6,"1,4",2024/03/06 07:05&nbsp;更新
L-h0DRY0KFM8zxiuG3qDbLFIeLmWcCXKX9pmsOOl6G6Qhoj34ANeanPOkmUwptPY,20240307,松山,1,G3,Ｓ級一次予選,1,1,林　成人,7,3,1,3,2024/03/07 08:34&nbsp;更新
L-h0DRY0KFM8zxiuG3qDbNyi935LjnIku2SXfYkqW9foacQ38CqDcCPbkpkloMp_,20240307,松山,2,G3,Ｓ級一次予選,1,1,今野　有樹,1,2,2,7,2024/03/07 07:00&nbsp;更新
L-h0DRY0KFM8zxiuG3qDbNKuGMiczlTn8j_6o_iKfQD2JvPSv1bIBcWlCntJcKaa,20240307,松山,3,G3,Ｓ級一次予選,1,1,廣川　泰昭,7,2,6,2,2024/03/07 07:00&nbsp;更新
L-h0DRY0KFM8zxiuG3qDbG2bQ5OYE3laAiHZVy0_uSizv-SOysxvIEDrNgLdSkj4,20240307,松山,4,G3,Ｓ級一次予選,1,1,越智　展孝,1,5,6,2,2024/03/07 07:00&nbsp;更新
L-h0DRY0KFM8zxiuG3qDbNsQ4QqlopBRGWmq3o8Z8BCn6jmKdYvQToUc3ZKNSBr0,20240307,松山,5,G3,Ｓ級一次予選,1,1,宇根　秀俊,7,3,2,"1,7",2024/03/07 07:00&nbsp;更新
L-h0DRY0KFM8zxiuG3qDbDt4sRSiGyDlQE87etQevhXWBO64T83RA2PziZgTBIG-,20240307,松山,6,G3,Ｓ級一次予選,1,1,林　成人,1,5,9,7,2024/03/07 07:00&nbsp;更新
L-h0DRY0KFM8zxiuG3qDbB-qEvR3hPz-_1iZ0QvLAsY0_suGAQh8r0zBQn0a6gfi,20240307,松山,7,G3,Ｓ級一次予選,1,1,今野　有樹,1,7,9,4,2024/03/07 07:00&nbsp;更新
L-h0DRY0KFM8zxiuG3qDbHPHc2GjdgnWxS-t7MwCMABKZBgkLZ3A9VWv5DzYh8CZ,20240307,松山,8,G3,Ｓ級一次予選,1,1,廣川　泰昭,9,2,2,4,2024/03/07 07:00&nbsp;更新
L-h0DRY0KFM8zxiuG3qDbCEtv9oWt-EP2mD8WGxlv3SuGbXiX2iKGPTvUiNzvUC-,20240307,松山,9,G3,Ｓ級一次予選,1,1,越智　展孝,9,1,"3,5",,2024/03/07 07:00&nbsp;更新
L-h0DRY0KFM8zxiuG3qDbLlqkZNO_lipyFAHpNA9RH2rtzEQlcsPe8EP5d72X97_,20240307,松山,10,G3,Ｓ級一次予選,1,1,林　成人,1,2,8,3,2024/03/07 07:00&nbsp;更新
L-h0DRY0KFM8zxiuG3qDbLr9xFx2YBw_HOpC6jlIWx9BIjDhk5HEffKitaTryxd5,20240307,松山,11,G3,Ｓ級一次予選,1,1,今野　有樹,1,9,1,5,2024/03/07 07:00&nbsp;更新
L-h0DRY0KFM8zxiuG3qDbFaUKD_vYqnIxazGdS6P_BrgtME-6C9oV9SFSMM7-asG,20240307,松山,12,G3,Ｓ級初日特選,1,1,宇根　秀俊,2,1,4,3,2024/03/07 07:00&nbsp;更新
TzXNr1IyQYXd8vmMpJjd_58496MdRQiSkzVhZed-Bda1iS5rON9q9Tz2O0tpTwcB,20240307,小倉,1,F1,Ａ級一般,1,1,木谷　凉,5,3,2,3,2024/03/07 07:00&nbsp;更新
TzXNr1IyQYXd8vmMpJjd_xzqEvNsx71PpQsa1ks539CzaIAOm8wCpRUR17AlWGzB,20240307,小倉,2,F1,Ａ級一般,1,1,宮本　龍一,1,4,1,5,2024/03/07 07:00&nbsp;更新
TzXNr1IyQYXd8vmMpJjd_4xvtM5EpNhSR-vxccPpyxvdAfcdUuuogRXZjRhPNjJJ,20240307,小倉,3,F1,Ａ級準決勝,1,1,木谷　凉,1,2,3,1,2024/03/07 07:00&nbsp;更新
TzXNr1IyQYXd8vmMpJjd_4dMfGa4a7DWRk0AoZXgO9A5GoXy-ZJ9kj5pjFWXdGjV,20240307,小倉,4,F1,Ａ級準決勝,1,1,宮本　龍一,2,1,3,7,2024/03/07 07:00&nbsp;更新
TzXNr1IyQYXd8vmMpJjd_-VjZXzSulPjoK2ttit0iuL04pAk5dfQZg8oC_Wz7Ojo,20240307,小倉,5,F1,Ａ級準決勝,1,1,瓦田　勝也,1,2,2,"4,7",2024/03/07 07:00&nbsp;更新
TzXNr1IyQYXd8vmMpJjd_0go4M2qoy2Hdb0cfeEFqVExsT_wFDA0GH3OT0XxUK_H,20240307,小倉,6,F1,Ｓ級一般,1,1,城戸崎隆史,7,2,3,2,2024/03/07 07:00&nbsp;更新
TzXNr1IyQYXd8vmMpJjd_4Z5-M1CF2QkUfXZKdbMB5ni7bo_VmbcBAgl5BYZYmMH,20240307,小倉,7,F1,Ｓ級一般,1,1,松尾信太郎,5,7,1,3,2024/03/07 07:00&nbsp;更新
TzXNr1IyQYXd8vmMpJjd_zg6LtSEZjBAMF9MrBVVQ1bdEL2d5Nmfj9cisBcEKfD_,20240307,小倉,8,F1,Ｓ級選抜,1,1,瓦田　勝也,3,1,3,2,2024/03/07 07:00&nbsp;更新
TzXNr1IyQYXd8vmMpJjd_zY2c6d9y1c9RL6yqickW4RbOcRSKEAiXhopjews2-gk,20240307,小倉,9,F1,Ｓ級選抜,1,1,松尾信太郎,3,7,4,2,2024/03/07 07:00&nbsp;更新
TzXNr1IyQYXd8vmMpJjd_-2HJ_SRLBqddjNtV1HMWR3JkZVmPKxc1GHbr2Vc_zpi,20240307,小倉,10,F1,Ｓ級準決勝,1,1,瓦田　勝也,1,7,5,"2,3",2024/03/07 07:00&nbsp;更新
TzXNr1IyQYXd8vmMpJjd_yeiAzW6hIZWn_i4TehVPx0SvTOOL6hOqkAtiXysg7N1,20240307,小倉,11,F1,Ｓ級準決勝,1,1,城戸崎隆史,1,5,5,"3,7",2024/03/07 07:00&nbsp;更新
TzXNr1IyQYXd8vmMpJjd_9bseT0nGudKTr9Cjk0FYTmEEQ9jw_7DeqWwXxQnWvI0,20240307,小倉,12,F1,Ｓ級準決勝,1,1,松尾信太郎,7,2,1,4,2024/03/07 07:00&nbsp;更新
ZHNqMDrv_PhK_RMqwDdB9tV7xbC1FFinUtnlG4DrV-pJXpDKJREOf2Wp2DkoIIc6,20240307,取手,1,F2,Ａ級一般,1,1,吉田　元輝,1,3,3,5,2024/03/07 07:00&nbsp;更新
ZHNqMDrv_PhK_RMqwDdB9hesEaTxcjHDUqGX2v14btj_wyqvtQX6NW6LpAWEUSVd,20240307,取手,2,F2,Ａ級一般,1,1,落合　豊,4,3,4,2,2024/03/07 07:00&nbsp;更新
ZHNqMDrv_PhK_RMqwDdB9t822ylrpROnptxZ7KrLLTuq5mSw8eDENpU6iKWIkQ9q,20240307,取手,3,F2,Ａ級選抜,1,1,土屋　仁,4,1,6,1,2024/03/07 07:00&nbsp;更新
ZHNqMDrv_PhK_RMqwDdB9rf4VXOPsGIgXK3t2KLuscyQCVHZZbPJPkZOws5VhgZ0,20240307,取手,4,F2,Ａ級選抜,1,1,土田　武志,3,1,3,4,2024/03/07 07:00&nbsp;更新
ZHNqMDrv_PhK_RMqwDdB9saXO0nuJM66d1X9vW4EgTYishit_8aLqExdj7WP5vP-,20240307,取手,5,F2,Ａ級準決勝,1,1,吉田　元輝,5,2,2,3,2024/03/07 07:00&nbsp;更新
ZHNqMDrv_PhK_RMqwDdB9hSs2c1awWUQfXZ4FtrEfmVtJAMO1H_GM5fIkOJuCGmW,20240307,取手,6,F2,Ａ級準決勝,1,1,土屋　仁,4,1,2,5,2024/03/07 07:00&nbsp;更新
ZHNqMDrv_PhK_RMqwDdB9gi7mNO-su6IVrOXbUfWdAWCfwgGWho1aheshoiLe5nP,20240307,取手,7,F2,Ａ級準決勝,1,1,土田　武志,3,4,1,7,2024/03/07 07:00&nbsp;更新
qB0b7MkHtkbTo5CbxWit4979ii7EHczIpSeCVmSIKahI-rtXc33fJ8UrlurO42jz,20240307,川崎,1,F2,Ａ級チャレンジ一般,1,1,大西　健士,1,2,4,2,2024/03/07 07:00&nbsp;更新
qB0b7MkHtkbTo5CbxWit4817MhOXc37jGFjKKMrQM4kzRqxeDDwMvV0FuneuypTF,20240307,川崎,2,F2,Ａ級チャレンジ一般,1,1,郷坪　和博,1,2,6,2,2024/03/07 07:00&nbsp;更新
qB0b7MkHtkbTo5CbxWit42OcJ7TfsL-7EJ9lz_KbnMOAO1OEGf76QO_XzyRbTL26,20240307,川崎,3,F2,Ａ級チャレンジ選抜,1,1,野口　修平,1,2,"3,6",,2024/03/07 07:00&nbsp;更新
qB0b7MkHtkbTo5CbxWit42144_XrKHUL--ZIyRrZLyogGtq4CoWRjefTyAtJOlBY,20240307,川崎,4,F2,Ａ級特一般,1,1,大西　健士,1,2,4,3,2024/03/07 07:00&nbsp;更新
qB0b7MkHtkbTo5CbxWit4xm0EylDObeHUHAy6URVb3e9mzr8-LO6K1G4IyjC8GwL,20240307,川崎,5,F2,Ａ級特一般,1,1,郷坪　和博,1,2,4,6,2024/03/07 07:00&nbsp;更新
qB0b7MkHtkbTo5CbxWit4zrGKNmoaaHoAtoXpUFW7bE9DfXsqnviW3v2SG-766xb,20240307,川崎,6,F2,Ａ級特選,1,1,野村　純宏,1,2,3,,2024/03/07 07:00&nbsp;更新
qB0b7MkHtkbTo5CbxWit42Gcd0O97N2fzEh6XNSXHhz1N6YBNST6fg3uM0iu7hBw,20240307,川崎,7,F2,Ａ級特選,1,1,大西　健士,1,2,3,7,2024/03/07 07:00&nbsp;更新
qB0b7MkHtkbTo5CbxWit43aJGCS4DghB0MX5dpHQQQw1_9SnrX69Qrtj1eoeaCAI,20240307,川崎,8,F2,Ａ級チャレンジ決勝,1,1,野口　修平,1,2,2,1,2024/03/07 07:00&nbsp;更新
qB0b7MkHtkbTo5CbxWit4zFYUGxgFSNYgEPBHVhJLRmhPDct-BYTbAKcMt5_Oygb,20240307,川崎,9,F2,Ａ級決勝,1,1,野村　純宏,1,2,3,6,2024/03/07 07:00&nbsp;更新
r7c8N-lTlOenJOhe9NDy6IWTsAywjXIXSddMQ3joXlIoBf8TtJ8UIGz3UsojZ3gC,20240307,松阪,1,F2,Ａ級チャレンジ一般,1,1,西村　光太,1,2,2,1,2024/03/07 11:35&nbsp;更新
r7c8N-lTlOenJOhe9NDy6O_tG-QSZaTEXC7LD5jjnZNATaxa9Lq-xtbBwMy4rK_J,20240307,松阪,2,F2,Ａ級チャレンジ一般,1,1,古田　義明,1,2,5,3,2024/03/07 11:39&nbsp;更新
r7c8N-lTlOenJOhe9NDy6HSEvNTjRTIOHTwgy7OdlRiyXcFupFm9RDAbCDvS6V76,20240307,松阪,3,F2,Ａ級チャレンジ選抜,1,1,坂元　洋行,1,2,1,4,2024/03/07 11:35&nbsp;更新
r7c8N-lTlOenJOhe9NDy6A1DZKJzggsPih_jNm6WVimmhWGn0BkTKa-QJEUDJjvu,20240307,松阪,4,F2,Ａ級特一般,1,1,柴崎　俊光,1,2,1,5,2024/03/07 11:35&nbsp;更新
r7c8N-lTlOenJOhe9NDy6CNx6CFCGM1l1IOeOwMoCmqoebBz1crQiUgHt1ZBx48-,20240307,松阪,5,F2,Ａ級特一般,1,1,古田　義明,1,2,7,2,2024/03/07 11:35&nbsp;更新
r7c8N-lTlOenJOhe9NDy6D0i9KRLg8IKMjTgaujnR71RpLP4Wbs43kDcxXIAYIGk,20240307,松阪,6,F2,Ａ級特選,1,1,西村　光太,1,2,7,6,2024/03/07 11:35&nbsp;更新
r7c8N-lTlOenJOhe9NDy6PficPLfjHWr4c7fiQyOLAQOfoFcP-Bp4uLG4KkX3C9G,20240307,松阪,7,F2,Ａ級特選,1,1,柴崎　俊光,1,2,3,4,2024/03/07 11:35&nbsp;更新
r7c8N-lTlOenJOhe9NDy6EtmHs394NUo4_rYqLRcmVDQQzy0q6SIHCLjZIyueMfm,20240307,松阪,8,F2,Ａ級チャレンジ決勝,1,1,坂元　洋行,1,2,4,5,2024/03/07 11:35&nbsp;更新
r7c8N-lTlOenJOhe9NDy6FKwneDLJrq3SX1LiViwJPqTAXb2MsJ2194_3lCaxIWB,20240307,松阪,9,F2,Ａ級決勝,1,1,西村　光太,1,2,3,6,2024/03/07 11:35&nbsp;更新
