﻿race_encp,race_date,track,race_no,grade,syumoku,syoriKbn,syusouInfoExistFlg,yudoSensyuName,raceResult1Syaban,raceResult2Syaban,backCnt1Syaban,backCnt2Syaban,lastUpdateTime
lrrgkIOCNWMkGpMAgnwNNr8P5Qtb-_S23zYyInILiQjUjqqshswwWOziagKw6EE5,20240222,奈良,1,G3,Ｓ級一次予選,1,1,野口　正則,7,1,6,1,2024/02/22 07:05&nbsp;更新
lrrgkIOCNWMkGpMAgnwNNpXGXNw9NDfrZFstriYnBt4X4ILEYpoFV1jSilhgZCXM,20240222,奈良,2,G3,Ｓ級一次予選,1,1,小笹　隼人,1,2,"1,6",,2024/02/22 07:05&nbsp;更新
lrrgkIOCNWMkGpMAgnwNNtVejzma-fjOPHD5r4O8ACY6IBjeCoruJ_Pshv4H_c6t,20240222,奈良,3,G3,Ｓ級一次予選,1,1,辰己　豊,9,1,1,6,2024/02/22 09:35&nbsp;更新
lrrgkIOCNWMkGpMAgnwNNo7vFcV70c7eBfOjlOuEGU_O7Tg7QaAAHmDqBGVHHCFG,20240222,奈良,4,G3,Ｓ級一次予選,1,1,佐藤　成人,7,1,8,2,2024/02/22 07:05&nbsp;更新
lrrgkIOCNWMkGpMAgnwNNjiFWNOXtrJI05PxME1N6kRZ7rsGL6o6HUMI4ql0fd1Q,20240222,奈良,5,G3,Ｓ級一次予選,1,1,三谷　政史,9,2,8,2,2024/02/22 07:05&nbsp;更新
lrrgkIOCNWMkGpMAgnwNNj-UKtcWU5uPLN4rba9Y7WcUF8YbfRYHJBuTx5l4CFar,20240222,奈良,6,G3,Ｓ級一次予選,1,1,辰己　豊,2,5,1,6,2024/02/22 07:05&nbsp;更新
lrrgkIOCNWMkGpMAgnwNNpx3pgyXZvPC-fBbTXlwuHivkbkYk40m3kwSL8OzhCh6,20240222,奈良,7,G3,Ｓ級一次予選,1,1,佐藤　成人,9,2,9,"1,5",2024/02/22 07:05&nbsp;更新
lrrgkIOCNWMkGpMAgnwNNl6N3LxAYLpIQ2cZRfYLEdnxcA_TCe8PUW1Fh9qpwyo6,20240222,奈良,8,G3,Ｓ級一次予選,1,1,野口　正則,9,1,9,2,2024/02/22 07:05&nbsp;更新
lrrgkIOCNWMkGpMAgnwNNm87Jbsp5f-H_-usf__BXpaYlFehaNiGHPlH1tzKqWRw,20240222,奈良,9,G3,Ｓ級一次予選,1,1,小笹　隼人,2,1,4,6,2024/02/22 07:05&nbsp;更新
lrrgkIOCNWMkGpMAgnwNNtXXSHfMdBhsoIX9zWlpIyH5bk8VaNIKUMe8BGNSVNsw,20240222,奈良,10,G3,Ｓ級一次予選,1,1,三谷　政史,3,2,9,7,2024/02/22 07:05&nbsp;更新
lrrgkIOCNWMkGpMAgnwNNh90zzTRq91iFNZUmr2-W6WSFhOAnLHOpC17eqsYVlNC,20240222,奈良,11,G3,Ｓ級一次予選,1,1,辰己　豊,5,1,1,"7,8",2024/02/22 07:05&nbsp;更新
lrrgkIOCNWMkGpMAgnwNNlSGP5eWyqutlF8kk4rPHTPFqM4fxNg4yXA53AFjCGNB,20240222,奈良,12,G3,Ｓ級初日特選,1,1,佐藤　成人,3,2,1,2,2024/02/22 07:05&nbsp;更新
pjpbN8xQZYQT1-bYupLW5-BL6ocyqGgQ51kenRCokDHlqYBsqYVfJsNwnVrhHSR8,20240222,小田原,1,F1,Ａ級一般,1,1,能代谷　元,1,3,5,7,2024/02/22 07:05&nbsp;更新
pjpbN8xQZYQT1-bYupLW5zZTTgVKEzYNbgsD8aj4IxjJ3b5fYxXekpzoeqM6gkuN,20240222,小田原,2,F1,Ａ級一般,1,1,渡辺　馨,4,7,2,1,2024/02/22 07:05&nbsp;更新
pjpbN8xQZYQT1-bYupLW55YFKSU825A51BLmIAh1-15xjsereagBJt-y0wZpClmv,20240222,小田原,3,F1,Ａ級準決勝,1,1,川崎　健次,3,5,"2,4",,2024/02/22 07:05&nbsp;更新
pjpbN8xQZYQT1-bYupLW5zrxZpKk0j5SuTobaWAgcH1OWq_WFCUoAzOm6FSEOnY9,20240222,小田原,4,F1,Ａ級準決勝,1,1,安坂　洋一,7,2,4,2,2024/02/22 07:05&nbsp;更新
pjpbN8xQZYQT1-bYupLW55uOcLewHVSvhPHOiNydc6eDT18BK8HoXKT4v5DMjm1k,20240222,小田原,5,F1,Ａ級準決勝,1,1,渡辺　馨,2,5,3,2,2024/02/22 07:05&nbsp;更新
pjpbN8xQZYQT1-bYupLW51jikNoyhPn9wl0GIZITKLY7y6GhJ1XpO855zm0jBK-Q,20240222,小田原,6,F1,Ｓ級一般,1,1,能代谷　元,2,1,7,6,2024/02/22 07:05&nbsp;更新
pjpbN8xQZYQT1-bYupLW59H8Lr8sCvjf8XWJUIfWytwZwscgEJCdWdhQe7wNydjx,20240222,小田原,7,F1,Ｓ級一般,1,1,安坂　洋一,2,5,3,2,2024/02/22 07:05&nbsp;更新
pjpbN8xQZYQT1-bYupLW52Vj3tuHNXOwaZQ0xmw7JXEB2xtpP1tMN4cXBSP09Zjk,20240222,小田原,8,F1,Ｓ級選抜,1,1,小島　歩,2,5,2,1,2024/02/22 07:05&nbsp;更新
pjpbN8xQZYQT1-bYupLW59PnYEE7H-Xi--g8T8uRQOywrg7DuQ8_itTKn4Kc740-,20240222,小田原,9,F1,Ｓ級選抜,1,1,川崎　健次,2,3,6,5,2024/02/22 07:05&nbsp;更新
pjpbN8xQZYQT1-bYupLW58qfAWj0yVfm78gQSyUzV7PDadxHC5_FV3xAVgvrQSB_,20240222,小田原,10,F1,Ｓ級準決勝,1,1,能代谷　元,2,1,7,4,2024/02/22 07:05&nbsp;更新
pjpbN8xQZYQT1-bYupLW5-ol419zTrvd7xYUA6XmitvLKGVmHKM5xEcHU8KZ5-jb,20240222,小田原,11,F1,Ｓ級準決勝,1,1,小島　歩,2,4,6,2,2024/02/22 07:05&nbsp;更新
pjpbN8xQZYQT1-bYupLW53GK_Az3_qa27HOkrPqpHs8BZM9peJSN83KX3j0h_u6p,20240222,小田原,12,F1,Ｓ級準決勝,1,1,川崎　健次,1,7,2,3,2024/02/22 07:05&nbsp;更新
PnCgZjVTsqPvlWXgDno6w886b6OC2l-vE5zn3rkTL81K6hJRXIK5e8p_6hjkIN-k,20240222,四日市,1,F1,Ａ級一般,1,1,西川　弘資,5,2,5,2,2024/02/22 07:05&nbsp;更新
PnCgZjVTsqPvlWXgDno6w2WozyHBpjKHBtMbthHEsYP9V-Mfv9-JwfCGYG_vg5i1,20240222,四日市,2,F1,Ａ級一般,1,1,舛井　幹雄,4,2,4,1,2024/02/22 07:05&nbsp;更新
PnCgZjVTsqPvlWXgDno6w0yTjPAl6BQf6PQeDazh7Gikxc_TcwRUbTA1QVPc1UHA,20240222,四日市,3,F1,Ａ級特選,1,1,井田　晶之,3,2,1,4,2024/02/22 07:05&nbsp;更新
PnCgZjVTsqPvlWXgDno6wx1jfCsB6uPPsTRZw39mlXy-60oz2D7sn-SeDOJHBr7f,20240222,四日市,4,F1,Ａ級特選,1,1,西川　弘資,7,1,1,2,2024/02/22 07:05&nbsp;更新
PnCgZjVTsqPvlWXgDno6wyZjBx4WKD7v8pLjSZvohYTni_c6gBDh7Jv-ZZ6B9VxR,20240222,四日市,5,F1,Ｌ級ガールズ一般,1,1,西村　豊,1,6,1,2,2024/02/22 07:05&nbsp;更新
PnCgZjVTsqPvlWXgDno6wyB-fjuMZqU9R3OiyvdkWglHrcT5dOCUbkITXBgWhsqd,20240222,四日市,6,F1,Ｓ級一般,1,1,鮒田　博文,4,3,4,5,2024/02/22 07:05&nbsp;更新
PnCgZjVTsqPvlWXgDno6w_f80vnoZ8vJaGoIl9T9bupQiFPtZzQEt5nM4dVYZTR1,20240222,四日市,7,F1,Ｓ級一般,1,1,舛井　幹雄,2,3,5,2,2024/02/22 07:05&nbsp;更新
PnCgZjVTsqPvlWXgDno6w-xjxMIO53ADSBIAwRdaG__YAM4MzEtD-siRq9QazTmQ,20240222,四日市,8,F1,Ｓ級特選,1,1,西村　豊,1,4,3,5,2024/02/22 07:05&nbsp;更新
PnCgZjVTsqPvlWXgDno6w9lXP9Y4_wJyF7576UNjBz-xs4AbLC67Nmcz93cFx9x2,20240222,四日市,9,F1,Ｓ級特選,1,1,鮒田　博文,7,3,6,1,2024/02/22 07:05&nbsp;更新
PnCgZjVTsqPvlWXgDno6w8IksQ8FUmS7Kz96q2CBygux6cPCefPpAvoQuQYh2-HE,20240222,四日市,10,F1,Ｌ級ガールズ決勝,1,1,井田　晶之,7,2,7,2,2024/02/22 07:05&nbsp;更新
PnCgZjVTsqPvlWXgDno6w2U2Xnh4WqCqXkVKnn9mjU_TZy5toZcZObxAVkZTpwhA,20240222,四日市,11,F1,Ａ級決勝,1,1,西村　豊,1,4,7,6,2024/02/22 07:05&nbsp;更新
PnCgZjVTsqPvlWXgDno6w3yh20D5GmUsU9xa8awMWp2qRwMETIHhxISZo4kFd9Fa,20240222,四日市,12,F1,Ｓ級決勝,1,1,舛井　幹雄,7,5,7,1,2024/02/22 07:05&nbsp;更新
bp6dAvRRo5C6cz9eTz8FqQ3g63KPAifJhxRdOzv2YuLVOoisAIew2_5fdX9yEe7Z,20240222,立川,1,F2,Ａ級予選,1,1,駒井　大輔,7,1,1,2,2024/02/22 07:05&nbsp;更新
bp6dAvRRo5C6cz9eTz8FqVO9YZaCI2f_TRkew0R3oXE6oi919cA6gJF1EO__Korv,20240222,立川,2,F2,Ａ級予選,1,1,吉田　英二,4,2,7,"1,6",2024/02/22 07:05&nbsp;更新
bp6dAvRRo5C6cz9eTz8FqbPRoYoUlg1fDm0tLaVBb49x4UBf2I2d_JpOAm4yR6h8,20240222,立川,3,F2,Ａ級予選,1,1,山崎　充央,7,4,4,3,2024/02/22 07:05&nbsp;更新
bp6dAvRRo5C6cz9eTz8FqeTcsQVzlwk809VjpQFpq45C6DCQC6oglTIdfLQYX4_U,20240222,立川,4,F2,Ａ級予選,1,1,櫻井　宏樹,5,1,6,1,2024/02/22 07:05&nbsp;更新
bp6dAvRRo5C6cz9eTz8FqSEgtwi--rxurOVOaO3V3H4Ysi0Z_nc01a14u_bSdVdb,20240222,立川,5,F2,Ａ級予選,1,1,駒井　大輔,3,7,7,1,2024/02/22 07:05&nbsp;更新
bp6dAvRRo5C6cz9eTz8FqQAnkqo9J4A7UrZwyOaTUFZfZqC8KAunfxYolLTcNkXo,20240222,立川,6,F2,Ａ級予選,1,1,吉田　英二,4,3,4,7,2024/02/22 07:05&nbsp;更新
bp6dAvRRo5C6cz9eTz8FqdBe49VB-qZD8PITBOZqMLHUjTxJUxcqO0ymFP0F555h,20240222,立川,7,F2,Ａ級初日特選,1,1,山崎　充央,1,2,3,7,2024/02/22 07:05&nbsp;更新
smk0n7SBH_a9mcIxlw8vejFpbbmXcgpGhaqsxjtj6HUZGDL5UZJ6MhqtrKFAaxDh,20240222,伊東,1,F2,Ａ級チャレンジ予選,1,1,田中　智也,1,2,2,3,2024/02/22 07:05&nbsp;更新
smk0n7SBH_a9mcIxlw8vegIE3905WtAN_8uyQlYPyhx0Y6fqPFtkBlFRGTFhr9HS,20240222,伊東,2,F2,Ａ級チャレンジ予選,1,1,望月裕一郎,1,2,3,6,2024/02/22 07:05&nbsp;更新
smk0n7SBH_a9mcIxlw8veuNeAvh62b2fpSbwySodCrnNcaicdYSQ6kyjue9PH3Em,20240222,伊東,3,F2,Ａ級チャレンジ予選,1,1,稲葉　一真,1,2,1,6,2024/02/22 07:05&nbsp;更新
smk0n7SBH_a9mcIxlw8velX4Ggzeit6NwXBGlhSZp5fAnIsq_-bOLxr2shrZvX-o,20240222,伊東,4,F2,Ａ級チャレンジ予選,1,1,田中　智也,1,2,7,1,2024/02/22 07:05&nbsp;更新
smk0n7SBH_a9mcIxlw8ves2yK6Yp9n61uD054tyEFWD0DUdNlWxGVkVkQWZbLzwh,20240222,伊東,5,F2,Ａ級特予選,1,1,石川　一浩,1,2,1,2,2024/02/22 07:05&nbsp;更新
smk0n7SBH_a9mcIxlw8veoz6nvLDX6k1_IEQh9ryUocJsf0gAWpF5uX7Dem36p1z,20240222,伊東,6,F2,Ａ級特予選,1,1,望月裕一郎,1,2,1,2,2024/02/22 07:05&nbsp;更新
smk0n7SBH_a9mcIxlw8veg269gZx2VipFd9_fWMvrknGMvorcrxptmQ9A9d2Dfcn,20240222,伊東,7,F2,Ａ級特予選,1,1,稲葉　一真,1,2,5,3,2024/02/22 07:05&nbsp;更新
smk0n7SBH_a9mcIxlw8veqw6JIK_V51UAauRCLfpnbpe4MebPU_QYQnSYgzqIlxk,20240222,伊東,8,F2,Ａ級特予選,1,1,石川　一浩,1,2,1,3,2024/02/22 07:05&nbsp;更新
smk0n7SBH_a9mcIxlw8vetN0UwVz7j9brhH2_tvk4SkRZEUs5UlVTgtHutkzAgQJ,20240222,伊東,9,F2,Ａ級初日特選,1,1,望月裕一郎,1,2,"5,6",,2024/02/22 07:05&nbsp;更新
8Tykx49YvXQGbMW5-Y5ok2YKhH5Gvm9SYTOQsl3LZuiX_aNuklYrKnazQOgQggcD,20240222,大垣,1,F2,Ａ級チャレンジ予選,1,1,今藤　康裕,1,2,6,2,2024/02/22 07:05&nbsp;更新
8Tykx49YvXQGbMW5-Y5ok8R1mx7j_5df97WGOQfJYsphB4xACa8F35hU8UDW5n4X,20240222,大垣,2,F2,Ａ級チャレンジ予選,1,1,児玉　利文,1,2,1,4,2024/02/22 07:05&nbsp;更新
8Tykx49YvXQGbMW5-Y5ok54qnkrkO1p17ks82NXJLl4hrPiqOPdJbuYrhXKJn9yn,20240222,大垣,3,F2,Ａ級チャレンジ予選,1,1,松尾　淳,1,2,2,7,2024/02/22 07:05&nbsp;更新
8Tykx49YvXQGbMW5-Y5ok52vcaZ90pyMSwTpYOe3FUELVsAS761XW8LjuCFx_jdx,20240222,大垣,4,F2,Ａ級チャレンジ予選,1,1,今藤　康裕,1,2,1,6,2024/02/22 07:05&nbsp;更新
8Tykx49YvXQGbMW5-Y5ok0QmE12X7Av2mMhM4h24jPq68iREFrcaxaN8USee_RZ2,20240222,大垣,5,F2,Ａ級特予選,1,1,長谷部龍一,1,2,7,4,2024/02/22 07:05&nbsp;更新
8Tykx49YvXQGbMW5-Y5ok-Dluq1P_0n5TIcvup1bQaTDfjHzXQO-sBBJ7D6UBFfm,20240222,大垣,6,F2,Ａ級特予選,1,1,児玉　利文,1,2,"2,4,6",,2024/02/22 07:05&nbsp;更新
8Tykx49YvXQGbMW5-Y5okz2-E_EQYamBnHSf2pO9jVORNr-rDZ46GKZQkLgvg1ff,20240222,大垣,7,F2,Ａ級特予選,1,1,松尾　淳,1,2,2,3,2024/02/22 07:05&nbsp;更新
8Tykx49YvXQGbMW5-Y5ok5WuBlkPC0Qh4R1XvQhTD86mPmh8V_Tsd_QkBq4ehfhi,20240222,大垣,8,F2,Ａ級特予選,1,1,長谷部龍一,1,2,1,"2,6",2024/02/22 07:05&nbsp;更新
8Tykx49YvXQGbMW5-Y5ok7iOAEGMzkT__Tp4r3-dBhFpSRsPwkImHZQTA3H4c-j7,20240222,大垣,9,F2,Ａ級初日特選,1,1,今藤　康裕,1,2,6,7,2024/02/22 07:05&nbsp;更新
lrrgkIOCNWMkGpMAgnwNNtrvlLsPsi1hD3BVIqlHz6PMaOgFXK8x-bB9sUzF9Uae,20240223,奈良,1,G3,Ｓ級選抜,1,1,野口　正則,1,5,8,6,2024/02/23 07:04&nbsp;更新
lrrgkIOCNWMkGpMAgnwNNngm_ADzsn0_RCpakDInTXdw2-wIOr7VqjYz4KXcGZUU,20240223,奈良,2,G3,Ｓ級選抜,1,1,小笹　隼人,2,1,6,3,2024/02/23 07:04&nbsp;更新
lrrgkIOCNWMkGpMAgnwNNhfyVJdhD2oDoeTnR0VIe3jvpa6Ef6QT26AztP4Nmd9e,20240223,奈良,3,G3,Ｓ級選抜,1,1,辰己　豊,9,5,8,"1,2",2024/02/23 07:04&nbsp;更新
lrrgkIOCNWMkGpMAgnwNNkg30eUuTPhijuFCXqWnmA5QOWq8Uh51di44yrnSoXAx,20240223,奈良,4,G3,Ｓ級選抜,1,1,佐藤　成人,5,3,2,6,2024/02/23 07:04&nbsp;更新
lrrgkIOCNWMkGpMAgnwNNobfBUeyAbLnBAdTvZM5y0NnXml3mC64t7CYhIdL_3bA,20240223,奈良,5,G3,Ｓ級選抜,1,1,三谷　政史,1,7,6,1,2024/02/23 07:04&nbsp;更新
lrrgkIOCNWMkGpMAgnwNNm4WoIkpNseJkE8KfyF10ltKwICiCpBvwyNYSI9pTuHD,20240223,奈良,6,G3,Ｓ級二次予選,1,1,辰己　豊,2,9,7,4,2024/02/23 07:04&nbsp;更新
lrrgkIOCNWMkGpMAgnwNNr42KiRqLBraPro_LXHvhcJaQrQCdvYNqyu3KrJ_l7Uy,20240223,奈良,7,G3,Ｓ級二次予選,1,1,佐藤　成人,2,1,5,7,2024/02/23 07:04&nbsp;更新
lrrgkIOCNWMkGpMAgnwNNu08MVNpUzLRWj4qfQzb10HzvkpkRv__QYXZk3yDqT-0,20240223,奈良,8,G3,Ｓ級二次予選,1,1,野口　正則,3,7,4,"5,7",2024/02/23 07:04&nbsp;更新
lrrgkIOCNWMkGpMAgnwNNleE-9AfFCNmI8eMks6oLdYCAA7cBR7J3V3ez08VfWet,20240223,奈良,9,G3,Ｓ級二次予選,1,1,小笹　隼人,2,1,1,9,2024/02/23 07:04&nbsp;更新
lrrgkIOCNWMkGpMAgnwNNgjmg_Ir22bopfdDDzi4DG92ffCR4m8keLeGG5iIWkHa,20240223,奈良,10,G3,Ｓ級二次予選,1,1,三谷　政史,5,1,5,"2,3",2024/02/23 07:04&nbsp;更新
lrrgkIOCNWMkGpMAgnwNNiXO_vQv4xJPvF_DhFUafew2O5eHaasYrI6BzUuqWaF-,20240223,奈良,11,G3,Ｓ級二次予選,1,1,辰己　豊,5,2,4,5,2024/02/23 07:04&nbsp;更新
lrrgkIOCNWMkGpMAgnwNNlUg9h6adVpS5DhBwX4lGvcAnKVYqfJKpOKR95VM570e,20240223,奈良,12,G3,Ｓ級二次予選,1,1,佐藤　成人,1,7,8,3,2024/02/23 07:04&nbsp;更新
pjpbN8xQZYQT1-bYupLW58rrH9ypstnSGVNfCbBagkcQSOYIcBoTKMbeV7Pt0X-f,20240223,小田原,1,F1,Ａ級一般,1,1,渡辺　馨,1,3,3,5,2024/02/23 07:04&nbsp;更新
pjpbN8xQZYQT1-bYupLW59Lr5-psKmAKNmLluB3gusu6Cg8aTN6ilAiuiJ3umXVD,20240223,小田原,2,F1,Ａ級一般,1,1,安坂　洋一,2,5,1,7,2024/02/23 07:04&nbsp;更新
pjpbN8xQZYQT1-bYupLW5_2Ev74YNODFLroR2M1QHC_Hjk02RDV6NjXA6ire0sdi,20240223,小田原,3,F1,Ａ級特選,1,1,川崎　健次,7,2,1,3,2024/02/23 07:04&nbsp;更新
pjpbN8xQZYQT1-bYupLW58e0C4HdJh0OwGtqmky0xQcU85wZBERu9zWsSJ8XR_rP,20240223,小田原,4,F1,Ａ級特選,1,1,渡辺　馨,7,1,1,4,2024/02/23 07:04&nbsp;更新
pjpbN8xQZYQT1-bYupLW51qvmfnrqkHMhCWx3s78kiT3Wux2lLsWWCS_p0NVmYv3,20240223,小田原,5,F1,Ｓ級一般,1,1,安坂　洋一,3,7,2,3,2024/02/23 07:04&nbsp;更新
pjpbN8xQZYQT1-bYupLW535eg4IQXAgenqjgT4564RxrLuifo_AcJaQULgD0vNDV,20240223,小田原,6,F1,Ｓ級一般,1,1,能代谷　元,1,7,4,7,2024/02/23 07:04&nbsp;更新
pjpbN8xQZYQT1-bYupLW5wFuH8CU9TyineP_WJrH758-NADzdm4PU9BB48yYJ8tq,20240223,小田原,7,F1,Ｓ級一般,1,1,小島　歩,4,1,"1,6",,2024/02/23 07:04&nbsp;更新
pjpbN8xQZYQT1-bYupLW55NrG3gtaAxYj9wvg2WLDySLMh3ufFpRIIYyfxcCtf5N,20240223,小田原,8,F1,Ｓ級特選,1,1,安坂　洋一,2,5,6,"1,4",2024/02/23 07:04&nbsp;更新
pjpbN8xQZYQT1-bYupLW50YZuCreVIE3JMkWI9xivPPb0z0Qj_yHY8EYr185APFV,20240223,小田原,9,F1,Ｓ級特選,1,1,川崎　健次,1,5,2,"5,6",2024/02/23 07:04&nbsp;更新
pjpbN8xQZYQT1-bYupLW52aeoIAmVEjVr06RaMUP-vMhP8Ko2ctnpRBj8nr1iBHq,20240223,小田原,10,F1,Ｓ級特選,1,1,能代谷　元,4,1,1,2,2024/02/23 07:04&nbsp;更新
pjpbN8xQZYQT1-bYupLW57IR2EoBMVBnLATjPnKxk9BwTrO_x5-st04FPFS-gwaT,20240223,小田原,11,F1,Ａ級決勝,1,1,渡辺　馨,4,5,7,3,2024/02/23 07:04&nbsp;更新
pjpbN8xQZYQT1-bYupLW544ikP0eBD-eL-bCSiKvYVLGNa0ceKLyTY4YtAGPsDHC,20240223,小田原,12,F1,Ｓ級決勝,1,1,小島　歩,2,3,1,6,2024/02/23 07:04&nbsp;更新
L-h0DRY0KFM8zxiuG3qDbGsMWVJhG5NZ7oUM_C7DOHtvI7dUgp3V7jfzRRONpRuf,20240223,松山,1,F1,Ａ級予選,1,1,葛西雄太郎,2,1,6,"1,3",2024/02/23 07:04&nbsp;更新
L-h0DRY0KFM8zxiuG3qDbIxWFFlGy9qNKml9I2XjZ1m4BTph9GhdX3ZLpdGfiayH,20240223,松山,2,F1,Ａ級予選,1,1,下野　義城,1,2,3,7,2024/02/23 07:04&nbsp;更新
L-h0DRY0KFM8zxiuG3qDbENKRbJKdvryrx9t3HcD-kQf1znnJwhndWETqJmGTPKg,20240223,松山,3,F1,Ａ級予選,1,1,吉武信太朗,5,2,4,1,2024/02/23 07:04&nbsp;更新
L-h0DRY0KFM8zxiuG3qDbPd2-p8Pm-g9Gvd7deuX-7gC0NE8UwQqUsHKedpBsezp,20240223,松山,4,F1,Ａ級予選,1,1,栗田　貴徳,4,2,1,2,2024/02/23 07:04&nbsp;更新
L-h0DRY0KFM8zxiuG3qDbInNItoRUT5GyIC4E7mE2kQIQgCdgePY7iHDrd5_Dbge,20240223,松山,5,F1,Ａ級初日特選,1,1,外田　心斗,3,1,4,1,2024/02/23 13:55&nbsp;更新
L-h0DRY0KFM8zxiuG3qDbEt757smBKF2Ypep02TxEMmdkYE-zCcOFZNbDwVsLKOc,20240223,松山,6,F1,Ｌ級ガールズ予選（第１走）,1,1,葛西雄太郎,2,5,1,5,2024/02/23 07:04&nbsp;更新
L-h0DRY0KFM8zxiuG3qDbDQ9IflXytYLAByFIzv51bT5lyLQAteiTNjHw8ZkJ1FO,20240223,松山,7,F1,Ｌ級ガールズ予選（第１走）,1,1,下野　義城,3,7,1,5,2024/02/23 07:04&nbsp;更新
L-h0DRY0KFM8zxiuG3qDbGDiK-Yva5DGwUZEjWlCre25OMdAAOCKxAOO_KeQd6mL,20240223,松山,8,F1,Ｓ級予選,1,1,吉武信太朗,3,1,6,5,2024/02/23 07:04&nbsp;更新
L-h0DRY0KFM8zxiuG3qDbEvzKPyZwAUrqQIsyUKGiPTDHaZS39NFldF1CN_IjoCE,20240223,松山,9,F1,Ｓ級予選,1,1,栗田　貴徳,2,3,1,6,2024/02/23 09:16&nbsp;更新
L-h0DRY0KFM8zxiuG3qDbAWZcnag3-xlo0hjlDE3ZAeYYaQuVIYhvwzTK2IcZre-,20240223,松山,10,F1,Ｓ級予選,1,1,葛西雄太郎,4,3,1,5,2024/02/23 07:04&nbsp;更新
L-h0DRY0KFM8zxiuG3qDbJ7PbKxUnEjLF-OkAIzUC87nDBYNvqPJCof1RauIq67z,20240223,松山,11,F1,Ｓ級予選,1,1,下野　義城,3,4,1,5,2024/02/23 07:04&nbsp;更新
L-h0DRY0KFM8zxiuG3qDbFf6iIWp2jb-jayOB4k5XAKLazi_ulR5UAydZOyExxIw,20240223,松山,12,F1,Ｓ級初日特選,1,1,外田　心斗,1,4,1,4,2024/02/23 07:04&nbsp;更新
bp6dAvRRo5C6cz9eTz8FqUOVYe59-PHBnZYHgk5zdJkkASEZWAcd6eAFFCxI-izR,20240223,立川,1,F2,Ａ級一般,1,1,櫻井　宏樹,7,2,3,4,2024/02/23 07:04&nbsp;更新
bp6dAvRRo5C6cz9eTz8FqXAIONozzZJfBleVCthHCB-LZT6Jnv4DekAnzgzFQgIe,20240223,立川,2,F2,Ａ級一般,1,1,駒井　大輔,2,5,2,1,2024/02/23 07:04&nbsp;更新
bp6dAvRRo5C6cz9eTz8FqU5Z2VMv5iwy40LLQCMkxFkgou7kyVYTovkr6y8JYIHw,20240223,立川,3,F2,Ａ級選抜,1,1,吉田　英二,2,7,5,,2024/02/23 07:49&nbsp;更新
bp6dAvRRo5C6cz9eTz8FqbQ-GW7GUh4Hq20PoL4oJWFOeleMlT1XYzD2kKCunDsD,20240223,立川,4,F2,Ａ級選抜,1,1,櫻井　宏樹,7,2,7,6,2024/02/23 07:04&nbsp;更新
bp6dAvRRo5C6cz9eTz8FqbkqTXxRnE3Ev_sNW_QwFhiF_Kx-4XljnLife-MzqPJc,20240223,立川,5,F2,Ａ級準決勝,1,1,駒井　大輔,3,2,6,5,2024/02/23 07:49&nbsp;更新
bp6dAvRRo5C6cz9eTz8FqR1w2tGoKOGMsRQ14gtfWToqixa9vvkS75IlrwhE2Zu1,20240223,立川,6,F2,Ａ級準決勝,1,1,吉田　英二,1,5,7,5,2024/02/23 07:49&nbsp;更新
bp6dAvRRo5C6cz9eTz8Fqd3IYwsJ_kPvEJjfUK4SBpadt1TLtiaTStPnGaw8t1ET,20240223,立川,7,F2,Ａ級準決勝,1,1,山崎　充央,7,4,4,3,2024/02/23 07:04&nbsp;更新
smk0n7SBH_a9mcIxlw8vevrzXoPug8eOtVY4Q79DPdKHAHaHC8lS4fRrvXpgj64b,20240223,伊東,1,F2,Ａ級チャレンジ一般,1,1,稲葉　一真,1,2,3,5,2024/02/23 11:20&nbsp;更新
smk0n7SBH_a9mcIxlw8vegphUAM1VHkV6INVOTzN5-mXUo9Euyr3TaAyy0wEH3dS,20240223,伊東,2,F2,Ａ級チャレンジ一般,1,1,田中　智也,1,2,2,5,2024/02/23 11:20&nbsp;更新
smk0n7SBH_a9mcIxlw8vejVcEpx2TATtktiyQzLABw6U_fllH28UYA5PszBbCNR9,20240223,伊東,3,F2,Ａ級チャレンジ準決勝,1,1,望月裕一郎,1,2,5,1,2024/02/23 11:20&nbsp;更新
smk0n7SBH_a9mcIxlw8vehDK3FpGuCQQqUI-O0L680j6HdaOC3OA8ofTIP3NHGMQ,20240223,伊東,4,F2,Ａ級チャレンジ準決勝,1,1,稲葉　一真,1,2,1,5,2024/02/23 11:20&nbsp;更新
smk0n7SBH_a9mcIxlw8veoly0AeqME7FzmXvPwYvBimz2OFY16sFOtwhEtaDo_Nj,20240223,伊東,5,F2,Ａ級特一般,1,1,石川　一浩,1,2,3,2,2024/02/23 11:20&nbsp;更新
smk0n7SBH_a9mcIxlw8venLQ758kyO5eHI_glOEKDaBcX1yjxCuRYbInqIfZuF_l,20240223,伊東,6,F2,Ａ級特一般,1,1,望月裕一郎,1,2,2,1,2024/02/23 11:30&nbsp;更新
smk0n7SBH_a9mcIxlw8vetySFLDDQoUZ0p67wQibB7HXfRNZ6QbgeeCpuLy5jn_6,20240223,伊東,7,F2,Ａ級準決勝,1,1,田中　智也,1,2,3,4,2024/02/23 11:20&nbsp;更新
smk0n7SBH_a9mcIxlw8vem8baP7wX-ncXrdBcbPtyOaUxDnOZD39rvjxRbwUKa3H,20240223,伊東,8,F2,Ａ級準決勝,1,1,石川　一浩,1,2,"1,4",,2024/02/23 11:20&nbsp;更新
smk0n7SBH_a9mcIxlw8vem2BUxCgTiN84vC_de9eO6682k4z89KSGuBtp3Y-FIs8,20240223,伊東,9,F2,Ａ級準決勝,1,1,稲葉　一真,1,2,3,6,2024/02/23 11:20&nbsp;更新
8Tykx49YvXQGbMW5-Y5ok2uVX52Ep7pNZLV3QJK-CzuOqEgQSB7O4FD5jKwPyH1S,20240223,大垣,1,F2,Ａ級チャレンジ一般,1,1,今藤　康裕,1,2,5,4,2024/02/23 12:11&nbsp;更新
8Tykx49YvXQGbMW5-Y5ok7MvW0iwuqqUZm_Dod1IIocaWeCIuoG4F1g4XdcnxurJ,20240223,大垣,2,F2,Ａ級チャレンジ一般,1,1,松尾　淳,1,2,2,,2024/02/23 12:11&nbsp;更新
8Tykx49YvXQGbMW5-Y5ok4bGvQI0VO1FJ1mOTMDUIKxkuPOCT9uWdG6Pi6KMLC6a,20240223,大垣,3,F2,Ａ級チャレンジ準決勝,1,1,児玉　利文,1,2,2,1,2024/02/23 12:11&nbsp;更新
8Tykx49YvXQGbMW5-Y5ok1A3uRlmDQF96nsKM-UH5dHkmQNri_6-NGeLC0YTx2d4,20240223,大垣,4,F2,Ａ級チャレンジ準決勝,1,1,長谷部龍一,1,2,1,"3,7",2024/02/23 12:11&nbsp;更新
8Tykx49YvXQGbMW5-Y5okwVC_5CyDLFQht_Kc6SmOf_9fAnnBlXUYtifndvYt2Sl,20240223,大垣,5,F2,Ａ級特一般,1,1,今藤　康裕,1,2,6,2,2024/02/23 12:11&nbsp;更新
8Tykx49YvXQGbMW5-Y5ok-QeiqFyQXZjA-m4CM-Pym16J1CXbWI8hvKnH_pkFP7V,20240223,大垣,6,F2,Ａ級特一般,1,1,児玉　利文,1,2,4,"3,7",2024/02/23 12:11&nbsp;更新
8Tykx49YvXQGbMW5-Y5okyLlWpks0BBmKbkwdGy9WMV9jxXbnxnxxzY9XAvgNZen,20240223,大垣,7,F2,Ａ級準決勝,1,1,松尾　淳,1,2,3,6,2024/02/23 12:11&nbsp;更新
8Tykx49YvXQGbMW5-Y5okzaVn0rzR17j95j3rxqoEuU8qPguVghsmZHWKvjvt3po,20240223,大垣,8,F2,Ａ級準決勝,1,1,長谷部龍一,1,2,3,"4,7",2024/02/23 12:11&nbsp;更新
8Tykx49YvXQGbMW5-Y5okxpG1_wbuU31P693ixqc5VyJqHXluuhEHq1Uxgu8e5vO,20240223,大垣,9,F2,Ａ級準決勝,1,1,今藤　康裕,1,2,2,4,2024/02/23 12:11&nbsp;更新
lrrgkIOCNWMkGpMAgnwNNl9r6A6sg-BSvfXf_hLC4132SIlOGyzdTBsyUqxGngE1,20240224,奈良,1,G3,Ｓ級一般,1,1,野口　正則,4,5,"6,7",,2024/02/24 07:05&nbsp;更新
lrrgkIOCNWMkGpMAgnwNNuxozmzJO1xgsg05daKyIy-bs5b3O8ATAlwcHQHrcoap,20240224,奈良,2,G3,Ｓ級一般,1,1,小笹　隼人,5,2,6,4,2024/02/24 07:05&nbsp;更新
lrrgkIOCNWMkGpMAgnwNNtL6n9W3212eliXAytbYk3tjXId1bW6hnsYZ0Tnac_Kl,20240224,奈良,3,G3,Ｓ級一般,1,1,辰己　豊,5,7,4,2,2024/02/24 07:05&nbsp;更新
lrrgkIOCNWMkGpMAgnwNNiQdeXjNLAyrKOdioUrvpCy6sNjtpHEe-vGVgzz81trm,20240224,奈良,4,G3,Ｓ級選抜,1,1,佐藤　成人,7,3,3,2,2024/02/24 07:05&nbsp;更新
lrrgkIOCNWMkGpMAgnwNNpInZS85wJcVRiYT4qWLS13huu2mFYrJm5FW_4nZgP_R,20240224,奈良,5,G3,Ｓ級選抜,1,1,三谷　政史,7,9,3,7,2024/02/24 07:05&nbsp;更新
lrrgkIOCNWMkGpMAgnwNNmOV9GEVmDn8eU9QL1yPcQ6Cb4fCeql4dDsWIpPfPpxK,20240224,奈良,6,G3,Ｓ級選抜,1,1,辰己　豊,5,1,5,6,2024/02/24 07:05&nbsp;更新
lrrgkIOCNWMkGpMAgnwNNu_V6xljGVsu2rr3e2goPUKRAzzH_XwS-b7S--kSOQpI,20240224,奈良,7,G3,Ｓ級特選,1,1,佐藤　成人,9,3,9,1,2024/02/24 07:05&nbsp;更新
lrrgkIOCNWMkGpMAgnwNNjSNGxO9DZ261d1ITNrQ5W3Xc2dEa8B0-aImeN2G81EZ,20240224,奈良,8,G3,Ｓ級特選,1,1,野口　正則,5,1,2,"5,6,8",2024/02/24 07:05&nbsp;更新
lrrgkIOCNWMkGpMAgnwNNkPABirohTTMiQc9jBfJsX0bgm_7pNcaX7pBk-lyM12x,20240224,奈良,9,G3,Ｓ級特選,1,1,小笹　隼人,1,5,3,2,2024/02/24 07:05&nbsp;更新
lrrgkIOCNWMkGpMAgnwNNhvk5Swv_iTXShcvzVmfckLYuzOiG3m2tikoHwTpza3l,20240224,奈良,10,G3,Ｓ級準決勝,1,1,三谷　政史,2,5,7,6,2024/02/24 07:05&nbsp;更新
lrrgkIOCNWMkGpMAgnwNNtU6H7BMX_LcAdJC4kPhmU0cOBhuEpZhr43G7EolWnRv,20240224,奈良,11,G3,Ｓ級準決勝,1,1,辰己　豊,5,1,2,6,2024/02/24 07:05&nbsp;更新
lrrgkIOCNWMkGpMAgnwNNrcVOCq_zb7zCRzRP1GFk-JgeBaONBAUPnkJZCz_-iai,20240224,奈良,12,G3,Ｓ級準決勝,1,1,佐藤　成人,7,5,"2,7",,2024/02/24 07:05&nbsp;更新
L-h0DRY0KFM8zxiuG3qDbL3r62-huCLnh2advhbhbdsXhOA8g4a77qou7SNlZbdQ,20240224,松山,1,F1,Ａ級一般,1,1,葛西雄太郎,2,5,6,5,2024/02/24 07:05&nbsp;更新
L-h0DRY0KFM8zxiuG3qDbI4ObmxOhHRDmyVMLgIvEWxRgtB9dqiFFkuAYTo-2zlN,20240224,松山,2,F1,Ａ級一般,1,1,下野　義城,7,1,5,2,2024/02/24 07:05&nbsp;更新
L-h0DRY0KFM8zxiuG3qDbL4rJ85_I9EGsxEwMy8Hg-PvJSmqFdqVEXgwOQsNVnXk,20240224,松山,3,F1,Ａ級準決勝,1,1,吉武信太朗,1,3,7,1,2024/02/24 07:05&nbsp;更新
L-h0DRY0KFM8zxiuG3qDbF7dLi3is-Mu2TMo3GOBonVQawPlvMq9CPzkozlnrD3d,20240224,松山,4,F1,Ａ級準決勝,1,1,栗田　貴徳,5,2,3,2,2024/02/24 07:05&nbsp;更新
L-h0DRY0KFM8zxiuG3qDbFPQdYPbduz5QnjFZxfZki836je2IrFQq5NaFmyU7L-0,20240224,松山,5,F1,Ａ級準決勝,1,1,外田　心斗,1,2,7,1,2024/02/24 07:05&nbsp;更新
L-h0DRY0KFM8zxiuG3qDbGH6ezke96evLnIcwnRTPdpnc0nDdt8Cgf6IYsOP11GR,20240224,松山,6,F1,Ｌ級ガールズ予選（第２走）,1,1,葛西雄太郎,7,5,"2,4",,2024/02/24 07:05&nbsp;更新
L-h0DRY0KFM8zxiuG3qDbCFNlq613n-ZXqn5q1zokeUN_TduobKdDfbDuqeqa7qT,20240224,松山,7,F1,Ｌ級ガールズ予選（第２走）,1,1,下野　義城,1,5,5,6,2024/02/24 07:05&nbsp;更新
L-h0DRY0KFM8zxiuG3qDbDJ4TiB8Y7KNUBLDHkIhY9VPEwBJc9xKqdfROhoWbtBZ,20240224,松山,8,F1,Ｓ級一般,1,1,吉武信太朗,2,5,3,4,2024/02/24 07:05&nbsp;更新
L-h0DRY0KFM8zxiuG3qDbCk2MALyrD9m8ahU-vQWYskOeNyj0qmFvyKhQR5o9fjx,20240224,松山,9,F1,Ｓ級一般,1,1,栗田　貴徳,3,1,5,4,2024/02/24 07:05&nbsp;更新
L-h0DRY0KFM8zxiuG3qDbEt8o21lmR-uURp8r_iI3Z_uzqRtDsQxgVIEfzoebfqd,20240224,松山,10,F1,Ｓ級準決勝,1,1,外田　心斗,1,7,3,"1,2",2024/02/24 07:05&nbsp;更新
L-h0DRY0KFM8zxiuG3qDbPwhYVmpEA1wmbMmlGZ9e9H-VK_c9w6NOOEA0sQ8P93-,20240224,松山,11,F1,Ｓ級準決勝,1,1,吉武信太朗,1,3,7,4,2024/02/24 07:05&nbsp;更新
L-h0DRY0KFM8zxiuG3qDbEDil-m8ALDyjSkdNmgQ-ZX-q9AUJjxzNLdJPnbIL5ce,20240224,松山,12,F1,Ｓ級準決勝,1,1,栗田　貴徳,4,3,5,"4,6",2024/02/24 07:05&nbsp;更新
bp6dAvRRo5C6cz9eTz8FqVkpp6YwGAJCHrOG4UrMF7e2jJ71n_TQn1GOqMotcw_K,20240224,立川,1,F2,Ａ級一般,1,1,櫻井　宏樹,4,3,5,2,2024/02/24 07:05&nbsp;更新
bp6dAvRRo5C6cz9eTz8FqY_QFrsScWdjY8fy-LwtC56pZxSZa8bQ5ntBFwMNpRGi,20240224,立川,2,F2,Ａ級一般,1,1,吉田　英二,7,1,4,5,2024/02/24 07:05&nbsp;更新
bp6dAvRRo5C6cz9eTz8FqZrnr039BxOZMMy8EgTqfA_nh1x-VryoIB_rZjLsPh56,20240224,立川,3,F2,Ａ級一般,1,1,山崎　充央,3,5,5,6,2024/02/24 07:05&nbsp;更新
bp6dAvRRo5C6cz9eTz8FqeUxn9BkLT-O2qYEeldsu4DRlOsadh8wRrpsIfqtDtMO,20240224,立川,4,F2,Ａ級特選,1,1,櫻井　宏樹,3,7,6,1,2024/02/24 07:05&nbsp;更新
bp6dAvRRo5C6cz9eTz8FqYwqUusIq4mmK4bQZmYYOk1sq7_3du8qVM1jQEF4D_eG,20240224,立川,5,F2,Ａ級特選,1,1,駒井　大輔,2,5,2,4,2024/02/24 07:05&nbsp;更新
bp6dAvRRo5C6cz9eTz8FqTrQPHRfWyi4Wwr6UZuvCr_QNIM8me2hHigXiidLl5xX,20240224,立川,6,F2,Ａ級特選,1,1,吉田　英二,7,1,"3,5",,2024/02/24 07:05&nbsp;更新
bp6dAvRRo5C6cz9eTz8FqZ4akKEeWzWa4Ngn2XiN4UaFbsYLSivkgObCrnmmlDSw,20240224,立川,7,F2,Ａ級決勝,1,1,山崎　充央,4,3,2,3,2024/02/24 07:05&nbsp;更新
qB0b7MkHtkbTo5CbxWit47M7FNhdGylQtthdpHy6y0YwDh0z_WNlC24HirVbZE_F,20240224,川崎,1,F2,Ａ級チャレンジ予選,1,1,岡嵜　浩一,2,3,5,7,2024/02/24 07:05&nbsp;更新
qB0b7MkHtkbTo5CbxWit4zmdvUyxhgQPVlaKsjcZr-7d2lOTf5SelComZqMbr9L7,20240224,川崎,2,F2,Ａ級チャレンジ予選,1,1,櫻井　利之,7,5,5,4,2024/02/24 07:05&nbsp;更新
qB0b7MkHtkbTo5CbxWit4xCifsO4HPSyBGPqc_E3vkM-iCsZH1MNnEGCvPyzYMht,20240224,川崎,3,F2,Ａ級チャレンジ予選,1,1,福間　力,1,4,1,4,2024/02/24 07:05&nbsp;更新
qB0b7MkHtkbTo5CbxWit4_KCtz_DF9c__phYLHOX-XE64UhMnRJVQF9Oj2vOyts1,20240224,川崎,4,F2,Ａ級チャレンジ予選,1,1,岡嵜　浩一,5,7,7,5,2024/02/24 07:05&nbsp;更新
qB0b7MkHtkbTo5CbxWit4w-m1ne2I3WTZgbn0jJbcOQr76_ZxAOmQHW9zmYe76ln,20240224,川崎,5,F2,Ａ級チャレンジ予選,1,1,法月　成祐,4,7,2,4,2024/02/24 07:05&nbsp;更新
qB0b7MkHtkbTo5CbxWit40nWtzulqtvNzMgcDk2eM11d-9Wugs10gzWcRjsUncrP,20240224,川崎,6,F2,Ａ級予選,1,1,櫻井　利之,4,2,7,5,2024/02/24 07:05&nbsp;更新
qB0b7MkHtkbTo5CbxWit4_-IijXp8qolLC0bHH1d7PEk61v-2O_8kHrvtIqBykrw,20240224,川崎,7,F2,Ａ級予選,1,1,石井　毅,5,1,2,3,2024/02/24 07:05&nbsp;更新
qB0b7MkHtkbTo5CbxWit485qyieYD_jBLXup5z2EsDeofwWlZ1fpRvpy2hqR7SgL,20240224,川崎,8,F2,Ａ級予選,1,1,福間　力,3,5,1,5,2024/02/24 07:05&nbsp;更新
qB0b7MkHtkbTo5CbxWit4xFjgxTANlHNiMr8Zwg8LgWh63VWgYNmeI9pqKoHbDDi,20240224,川崎,9,F2,Ａ級予選,1,1,岡嵜　浩一,4,2,5,4,2024/02/24 07:05&nbsp;更新
qB0b7MkHtkbTo5CbxWit4z4zxO6eYSupVE85e9s7Wnwg2RMkT6mCnsRWgJ9mX5mv,20240224,川崎,10,F2,Ａ級予選,1,1,櫻井　利之,7,2,3,2,2024/02/24 07:05&nbsp;更新
qB0b7MkHtkbTo5CbxWit4_b2S9OI0tp5QeIN0nzSbtqJWFuGMCFGWkDB7GR-5av-,20240224,川崎,11,F2,Ａ級予選,1,1,石井　毅,3,5,3,4,2024/02/24 07:05&nbsp;更新
qB0b7MkHtkbTo5CbxWit4-Vt-lxSD1w3la-yf0vtBxHIZW1OkVZqPygSEP0qcG24,20240224,川崎,12,F2,Ａ級初日特選,1,1,法月　成祐,5,7,7,2,2024/02/24 07:05&nbsp;更新
smk0n7SBH_a9mcIxlw8vekVHea-nLxat8iSWSeDc_b1sGWUiIJjxvTBPK3bX72m9,20240224,伊東,1,F2,Ａ級チャレンジ一般,1,1,田中　智也,1,2,4,5,2024/02/24 10:34&nbsp;更新
smk0n7SBH_a9mcIxlw8vep4Bw-2-CZh00C9PoLot-KL3j-WghvMLT5fQ0iRyxjP8,20240224,伊東,2,F2,Ａ級チャレンジ一般,1,1,石川　一浩,1,2,3,4,2024/02/24 10:34&nbsp;更新
smk0n7SBH_a9mcIxlw8verIxTMw8nyEg8ByB_rB9w6tTu-QZVd6xvKL0LSiZ3Gm6,20240224,伊東,3,F2,Ａ級チャレンジ選抜,1,1,望月裕一郎,1,2,6,7,2024/02/24 10:34&nbsp;更新
smk0n7SBH_a9mcIxlw8vepZjQyWMVX1m8e3k2EyZcZdI1GHteoDo20hsQaht4yr9,20240224,伊東,4,F2,Ａ級特一般,1,1,田中　智也,1,2,2,1,2024/02/24 10:34&nbsp;更新
smk0n7SBH_a9mcIxlw8veqgf96FT6D5zdG5hn9Nasl7yUvXtdTYwS68ll-xEyn3h,20240224,伊東,5,F2,Ａ級特一般,1,1,稲葉　一真,1,2,1,3,2024/02/24 10:34&nbsp;更新
smk0n7SBH_a9mcIxlw8vegJizqWw9ZeP1b2TCvnSxqPQGtAuvjVlih7KUYdNP8CV,20240224,伊東,6,F2,Ａ級特選,1,1,望月裕一郎,1,2,2,4,2024/02/24 10:34&nbsp;更新
smk0n7SBH_a9mcIxlw8velUlY9WdCKPFbQ-moitH3xokhhm9iXT_f4BZsPaOBejN,20240224,伊東,7,F2,Ａ級特選,1,1,田中　智也,1,2,7,2,2024/02/24 10:34&nbsp;更新
smk0n7SBH_a9mcIxlw8vempgvuHsF8JO5mKZw5-CFf6AFGr45WkLBdeiPlid7jhO,20240224,伊東,8,F2,Ａ級チャレンジ決勝,1,1,石川　一浩,1,2,4,"1,2",2024/02/24 10:34&nbsp;更新
smk0n7SBH_a9mcIxlw8veqOHit3B_WEw771MtDe0OMuA6ro7Xsnyx3CCd-zjdvp5,20240224,伊東,9,F2,Ａ級決勝,1,1,稲葉　一真,1,2,7,4,2024/02/24 10:34&nbsp;更新
8Tykx49YvXQGbMW5-Y5ok9Mzx2DJA2JFjxKRvWYD7QXlFHiOnRfS6zrIrZGvhTks,20240224,大垣,1,F2,Ａ級チャレンジ一般,1,1,今藤　康裕,1,2,3,6,2024/02/24 12:22&nbsp;更新
8Tykx49YvXQGbMW5-Y5ok6jO5PhH3ubC_x6lDWrFascVN8zJQ6vMBGye-Bz9619d,20240224,大垣,2,F2,Ａ級チャレンジ一般,1,1,児玉　利文,1,2,"2,6",,2024/02/24 12:22&nbsp;更新
8Tykx49YvXQGbMW5-Y5okx4_mXUAwBR40nKJNX1TqV3gOTCT5CykEAA1ppdRweAy,20240224,大垣,3,F2,Ａ級チャレンジ選抜,1,1,松尾　淳,1,2,6,,2024/02/24 12:22&nbsp;更新
8Tykx49YvXQGbMW5-Y5ok2j46aPZsGmgOwjwyUtdh7inp4YHeJLlhLI_XS6fPIlE,20240224,大垣,4,F2,Ａ級特一般,1,1,長谷部龍一,1,2,"2,6",,2024/02/24 12:22&nbsp;更新
8Tykx49YvXQGbMW5-Y5okxqI5abDcivifcjwmSxp0IpHONgiAMRIso3oTkPdoHbI,20240224,大垣,5,F2,Ａ級特一般,1,1,今藤　康裕,1,2,5,3,2024/02/24 12:22&nbsp;更新
8Tykx49YvXQGbMW5-Y5ok71zeY32vxl9hireKDHCWdyYEV1Jju156IS1CIuhXN9_,20240224,大垣,6,F2,Ａ級特選,1,1,松尾　淳,1,2,7,4,2024/02/24 12:22&nbsp;更新
8Tykx49YvXQGbMW5-Y5ok46GkQ7hG368PwyaSBvkRIdg3iTTdEMS0GU46lItQODS,20240224,大垣,7,F2,Ａ級特選,1,1,長谷部龍一,1,2,1,5,2024/02/24 12:22&nbsp;更新
8Tykx49YvXQGbMW5-Y5okz_0KJqxIKneR_UuXhiBwE7rKGRa4-P_CIYD1guv-7Ec,20240224,大垣,8,F2,Ａ級チャレンジ決勝,1,1,児玉　利文,1,2,3,"1,2",2024/02/24 12:22&nbsp;更新
8Tykx49YvXQGbMW5-Y5okykKzhN7ymf1n2m-69Kh0HyF9wmMxRzYSYrsIrZut0Tn,20240224,大垣,9,F2,Ａ級決勝,1,1,今藤　康裕,1,2,5,4,2024/02/24 12:22&nbsp;更新
lrrgkIOCNWMkGpMAgnwNNpHoYT4UaF_zfA9QH_ShdnC19eErebtOPU47EXnumq5z,20240225,奈良,1,G3,Ｓ級一般,1,1,野口　正則,4,7,4,6,2024/02/25 07:03&nbsp;更新
lrrgkIOCNWMkGpMAgnwNNpEmcAtEy2uiPhY2Fvlo9uRuPklQ2VhQGARtLZR7GsUg,20240225,奈良,2,G3,Ｓ級一般,1,1,小笹　隼人,4,2,"4,6",,2024/02/25 07:03&nbsp;更新
lrrgkIOCNWMkGpMAgnwNNn3QbWjLB-4wIF_0nPnC1kab0h1s2J_XGLyViEA_61iq,20240225,奈良,3,G3,Ｓ級一般,1,1,辰己　豊,2,7,5,6,2024/02/25 07:03&nbsp;更新
lrrgkIOCNWMkGpMAgnwNNlRBfHTKhm_oTjBcfJZpK7t1RS-HaaGm03FQZ8-V-Myq,20240225,奈良,4,G3,Ｓ級選抜,1,1,佐藤　成人,3,7,9,7,2024/02/25 07:03&nbsp;更新
lrrgkIOCNWMkGpMAgnwNNrZNItz7w7cPeKSGomLxHpWjUSg1AA9_2vmKQ4RhUHUL,20240225,奈良,5,G3,Ｓ級選抜,1,1,三谷　政史,1,2,9,2,2024/02/25 07:03&nbsp;更新
lrrgkIOCNWMkGpMAgnwNNkasCzTzoPKCADNwv0RsjpZnV9lPuZp34LHFizfozdLu,20240225,奈良,6,G3,Ｓ級選抜,1,1,辰己　豊,7,2,5,6,2024/02/25 07:03&nbsp;更新
lrrgkIOCNWMkGpMAgnwNNgYdiLpSXAXgx94eZfhHcDGQYUfVh9nW_dTOzKV8AHYz,20240225,奈良,7,G3,Ｓ級特選,1,1,佐藤　成人,9,3,2,7,2024/02/25 07:03&nbsp;更新
lrrgkIOCNWMkGpMAgnwNNu0KEajG3UxuT545-L8xBtwjYoben-4pObopaMttE7hB,20240225,奈良,8,G3,Ｓ級特選,1,1,野口　正則,5,2,5,9,2024/02/25 07:03&nbsp;更新
lrrgkIOCNWMkGpMAgnwNNttEJAMW7HOVGfXFM6BCtCla-MShaYVzipjdC2EE3xM_,20240225,奈良,9,G3,Ｓ級特選,1,1,小笹　隼人,3,7,3,"6,9",2024/02/25 07:03&nbsp;更新
lrrgkIOCNWMkGpMAgnwNNmrznTC3hcGn745jeLlvlXk9uuJM3hhAdhb3IE34zcJ6,20240225,奈良,10,G3,Ｓ級特別優秀,1,1,三谷　政史,1,9,5,4,2024/02/25 07:03&nbsp;更新
lrrgkIOCNWMkGpMAgnwNNonH4Erqavmhaof6RBuBkzm3tIZRmZLRr8TCkZUYzZWd,20240225,奈良,11,G3,Ｓ級特別優秀,1,1,辰己　豊,9,3,1,7,2024/02/25 07:03&nbsp;更新
lrrgkIOCNWMkGpMAgnwNNhbsBzZQzlZrgwecDgbsDlmMcXB6gMhRXFXiMqQbNaHa,20240225,奈良,12,G3,Ｓ級決勝,1,1,佐藤　成人,3,5,5,1,2024/02/25 07:03&nbsp;更新
qW-ZPX5Na0y9CaoMyhsv4-FM1eH4fRXqjuhlzxW7O8bwdrHSsA9OFsOPJA2lbNQM,20240225,岐阜,1,F1,Ａ級予選,1,1,川西　貴之,1,5,3,"4,6",2024/02/25 09:40&nbsp;更新
qW-ZPX5Na0y9CaoMyhsv48muEVoNOCWj-2DtkxgqwzQzH23OhpxXrGXB0CAmCOL_,20240225,岐阜,2,F1,Ａ級予選,1,1,土岐　幹多,4,3,5,"6,7",2024/02/25 07:03&nbsp;更新
qW-ZPX5Na0y9CaoMyhsv4yODc09H6x7AVhaTlEOwOiqYvW60IE9eJiWt7tmr1Iod,20240225,岐阜,3,F1,Ａ級予選,1,1,不破　将登,4,1,4,"3,6",2024/02/25 07:03&nbsp;更新
qW-ZPX5Na0y9CaoMyhsv47ehuu7Z2mktr3wU-6ajThFlARG4L0PbD_pgjr2h3ofK,20240225,岐阜,4,F1,Ａ級予選,1,1,川西　貴之,1,4,1,"2,5",2024/02/25 07:03&nbsp;更新
qW-ZPX5Na0y9CaoMyhsv43F5uZiqpbtlRtmKsUA10cnWMGXEWTPF8Wj34M6lhI-E,20240225,岐阜,5,F1,Ａ級初日特選,1,1,藤井　稜也,3,5,7,4,2024/02/25 07:03&nbsp;更新
qW-ZPX5Na0y9CaoMyhsv42CqNa3FD6Unh5HLNcDy0Va83ICPQp5ULqovBa3y-xhb,20240225,岐阜,6,F1,Ｓ級予選,1,1,上田　隼,3,7,1,5,2024/02/25 07:03&nbsp;更新
qW-ZPX5Na0y9CaoMyhsv47en4G3NmNgfFPcz65HtG2aryWMX-KDhlyTeP__XOKuA,20240225,岐阜,7,F1,Ｓ級予選,1,1,土岐　幹多,5,7,2,4,2024/02/25 07:03&nbsp;更新
qW-ZPX5Na0y9CaoMyhsv4_hbBEgfz714E8ouDHxc22NfqQxXkVKRH4hqrhcEpH4w,20240225,岐阜,8,F1,Ｓ級予選,1,1,不破　将登,2,3,1,7,2024/02/25 07:03&nbsp;更新
qW-ZPX5Na0y9CaoMyhsv46r9xgFGIw5Jfzyq5rOEKkqcYNhq2YpCVhNmpTfEpx0q,20240225,岐阜,9,F1,Ｓ級予選,1,1,藤井　稜也,5,1,6,"1,7",2024/02/25 07:03&nbsp;更新
qW-ZPX5Na0y9CaoMyhsv410vYf0HrpB0RbSlu4KppEK1AT4Eu-8bw5whvIvKpkl9,20240225,岐阜,10,F1,Ｓ級予選,1,1,上田　隼,2,5,2,4,2024/02/25 07:03&nbsp;更新
qW-ZPX5Na0y9CaoMyhsv40yB2ePt0pby4eEOdLa7xoZ3tKOMgCXjHj8wTqQgLuNL,20240225,岐阜,11,F1,Ｓ級予選,1,1,土岐　幹多,5,4,5,3,2024/02/25 07:03&nbsp;更新
qW-ZPX5Na0y9CaoMyhsv4w3tyfcY7eDiTyEWPn1BSABjQs9XuIHf2E_V5LyRJX3F,20240225,岐阜,12,F1,Ｓ級初日特選,1,1,不破　将登,3,7,3,7,2024/02/25 07:03&nbsp;更新
L-h0DRY0KFM8zxiuG3qDbLME03iNjkjAB-Dn7l0TVHrf3akISvZdsK6UfnxBCRqR,20240225,松山,1,F1,Ａ級一般,1,1,葛西雄太郎,2,7,7,6,2024/02/25 07:03&nbsp;更新
L-h0DRY0KFM8zxiuG3qDbNPSixQWYv_Se0CWVT8y-peueKYzlka3Nl_4rsEt_7vS,20240225,松山,2,F1,Ａ級一般,1,1,下野　義城,4,1,4,3,2024/02/25 07:03&nbsp;更新
L-h0DRY0KFM8zxiuG3qDbBYhbAjQibrTz39tRHYbFbIYIzKBPuBzWYwv3lRR1I3W,20240225,松山,3,F1,Ａ級特選,1,1,吉武信太朗,1,3,2,3,2024/02/25 07:03&nbsp;更新
L-h0DRY0KFM8zxiuG3qDbIvikHFA0nwDLlYaC4ePjnITyFgyFEQ7kEiM5F3XPWeO,20240225,松山,4,F1,Ａ級特選,1,1,栗田　貴徳,7,3,2,7,2024/02/25 07:03&nbsp;更新
L-h0DRY0KFM8zxiuG3qDbHvD8kXd2IibEE95xd0IA2WKn63X-FZApMa-SgwMHDqG,20240225,松山,5,F1,Ｌ級ガールズ一般,1,1,葛西雄太郎,3,2,3,1,2024/02/25 07:03&nbsp;更新
L-h0DRY0KFM8zxiuG3qDbEJ3UeNWeSct1lrj9is317g-PFT8hi3AWc2tg3mgwidz,20240225,松山,6,F1,Ｓ級一般,1,1,外田　心斗,2,4,"1,2",,2024/02/25 07:03&nbsp;更新
L-h0DRY0KFM8zxiuG3qDbKZBCFa5dObIO_oN3MgAx1FesHRBP0awrSbZkuhGSqi5,20240225,松山,7,F1,Ｓ級一般,1,1,栗田　貴徳,3,4,3,2,2024/02/25 07:03&nbsp;更新
L-h0DRY0KFM8zxiuG3qDbBLBCy1BuDzzOgJQZlzPnJn7PmFcWfJGfmxMDkb03Twn,20240225,松山,8,F1,Ｓ級特選,1,1,下野　義城,1,7,6,4,2024/02/25 07:03&nbsp;更新
L-h0DRY0KFM8zxiuG3qDbM_j9GfJ4UF4tSrMNuUKMmRiaUonhUodu1kVXwaw18v2,20240225,松山,9,F1,Ｓ級特選,1,1,吉武信太朗,4,2,3,7,2024/02/25 07:03&nbsp;更新
L-h0DRY0KFM8zxiuG3qDbOSOwAJnwwHbCik9-oedFAFIdzxLHQcXwMU1adaUIdoL,20240225,松山,10,F1,Ａ級決勝,1,1,栗田　貴徳,2,4,1,6,2024/02/25 07:03&nbsp;更新
L-h0DRY0KFM8zxiuG3qDbGjWraX2R_o_1tMmqifVRiz8-Lc1cggQHGOuMNNovxrJ,20240225,松山,11,F1,Ｌ級ガールズ決勝,1,1,下野　義城,7,3,2,5,2024/02/25 07:03&nbsp;更新
L-h0DRY0KFM8zxiuG3qDbBKEi83SLaFHu2eLl_MglyudsG3laUwwC9pqMqN5HaVe,20240225,松山,12,F1,Ｓ級決勝,1,1,外田　心斗,2,1,1,3,2024/02/25 07:03&nbsp;更新
dTawFXGT895LEmEj4dpxju457oP6PnpCNNmIerDziHmUXJq9mSJ-2n632GXMhzY2,20240225,久留米,1,F1,Ａ級予選,1,1,井上　将志,7,4,3,7,2024/02/25 07:03&nbsp;更新
dTawFXGT895LEmEj4dpxjm6ELEFCIXvQQ0zW2LntLcw9uEGkPGwRb-Gg0o5KD8NE,20240225,久留米,2,F1,Ａ級予選,1,1,檀　雄二,5,2,5,4,2024/02/25 07:03&nbsp;更新
dTawFXGT895LEmEj4dpxjmhu7rY8mEls2QKtS_d2Jy7LNqfLvTim45ZIQ8F6poTg,20240225,久留米,3,F1,Ａ級予選,1,1,竹元　健竜,7,3,5,7,2024/02/25 07:03&nbsp;更新
dTawFXGT895LEmEj4dpxjnNHqZRmZT7Anfi7qibFzlU5pVNQVU22W5jLEaJQWoIQ,20240225,久留米,4,F1,Ａ級予選,1,1,井上　将志,3,7,5,3,2024/02/25 07:03&nbsp;更新
dTawFXGT895LEmEj4dpxjgcPxbnuPMj6hMqi-UrnmZbYzMRNhQLma66hAynIc7ZO,20240225,久留米,5,F1,Ａ級初日特選,1,1,檀　雄二,7,4,7,5,2024/02/25 07:03&nbsp;更新
dTawFXGT895LEmEj4dpxjhOtYJhAeYZ-eQ1yKot9idtfgUvWNykiIexcMAmCG-_c,20240225,久留米,6,F1,Ｓ級予選,1,1,竹元　健竜,4,1,3,7,2024/02/25 07:03&nbsp;更新
dTawFXGT895LEmEj4dpxjtdCCz5Xk-NYnQ5mOhpRselmLgN9YMLNWvya9Nozxpuf,20240225,久留米,7,F1,Ｓ級予選,1,1,梶山裕次郎,5,1,5,4,2024/02/25 07:03&nbsp;更新
dTawFXGT895LEmEj4dpxjhzyoYXLD_-tWIA8UBiSrQI_A7TW2daYy7rNKfIzksVT,20240225,久留米,8,F1,Ｓ級予選,1,1,中園　和剛,7,3,6,2,2024/02/25 07:03&nbsp;更新
dTawFXGT895LEmEj4dpxjoMm0Za7UTP1Iofmkeku-hGPixCrLInxhZthlB8Y_5UJ,20240225,久留米,9,F1,Ｓ級予選,1,1,檀　雄二,1,4,5,2,2024/02/25 07:03&nbsp;更新
dTawFXGT895LEmEj4dpxjoYWYuyzE_lZzoEPu7SvkN56naZZUZdT_ve5H6JuDVMr,20240225,久留米,10,F1,Ｓ級予選,1,1,竹元　健竜,5,1,4,6,2024/02/25 07:03&nbsp;更新
dTawFXGT895LEmEj4dpxjnA8Qn5mdETPXuquSb6D-XOTHrx5vKLnuknPvyouSeWa,20240225,久留米,11,F1,Ｓ級予選,1,1,梶山裕次郎,4,1,1,6,2024/02/25 07:03&nbsp;更新
dTawFXGT895LEmEj4dpxjjTilgJ8d6LK7ajRpwvkMDpco9aoHbzrm1HbrkM-L1qI,20240225,久留米,12,F1,Ｓ級初日特選,1,1,中園　和剛,3,1,"4,6",,2024/02/25 07:03&nbsp;更新
-32bEbegSFlX86kxXOAjQ69vw1PPsvDoRc7LydjNgWlF5qrPh2RHlaYAeFpxHMSo,20240225,前橋,1,F2,Ａ級チャレンジ予選,1,1,山田　武,1,2,1,3,2024/02/25 07:03&nbsp;更新
-32bEbegSFlX86kxXOAjQ9_B5H_s6pq1TsH18FX7NOYfRqZTFhAgj0-eI0Hz1Pq_,20240225,前橋,2,F2,Ａ級チャレンジ予選,1,1,矢内　良和,1,2,2,3,2024/02/25 07:03&nbsp;更新
-32bEbegSFlX86kxXOAjQxEJOxRPI1_uFE6BP9OqKUloYUW6Z9XkcX0IoirRsYxd,20240225,前橋,3,F2,Ａ級チャレンジ予選,1,1,梅山　英樹,1,2,6,1,2024/02/25 07:03&nbsp;更新
-32bEbegSFlX86kxXOAjQ80Bf4H0DuO5N9jA_H6__BsEZu-_fnE70H6_nmY9pGq7,20240225,前橋,4,F2,Ａ級チャレンジ予選,1,1,山田　武,1,2,1,6,2024/02/25 07:03&nbsp;更新
-32bEbegSFlX86kxXOAjQzgIyT4m7NO7Twm9TFcn2hejImZZFeQHguHdiSlthjna,20240225,前橋,5,F2,Ａ級チャレンジ予選,1,1,矢内　良和,1,2,1,4,2024/02/25 07:03&nbsp;更新
-32bEbegSFlX86kxXOAjQyLCt1OCc6FmIxGbMVmSX4pm8Jn1LFInBzx_FWm0Tnhn,20240225,前橋,6,F2,Ａ級チャレンジ予選,1,1,梅山　英樹,1,2,1,2,2024/02/25 19:41&nbsp;更新
-32bEbegSFlX86kxXOAjQ0rShqmfTo9LL2xKuKTS2hvSrzeqcfF5LG05qKFX2l9g,20240225,前橋,7,F2,Ａ級チャレンジ予選,1,1,金子　真也,1,2,1,4,2024/02/25 07:03&nbsp;更新
qB0b7MkHtkbTo5CbxWit42ifQbXVh3fQGUefg1srL8pivz36ZswGa3u8GAJRS3UC,20240225,川崎,1,F2,Ａ級チャレンジ一般,1,1,石井　毅,3,1,4,7,2024/02/25 07:03&nbsp;更新
qB0b7MkHtkbTo5CbxWit46dbZbSCsLVFbJoV0oOLucAqKu35XWJhZCN_JQAty1x7,20240225,川崎,2,F2,Ａ級チャレンジ一般,1,1,福間　力,2,7,2,3,2024/02/25 07:03&nbsp;更新
qB0b7MkHtkbTo5CbxWit41MZiOwSr_56e4_zNwcZZCx4O4bABgJ9LbFBxrL23L_7,20240225,川崎,3,F2,Ａ級チャレンジ準決勝,1,1,法月　成祐,3,2,4,3,2024/02/25 07:03&nbsp;更新
qB0b7MkHtkbTo5CbxWit4wL9J9zNDAULmlFK4VEeSlk5SqopcA6BkN0bUnm5Euh1,20240225,川崎,4,F2,Ａ級チャレンジ準決勝,1,1,石井　毅,7,3,"3,7",,2024/02/25 07:03&nbsp;更新
qB0b7MkHtkbTo5CbxWit4yaXMvVbZSjt9Mmaor8aRSXKnVWrcAV1qvyOShviETA-,20240225,川崎,5,F2,Ａ級チャレンジ準決勝,1,1,櫻井　利之,3,2,7,3,2024/02/25 13:34&nbsp;更新
qB0b7MkHtkbTo5CbxWit41O_SBR8Clh9s1pty3jqp8kOsrMt-Haxv4l1PjjAsj0b,20240225,川崎,6,F2,Ａ級一般,1,1,岡嵜　浩一,7,4,5,1,2024/02/25 07:03&nbsp;更新
qB0b7MkHtkbTo5CbxWit4zc6jvgM912aELUnDYSDAtIfSw9XqgQHOrbVJdF_DJEJ,20240225,川崎,7,F2,Ａ級一般,1,1,法月　成祐,2,7,3,"1,6,7",2024/02/25 07:03&nbsp;更新
qB0b7MkHtkbTo5CbxWit42eLprfGN4VY6sk2cXIBQIqbkrwdo0KWgRN-qis1450B,20240225,川崎,8,F2,Ａ級選抜,1,1,福間　力,1,3,7,5,2024/02/25 07:03&nbsp;更新
qB0b7MkHtkbTo5CbxWit40VX12FL8t0H5bG0hwq_7NnJfUw6mNNkc9hOKkQMcCw4,20240225,川崎,9,F2,Ａ級選抜,1,1,岡嵜　浩一,7,3,4,"1,6",2024/02/25 07:03&nbsp;更新
qB0b7MkHtkbTo5CbxWit4_2m9HiLzN5dj_MWb9EgO6eMvNyVhgFKUWZo_o9KTBoE,20240225,川崎,10,F2,Ａ級準決勝,1,1,法月　成祐,1,3,"1,2",,2024/02/25 07:03&nbsp;更新
qB0b7MkHtkbTo5CbxWit44VSePXmPVE7zdKa5Me-5ek4gELOfuIZzKn8Np1UXoEK,20240225,川崎,11,F2,Ａ級準決勝,1,1,櫻井　利之,2,1,6,2,2024/02/25 07:03&nbsp;更新
qB0b7MkHtkbTo5CbxWit40Y3hCupyWA1S79-cQa0fbh1xdz7fzCpWtjDmmEXXv7V,20240225,川崎,12,F2,Ａ級準決勝,1,1,石井　毅,4,5,5,7,2024/02/25 07:03&nbsp;更新
r7c8N-lTlOenJOhe9NDy6KR79HZf_l9k1j3IuqVgrMa8Qmbqkadjv9wD51XcwzeY,20240225,松阪,1,F2,Ｌ級ガールズ予選（第１走）,1,1,倉田　紘希,1,2,5,1,2024/02/25 07:03&nbsp;更新
r7c8N-lTlOenJOhe9NDy6LFtatWMbgY0RkFj-uS5OtoWB_1mebASwu8aiOycYsOO,20240225,松阪,2,F2,Ｌ級ガールズ予選（第１走）,1,1,川口　聖翔,1,2,1,3,2024/02/25 07:03&nbsp;更新
r7c8N-lTlOenJOhe9NDy6Bxo_5PGYQC9JUkH68l6uG8TimjQ4_7C890xg2y9S1rZ,20240225,松阪,3,F2,Ａ級特予選,1,1,辻　力,1,2,6,1,2024/02/25 07:03&nbsp;更新
r7c8N-lTlOenJOhe9NDy6JwPZa9OqubaE6Us9xoEQqKQcfJQSR1lZWBIVIg1qSi5,20240225,松阪,4,F2,Ａ級特予選,1,1,樋口　奨平,1,2,3,2,2024/02/25 07:03&nbsp;更新
r7c8N-lTlOenJOhe9NDy6I7sftNp346BS7TT18f0In9lw85LUck05F6_byHz0o4C,20240225,松阪,5,F2,Ａ級特予選,1,1,倉田　紘希,1,2,3,2,2024/02/25 07:03&nbsp;更新
r7c8N-lTlOenJOhe9NDy6NQmnJnsWQnD_RQsIaEYA3r-L9pOUsEfESlmjDmaz_L6,20240225,松阪,6,F2,Ａ級特予選,1,1,川口　聖翔,1,2,1,7,2024/02/25 07:03&nbsp;更新
r7c8N-lTlOenJOhe9NDy6I5cx78P8ZZAwcyH-mJmyJtIn_iDTM-2yUiD5ku2qiUM,20240225,松阪,7,F2,Ａ級初日特選,1,1,辻　力,"1,2",,4,6,2024/02/25 07:03&nbsp;更新
5JBLdC8cyCWI9sEL6PUbQlCWJ5g2y0G0_kpBWN6DVEvx1ihEni-70fAAgzdPf0JF,20240225,高松,1,F2,Ａ級チャレンジ予選,1,1,北野　佑汰,1,3,4,6,2024/02/25 07:03&nbsp;更新
5JBLdC8cyCWI9sEL6PUbQmoiEVR1FXYZcHssSYyX2DW9hEWNzOEC7JhHQjJM86MW,20240225,高松,2,F2,Ａ級チャレンジ予選,1,1,眞鍋　伸也,7,2,5,7,2024/02/25 07:03&nbsp;更新
5JBLdC8cyCWI9sEL6PUbQl5Z6pXJp-Vi3Q8W4UdQuFa5rIsa4ygE6nIL2o9S3qK5,20240225,高松,3,F2,Ａ級チャレンジ予選,1,1,近藤　誠二,4,2,2,1,2024/02/25 07:03&nbsp;更新
5JBLdC8cyCWI9sEL6PUbQrT7LN1Iqox0CR6yrlBJQ1nbIxuYfLjbSRn8r4f0VK1h,20240225,高松,4,F2,Ａ級チャレンジ予選,1,1,北野　佑汰,1,4,1,3,2024/02/25 07:03&nbsp;更新
5JBLdC8cyCWI9sEL6PUbQiZrX5Cli2igV0qO33oWExUiMkCPjHgqcxnd0FMiNDQF,20240225,高松,5,F2,Ａ級チャレンジ予選,1,1,眞鍋　伸也,4,1,4,7,2024/02/25 07:03&nbsp;更新
5JBLdC8cyCWI9sEL6PUbQtH3t3QMjRslg0O_mhrufVE0hHp8Sp_BqkAIa-XQ8koX,20240225,高松,6,F2,Ｌ級ガールズ予選（第１走）,1,1,大林　亮介,2,6,1,6,2024/02/25 07:03&nbsp;更新
5JBLdC8cyCWI9sEL6PUbQlUcpuFgkj9DPKxZ7l7JKfoKujww4O-VNV4wT7hTX0hT,20240225,高松,7,F2,Ｌ級ガールズ予選（第１走）,1,1,北野　佑汰,7,1,1,7,2024/02/25 07:03&nbsp;更新
5JBLdC8cyCWI9sEL6PUbQlEi_VzZJa__tV2mDVRYnIwc4m8Ihcnb0GGLrWXww7Kv,20240225,高松,8,F2,Ａ級特予選,1,1,近藤　誠二,3,7,1,2,2024/02/25 07:35&nbsp;更新
5JBLdC8cyCWI9sEL6PUbQgn-ROjok66DmSnmg308M_qgG9mUtYnr0oLyCD9c3QzX,20240225,高松,9,F2,Ａ級特予選,1,1,宮本　佳樹,3,5,4,6,2024/02/25 07:03&nbsp;更新
5JBLdC8cyCWI9sEL6PUbQm9mgKfo3staZxHGbmcYtdgMcBChebkC4tYTCZnOnr_K,20240225,高松,10,F2,Ａ級特予選,1,1,大林　亮介,2,7,6,2,2024/02/25 07:03&nbsp;更新
5JBLdC8cyCWI9sEL6PUbQvoE3R4vRzsChvLNB7R5cxvWKlQ0XX6DVhvMPKp6NIg6,20240225,高松,11,F2,Ａ級特予選,1,1,近藤　誠二,1,5,1,7,2024/02/25 07:03&nbsp;更新
5JBLdC8cyCWI9sEL6PUbQmsTUz-abMI-DA6g45Fn5wVQoXzMd8CEICBAkbv1Ind9,20240225,高松,12,F2,Ａ級初日特選,1,1,宮本　佳樹,2,"1,7",7,2,2024/02/25 07:35&nbsp;更新
TzXNr1IyQYXd8vmMpJjd_0TEx8TUOv_yOlTxH_Uek76tAhPl-Y5hK5cL6OALS-Ba,20240225,小倉,1,F2,Ｌ級ガールズ予選（第１走）,1,1,秋永　共之,1,2,1,2,2024/02/25 07:03&nbsp;更新
TzXNr1IyQYXd8vmMpJjd_80dkSiQxoqG-ZmCBFZXOhkye39a5HnIYdJEKFCA6-Qw,20240225,小倉,2,F2,Ｌ級ガールズ予選（第１走）,1,1,松永　真太,1,2,2,1,2024/02/25 07:03&nbsp;更新
TzXNr1IyQYXd8vmMpJjd_2hSB3kdHPQj0Sb9ME9uPqWVNQ1ICSyZfGzM06AtImRt,20240225,小倉,3,F2,Ａ級特予選,1,1,瓦田　勝也,1,2,4,,2024/02/25 07:03&nbsp;更新
TzXNr1IyQYXd8vmMpJjd_6cqJOdui-ibf3LgAKU24rUuTuZHCxp3wx1UdlX0UZRX,20240225,小倉,4,F2,Ａ級特予選,1,1,秋永　共之,1,2,3,7,2024/02/25 07:03&nbsp;更新
TzXNr1IyQYXd8vmMpJjd_0AfALL13zjqtT4h9xeTCcpG_Qo1laJxXYDd46X-IXuZ,20240225,小倉,5,F2,Ａ級特予選,1,1,松永　真太,1,2,4,2,2024/02/25 07:03&nbsp;更新
TzXNr1IyQYXd8vmMpJjd_-N9uxlWyVMZubqbQTTYdlm_lQhkF7MRbVkSuFqKHL6e,20240225,小倉,6,F2,Ａ級特予選,1,1,瓦田　勝也,1,2,1,5,2024/02/25 07:03&nbsp;更新
TzXNr1IyQYXd8vmMpJjd_0oNPmZoViVajwbBJNNeQrAOnloknNvzPr6fES0DhRCd,20240225,小倉,7,F2,Ａ級初日特選,1,1,城戸崎隆史,1,2,6,7,2024/02/25 07:03&nbsp;更新
6WBVJpA-uKT9ycVIuSeDZk16ZsvXwePNicWFUmC3k_2gIfAMU6j2atDlOPoFkVJF,20240226,西武園,1,F1,Ａ級予選,1,1,高橋　昇平,4,2,1,4,2024/02/26 07:03&nbsp;更新
6WBVJpA-uKT9ycVIuSeDZofkBuK9uJXhv6isvPbNOWqkSBVHV7Z8l3pNLVj3MOjg,20240226,西武園,2,F1,Ａ級予選,1,1,台　和紀,7,3,7,2,2024/02/26 07:03&nbsp;更新
6WBVJpA-uKT9ycVIuSeDZuBiIbk3vMGYrOuglMwo9cwTYt7dBXAYQWsvTAOl_gAI,20240226,西武園,3,F1,Ａ級予選,1,1,金子周一郎,5,1,7,6,2024/02/26 07:03&nbsp;更新
6WBVJpA-uKT9ycVIuSeDZj15OUzA2OBPBoVrbLl6sYaiu2_Vu2IuQgltEvuFrzuN,20240226,西武園,4,F1,Ａ級予選,1,1,高橋　昇平,2,7,2,1,2024/02/26 07:03&nbsp;更新
6WBVJpA-uKT9ycVIuSeDZm7QZWIBEwb9gkedcCJ9shrAXRu1iC5z_iAT7JNn5x1D,20240226,西武園,5,F1,Ａ級初日特選,1,1,野中　祐志,7,2,2,"1,5",2024/02/26 07:03&nbsp;更新
6WBVJpA-uKT9ycVIuSeDZlcIFqqvTLHU9PVCU1xBP-5MKQDFzIC_Tr3NVa1LRf3D,20240226,西武園,6,F1,Ｓ級予選,1,1,台　和紀,4,5,2,5,2024/02/26 07:03&nbsp;更新
6WBVJpA-uKT9ycVIuSeDZvLB7Z1VKxyzdKnVBIUExxtS8rfdZKjdqNATYcrc7DlY,20240226,西武園,7,F1,Ｓ級予選,1,1,平原　啓多,5,2,1,5,2024/02/26 07:03&nbsp;更新
6WBVJpA-uKT9ycVIuSeDZvzt6W-RUN32pskXqvkolEEPhUu_QgcYk1qUM8dznoiR,20240226,西武園,8,F1,Ｓ級予選,1,1,金子周一郎,1,7,5,6,2024/02/26 07:03&nbsp;更新
6WBVJpA-uKT9ycVIuSeDZthmhCulVdxi7lCu6Hu9js9pn3CvIak9Gu0QNiQJZODx,20240226,西武園,9,F1,Ｓ級予選,1,1,高橋　昇平,7,3,4,6,2024/02/26 07:03&nbsp;更新
6WBVJpA-uKT9ycVIuSeDZulonvKDyxbrYTx9aj-jf06fA6ocyVGWlRdho9nIsIg9,20240226,西武園,10,F1,Ｓ級予選,1,1,野中　祐志,1,7,2,7,2024/02/26 07:03&nbsp;更新
6WBVJpA-uKT9ycVIuSeDZtb8i4Gh4jQCJFHAuCuhGXHvGrFCOVh3nBuMmZrPU5lM,20240226,西武園,11,F1,Ｓ級予選,1,1,台　和紀,2,5,5,1,2024/02/26 07:03&nbsp;更新
6WBVJpA-uKT9ycVIuSeDZj3MloBJL1q69kXCgbxPJAux7ne0VSSH9N9HKW-3gAmT,20240226,西武園,12,F1,Ｓ級初日特選,1,1,平原　啓多,2,3,2,4,2024/02/26 07:03&nbsp;更新
qW-ZPX5Na0y9CaoMyhsv4_eAeKspk4ojg-Vx9c-Kz9G1TmPTO3QlkZEnCItVDrKN,20240226,岐阜,1,F1,Ａ級一般,1,1,川西　貴之,7,4,"1,3",,2024/02/26 07:03&nbsp;更新
qW-ZPX5Na0y9CaoMyhsv41bfw83urIYWwTuqIRWG0RMTKC85TwNbmCYvvQ61oHDd,20240226,岐阜,2,F1,Ａ級一般,1,1,土岐　幹多,2,3,3,1,2024/02/26 07:03&nbsp;更新
qW-ZPX5Na0y9CaoMyhsv4-0DUAeneh4kx4y6bXB5SYZSi3c0FrgdZtZ5AsGkWysn,20240226,岐阜,3,F1,Ａ級準決勝,1,1,不破　将登,7,1,5,3,2024/02/26 07:03&nbsp;更新
qW-ZPX5Na0y9CaoMyhsv46VEf9TAkF4gQ2gCayQI2s2hsbH26qVmkj6vaMaLsRgd,20240226,岐阜,4,F1,Ａ級準決勝,1,1,川西　貴之,4,1,1,3,2024/02/26 07:03&nbsp;更新
qW-ZPX5Na0y9CaoMyhsv43p9Wr9C1YMg41wJgplrETkc_nyJ_2FldvN6uMIufnBt,20240226,岐阜,5,F1,Ａ級準決勝,1,1,藤井　稜也,5,1,1,4,2024/02/26 07:03&nbsp;更新
qW-ZPX5Na0y9CaoMyhsv47TEdnJAlA63DxvFzXBE8afG9JRYYAzRac8Y6QgoD4so,20240226,岐阜,6,F1,Ｓ級一般,1,1,上田　隼,7,2,"1,3",,2024/02/26 07:03&nbsp;更新
qW-ZPX5Na0y9CaoMyhsv46wa6l9W7mBSKFZnnWti6csn_JtTtK11ZYgiPE69LRR1,20240226,岐阜,7,F1,Ｓ級一般,1,1,不破　将登,7,3,1,"3,5",2024/02/26 07:03&nbsp;更新
qW-ZPX5Na0y9CaoMyhsv4-M6OjfddOrhG7jVelN-gPuPA6ZJ6pBxRj-o14g_zgpt,20240226,岐阜,8,F1,Ｓ級選抜,1,1,土岐　幹多,4,2,2,1,2024/02/26 07:03&nbsp;更新
qW-ZPX5Na0y9CaoMyhsv41_g29YQr4PvM7oovUmvMb-aPj7ETvR5JR6PENv6pwjf,20240226,岐阜,9,F1,Ｓ級選抜,1,1,藤井　稜也,1,7,3,5,2024/02/26 07:03&nbsp;更新
qW-ZPX5Na0y9CaoMyhsv41sDs715r-6VDEviWN9AwJGUdCN_sign7C0SdROGKTHf,20240226,岐阜,10,F1,Ｓ級準決勝,1,1,上田　隼,5,3,7,1,2024/02/26 07:03&nbsp;更新
qW-ZPX5Na0y9CaoMyhsv46ujNwtlZQeU4i-KVpPRKd73IDAyLOKqT9jQrnu6GFQv,20240226,岐阜,11,F1,Ｓ級準決勝,1,1,土岐　幹多,1,7,1,3,2024/02/26 07:03&nbsp;更新
qW-ZPX5Na0y9CaoMyhsv48XICr__OG9pGUdBT_2eqIMMwo8_5VAAt36ihPFHdAFT,20240226,岐阜,12,F1,Ｓ級準決勝,1,1,不破　将登,1,4,1,7,2024/02/26 07:03&nbsp;更新
dTawFXGT895LEmEj4dpxjjW6Qx02Br_dmIkr4YOmuaxrPJeHl9wPzbJl4d4rO4Hw,20240226,久留米,1,F1,Ａ級一般,1,1,井上　将志,3,5,3,7,2024/02/26 07:03&nbsp;更新
dTawFXGT895LEmEj4dpxjuvabp2PFpd5oANrMpbEOSiNWlqZCOdAB8PEpjQd89Mo,20240226,久留米,2,F1,Ａ級一般,1,1,檀　雄二,5,2,2,3,2024/02/26 07:03&nbsp;更新
dTawFXGT895LEmEj4dpxjhdClaCuUc55Zd8abdiv4uVQxE4eG8PI2U80CNIokCH9,20240226,久留米,3,F1,Ａ級準決勝,1,1,竹元　健竜,5,1,2,4,2024/02/26 07:03&nbsp;更新
dTawFXGT895LEmEj4dpxjhNXVlB7gK68qiE7q_5C789_Pf8HteMBPrkhnYPNkkyh,20240226,久留米,4,F1,Ａ級準決勝,1,1,中園　和剛,7,1,3,1,2024/02/26 07:03&nbsp;更新
dTawFXGT895LEmEj4dpxjhRI08_LLPsHBH9V68Mzn7HTzfALHzbqlyRVgWbXp81P,20240226,久留米,5,F1,Ａ級準決勝,1,1,井上　将志,7,1,4,7,2024/02/26 07:03&nbsp;更新
dTawFXGT895LEmEj4dpxjr0ORnnZj-2cQS9E--TAPaw6skg-ZZB1N-X11GVYJCeE,20240226,久留米,6,F1,Ｓ級一般,1,1,檀　雄二,2,3,"4,5",,2024/02/26 07:03&nbsp;更新
dTawFXGT895LEmEj4dpxjnIasEeqU2Hjd37G4-UKmIuZFqfTUyfp0xVDl6mZg5cx,20240226,久留米,7,F1,Ｓ級一般,1,1,中園　和剛,1,3,4,6,2024/02/26 07:03&nbsp;更新
dTawFXGT895LEmEj4dpxjkYkmEBJYU95fRvrfuL8xqZulN2IAMkce14dZKRNLpeC,20240226,久留米,8,F1,Ｓ級選抜,1,1,梶山裕次郎,4,1,4,7,2024/02/26 07:03&nbsp;更新
dTawFXGT895LEmEj4dpxjsQuGDe7ateSmCvap4JyVUjgGQjQmtJQ536T1yEMkxZK,20240226,久留米,9,F1,Ｓ級選抜,1,1,檀　雄二,3,5,3,1,2024/02/26 07:03&nbsp;更新
dTawFXGT895LEmEj4dpxjpMeTnjumMjc_neWx1GgFL9xZsk5Kz6HyAKxCSeBV8vp,20240226,久留米,10,F1,Ｓ級準決勝,1,1,竹元　健竜,7,2,4,2,2024/02/26 07:03&nbsp;更新
dTawFXGT895LEmEj4dpxjuWVgQvkt-xfLLU9NVw-vXHC4wLp_2oi1j-_x2tgDIPO,20240226,久留米,11,F1,Ｓ級準決勝,1,1,中園　和剛,1,5,1,6,2024/02/26 07:03&nbsp;更新
dTawFXGT895LEmEj4dpxjlpl2VVECrIM6ZrCAmVefK1KTKh2_qFjmIL7o2gpvo1h,20240226,久留米,12,F1,Ｓ級準決勝,1,1,梶山裕次郎,4,2,7,"3,4",2024/02/26 14:24&nbsp;更新
-32bEbegSFlX86kxXOAjQ6P348kHYEZaRdFEHCSSH_wEKUc93iXKg5XPZZEWqrJj,20240226,前橋,1,F2,Ａ級チャレンジ一般,1,1,金子　真也,1,2,5,2,2024/02/26 19:48&nbsp;更新
-32bEbegSFlX86kxXOAjQ7hp2KFsToUYmgBclCf2RG1NmoUzvX0qP3TMwvsZL4ZN,20240226,前橋,2,F2,Ａ級チャレンジ選抜,1,1,梅山　英樹,1,2,2,,2024/02/26 11:47&nbsp;更新
-32bEbegSFlX86kxXOAjQ5m84acNHFCe5id0IJsC8vaZPFU0Stnt62zizoiHWfWb,20240226,前橋,3,F2,Ａ級チャレンジ選抜,1,1,矢内　良和,1,2,3,"2,4",2024/02/26 11:47&nbsp;更新
-32bEbegSFlX86kxXOAjQ_zMFAm_dF22DrHubMzLLGimkVBe10dNsssMXuL9tuSB,20240226,前橋,4,F2,Ａ級チャレンジ準決勝,1,1,山田　武,1,"2,3",2,3,2024/02/26 11:47&nbsp;更新
-32bEbegSFlX86kxXOAjQ6kf1KFXFDnwksu4bWKZUWwBHpfd-MEbpI694heZ4nfd,20240226,前橋,5,F2,Ａ級チャレンジ準決勝,1,1,梅山　英樹,1,2,4,5,2024/02/26 11:47&nbsp;更新
-32bEbegSFlX86kxXOAjQ-gtIrB3aoU9WxmALAmex8Mocol3g57AROhVXRpsJ8m6,20240226,前橋,6,F2,Ａ級チャレンジ準決勝,1,1,金子　真也,1,2,1,2,2024/02/26 11:47&nbsp;更新
qB0b7MkHtkbTo5CbxWit4xlT-gYMlAhV8mJJWSeRG3dSdCDnbSmd92IO61hn1BJc,20240226,川崎,1,F2,Ａ級チャレンジ一般,1,1,福間　力,3,2,4,,2024/02/26 07:03&nbsp;更新
qB0b7MkHtkbTo5CbxWit47pN44bCzYhk3swm2In8rP0xl0labNbgGBW5_-EEOS6U,20240226,川崎,2,F2,Ａ級チャレンジ一般,1,1,岡嵜　浩一,5,3,5,,2024/02/26 07:03&nbsp;更新
qB0b7MkHtkbTo5CbxWit43x3jqlQGC6sQoxz7wpsUaa12RrJLNhLTLGhVcuWZ60a,20240226,川崎,3,F2,Ａ級チャレンジ選抜,1,1,櫻井　利之,7,2,3,6,2024/02/26 07:03&nbsp;更新
qB0b7MkHtkbTo5CbxWit4zYdN_vFzo22-9F10-BeTGpn8lAUYR7snhl3kRToIFm0,20240226,川崎,4,F2,Ａ級チャレンジ選抜,1,1,福間　力,4,3,2,1,2024/02/26 07:03&nbsp;更新
qB0b7MkHtkbTo5CbxWit4_-nldQS0bsXOi6CWkAWOwpGJk623dAYrusjey8DCf7R,20240226,川崎,5,F2,Ａ級一般,1,1,法月　成祐,4,5,5,"1,7",2024/02/26 07:03&nbsp;更新
qB0b7MkHtkbTo5CbxWit40_zzqlw3G4E6qI-RNkPruNKfjbEHkMv4y5OPp1GJw4b,20240226,川崎,6,F2,Ａ級一般,1,1,石井　毅,2,4,5,7,2024/02/26 07:03&nbsp;更新
qB0b7MkHtkbTo5CbxWit4wu6l_yR21NayGw2045iGPZWVkeelCRrk1-XDwsfWZhb,20240226,川崎,7,F2,Ａ級一般,1,1,櫻井　利之,3,1,2,3,2024/02/26 07:03&nbsp;更新
qB0b7MkHtkbTo5CbxWit4wdVrrgAew3miHHK03jQVoyR8qZcFKiVpdxcpvX3Pm9u,20240226,川崎,8,F2,Ａ級特選,1,1,岡嵜　浩一,1,2,7,4,2024/02/26 07:03&nbsp;更新
qB0b7MkHtkbTo5CbxWit46-Z729u0MrGT2DaCQzTMFeoKpBbCKkNrEvS6ijBEvmc,20240226,川崎,9,F2,Ａ級特選,1,1,福間　力,3,5,7,6,2024/02/26 07:03&nbsp;更新
qB0b7MkHtkbTo5CbxWit43tj8Re6fZrlrIb9_vpXiLNGy7Jc9k6h2hzZOU5ISfoQ,20240226,川崎,10,F2,Ａ級特選,1,1,法月　成祐,3,1,4,1,2024/02/26 07:03&nbsp;更新
qB0b7MkHtkbTo5CbxWit48BqbK8P7iqDmstVnQwgQOEYX26WAuCKWv6p_hYtED8I,20240226,川崎,11,F2,Ａ級チャレンジ決勝,1,1,櫻井　利之,2,3,6,"2,4",2024/02/26 13:32&nbsp;更新
qB0b7MkHtkbTo5CbxWit4-v8OPMpL4Roz43JrL0u5VBPSBoETXtCjIcagq7z0GSr,20240226,川崎,12,F2,Ａ級決勝,1,1,石井　毅,3,7,7,3,2024/02/26 07:03&nbsp;更新
r7c8N-lTlOenJOhe9NDy6D-5mdyJY4IIgFIu518zfw2AS7jFMFAR8IBkzCgrKMoC,20240226,松阪,1,F2,Ｌ級ガールズ予選（第２走）,1,1,倉田　紘希,1,2,"1,3",,2024/02/26 11:15&nbsp;更新
r7c8N-lTlOenJOhe9NDy6APcFqxjgZwoZsJLGDXz89Pz2IOS9wuUS6k6ivqmMoyc,20240226,松阪,2,F2,Ｌ級ガールズ予選（第２走）,1,1,川口　聖翔,1,2,"1,6",,2024/02/26 11:15&nbsp;更新
r7c8N-lTlOenJOhe9NDy6N5UuS9fzR7_UZvtnyylAYhfPo-bBwvrO8pOxJ32Yp6f,20240226,松阪,3,F2,Ａ級特一般,1,1,辻　力,1,2,7,1,2024/02/26 11:15&nbsp;更新
r7c8N-lTlOenJOhe9NDy6PnxPjP1GKqBnZ1PvgV8tR-_6YWoGEBOzbbupxUEOi-S,20240226,松阪,4,F2,Ａ級特一般,1,1,樋口　奨平,1,2,1,,2024/02/26 11:15&nbsp;更新
r7c8N-lTlOenJOhe9NDy6C5Gys_dp3xDh_Cjy4kIIg3uLsp0y2GQacS70yrhr34a,20240226,松阪,5,F2,Ａ級準決勝,1,1,倉田　紘希,1,2,3,4,2024/02/26 11:15&nbsp;更新
r7c8N-lTlOenJOhe9NDy6G88Y7HzFo6CQ_R2U7NqU_diOHNpCe73OZ4eAbGTpvbs,20240226,松阪,6,F2,Ａ級準決勝,1,1,川口　聖翔,1,2,7,4,2024/02/26 11:15&nbsp;更新
r7c8N-lTlOenJOhe9NDy6MiH2C6IzrrspMABwu-5tFwVJWvOgbn6657JcpAG1E9i,20240226,松阪,7,F2,Ａ級準決勝,1,1,辻　力,1,2,2,5,2024/02/26 11:15&nbsp;更新
5JBLdC8cyCWI9sEL6PUbQhwaqu46r9-c2yZ9D48aBqVgdOvrz48Ldv-ZoZozfNfQ,20240226,高松,1,F2,Ａ級チャレンジ一般,1,1,北野　佑汰,1,2,2,1,2024/02/26 07:03&nbsp;更新
5JBLdC8cyCWI9sEL6PUbQi4UX1GEic5IJl8i5zeBdWgsuwU8pQp066HcBNdo0myS,20240226,高松,2,F2,Ａ級チャレンジ一般,1,1,大林　亮介,7,2,3,4,2024/02/26 07:03&nbsp;更新
5JBLdC8cyCWI9sEL6PUbQo8XTE4N7R0NpzfQlsqmmfboT5hRJ7U7dcc_CIxpfLqd,20240226,高松,3,F2,Ａ級チャレンジ準決勝,1,1,近藤　誠二,2,3,4,1,2024/02/26 07:03&nbsp;更新
5JBLdC8cyCWI9sEL6PUbQsyhhTBEGbwVEYrDUWQSouLdJ4Oylb4nWSHa_DU9btnn,20240226,高松,4,F2,Ａ級チャレンジ準決勝,1,1,大林　亮介,4,1,7,1,2024/02/26 07:03&nbsp;更新
5JBLdC8cyCWI9sEL6PUbQlQbJ_wCsK5XY4ITQZumq5suppkCXVRTNwaho8Owri34,20240226,高松,5,F2,Ａ級チャレンジ準決勝,1,1,宮本　佳樹,4,2,1,2,2024/02/26 07:03&nbsp;更新
5JBLdC8cyCWI9sEL6PUbQuIupLhIPPvbhtH8iuGMtz0qkqGZ_wEaI9s_MxdVGBCm,20240226,高松,6,F2,Ｌ級ガールズ予選（第２走）,1,1,北野　佑汰,5,3,3,7,2024/02/26 07:03&nbsp;更新
5JBLdC8cyCWI9sEL6PUbQlRWquhqMJPIuXXilj6V3kwYnn83N72W22zxw59DZE3L,20240226,高松,7,F2,Ｌ級ガールズ予選（第２走）,1,1,大林　亮介,5,3,3,1,2024/02/26 07:03&nbsp;更新
5JBLdC8cyCWI9sEL6PUbQurfa4ivBxiFhCCwr8ogiXOunGqSYPxBOTod26icZLyv,20240226,高松,8,F2,Ａ級特一般,1,1,宮本　佳樹,1,4,"4,6",,2024/02/26 07:03&nbsp;更新
5JBLdC8cyCWI9sEL6PUbQt1TxkGZl8FLSyfgvBzPxPYXV6um4PRcNSMGUhvRq8oW,20240226,高松,9,F2,Ａ級特一般,1,1,福島　栄一,1,5,3,5,2024/02/26 07:03&nbsp;更新
5JBLdC8cyCWI9sEL6PUbQhGZC8qNKOQnYptW2CfU9rPSX9AqQ0ID7yOeU3Ux9h6l,20240226,高松,10,F2,Ａ級準決勝,1,1,近藤　誠二,5,7,1,6,2024/02/26 07:03&nbsp;更新
5JBLdC8cyCWI9sEL6PUbQnBvcCdv30qdTwB202uoCWwTATps6bPpzY0P6Fiogpa5,20240226,高松,11,F2,Ａ級準決勝,1,1,宮本　佳樹,2,7,5,2,2024/02/26 07:03&nbsp;更新
5JBLdC8cyCWI9sEL6PUbQhGtHBHhsioMidRYvFv6S-jBiFvYcVCw85jeZNycCRLU,20240226,高松,12,F2,Ａ級準決勝,1,1,福島　栄一,1,5,5,1,2024/02/26 07:03&nbsp;更新
TzXNr1IyQYXd8vmMpJjd_8gteWREV5e0WlnGpNjZhPmc3IQr0TguEIO47qH2Lk7a,20240226,小倉,1,F2,Ｌ級ガールズ予選（第２走）,1,1,秋永　共之,1,2,1,5,2024/02/26 10:11&nbsp;更新
TzXNr1IyQYXd8vmMpJjd__dw6pbwCIxEXoi3oxpKS4Tw29V2G77oQXCWGqTAyzLN,20240226,小倉,2,F2,Ｌ級ガールズ予選（第２走）,1,1,松永　真太,1,2,2,1,2024/02/26 10:13&nbsp;更新
TzXNr1IyQYXd8vmMpJjd_2TDgAg5ACq8jvONjPH2yKkBN5rulWWpBjy9dS3CzSk6,20240226,小倉,3,F2,Ａ級特一般,1,1,秋永　共之,1,2,1,7,2024/02/26 10:17&nbsp;更新
TzXNr1IyQYXd8vmMpJjd_1k8_xhZ1L178vt4JpG_VfbnSWK8bU7YUqGd--XkFTz2,20240226,小倉,4,F2,Ａ級特一般,1,1,松永　真太,1,2,6,2,2024/02/26 19:58&nbsp;更新
TzXNr1IyQYXd8vmMpJjd_-0juLJbMNa-YJ7vdvUUeCLkN7r2z8pGMtjSfONcf4KR,20240226,小倉,5,F2,Ａ級準決勝,1,1,城戸崎隆史,1,2,2,5,2024/02/26 10:22&nbsp;更新
TzXNr1IyQYXd8vmMpJjd_57ezZqO0Q7cD9e4m-knoJRhIKFi0ecZJRrfb_o_Bipb,20240226,小倉,6,F2,Ａ級準決勝,1,1,瓦田　勝也,1,2,4,3,2024/02/26 10:24&nbsp;更新
TzXNr1IyQYXd8vmMpJjd_z-wRN3OOuCtmfP-XFnwTOsJ84p6v5my_R_8-NZsGdHA,20240226,小倉,7,F2,Ａ級準決勝,1,1,城戸崎隆史,1,2,5,"1,7",2024/02/26 10:26&nbsp;更新
6WBVJpA-uKT9ycVIuSeDZkSIOr8Jqqq3xoRueJYnselqU9wNraqakhw5iScg0PZj,20240227,西武園,1,F1,Ａ級一般,1,1,金子周一郎,3,7,4,"1,2",2024/02/27 07:01&nbsp;更新
6WBVJpA-uKT9ycVIuSeDZrfqTA_oK4umvI3lAtJ5Sb2uhvBubSsyuc_Cz7O845Or,20240227,西武園,2,F1,Ａ級一般,1,1,高橋　昇平,3,7,1,3,2024/02/27 07:01&nbsp;更新
6WBVJpA-uKT9ycVIuSeDZuq3TZaHu9PdHr9Llh9HCxaTLwbEI2uRGk00cAhAg58j,20240227,西武園,3,F1,Ａ級準決勝,1,1,金子周一郎,3,2,5,1,2024/02/27 07:01&nbsp;更新
6WBVJpA-uKT9ycVIuSeDZojQC7sUo6iiwLKQG7xRTxbmuC7uSih30Wctp111OcZM,20240227,西武園,4,F1,Ａ級準決勝,1,1,高橋　昇平,1,7,5,4,2024/02/27 07:01&nbsp;更新
6WBVJpA-uKT9ycVIuSeDZrUbuGcggRCSsDEFwkieAbnMJ4P4bVQRRm5hyKu7027S,20240227,西武園,5,F1,Ａ級準決勝,1,1,野中　祐志,1,7,6,7,2024/02/27 07:01&nbsp;更新
6WBVJpA-uKT9ycVIuSeDZuBKuSh86dNZQw_RB7UU3zxLVIHo03fqNtFEJqQeeAcc,20240227,西武園,6,F1,Ｓ級一般,1,1,金子周一郎,3,5,4,3,2024/02/27 07:01&nbsp;更新
6WBVJpA-uKT9ycVIuSeDZolB26nyxhP2jduDf7Qp7pBdqEMfQDfgYNd53RCeM8VY,20240227,西武園,7,F1,Ｓ級一般,1,1,平原　啓多,1,3,2,3,2024/02/27 07:01&nbsp;更新
6WBVJpA-uKT9ycVIuSeDZjzepy3dsspR_shgdhuwfNXxpuzoCPrMu-UeSPmyAzdx,20240227,西武園,8,F1,Ｓ級選抜,1,1,台　和紀,2,1,4,,2024/02/27 07:01&nbsp;更新
6WBVJpA-uKT9ycVIuSeDZpUvrBVV0kNketUbnC2sgB6RKhlM3dmgpQFf8LAHX6bX,20240227,西武園,9,F1,Ｓ級選抜,1,1,高橋　昇平,3,7,6,3,2024/02/27 07:01&nbsp;更新
6WBVJpA-uKT9ycVIuSeDZtSU7IsJ-DLHg5LbjPfJbuAhFnwgPey9DQ3E9KQj2Oyt,20240227,西武園,10,F1,Ｓ級準決勝,1,1,野中　祐志,1,4,6,7,2024/02/27 07:01&nbsp;更新
6WBVJpA-uKT9ycVIuSeDZkHfIRtn8Kr7eGsCsrPBqEOVti7xsx7yXgikvMSgTwEA,20240227,西武園,11,F1,Ｓ級準決勝,1,1,台　和紀,2,5,1,"3,5",2024/02/27 07:01&nbsp;更新
6WBVJpA-uKT9ycVIuSeDZt-jzYaGAnBx6VcBhN5UWFx8rWNUPOnRNimaWBEbcdXL,20240227,西武園,12,F1,Ｓ級準決勝,1,1,平原　啓多,5,1,6,5,2024/02/27 07:01&nbsp;更新
qW-ZPX5Na0y9CaoMyhsv47zA3emqF6H8IP9qW-GZEoaaw22m_tdAEUHGW2jpXLf2,20240227,岐阜,1,F1,Ａ級一般,1,1,川西　貴之,5,1,2,"6,7",2024/02/27 07:01&nbsp;更新
qW-ZPX5Na0y9CaoMyhsv462NPg9JNhUfFxzehWUFSjMnHE-BbgxYds84yTMRAKQS,20240227,岐阜,2,F1,Ａ級一般,1,1,不破　将登,7,3,7,2,2024/02/27 07:01&nbsp;更新
qW-ZPX5Na0y9CaoMyhsv49K9smMecUaN89EC-4GwoAI4Ffsp-bq21O4W5qT5zENX,20240227,岐阜,3,F1,Ａ級特選,1,1,土岐　幹多,7,3,4,5,2024/02/27 07:01&nbsp;更新
qW-ZPX5Na0y9CaoMyhsv4y8V_NdvN3YVo3gO7ZKky1LRx2d3Lp8JdeHoCElPc0Zl,20240227,岐阜,4,F1,Ａ級特選,1,1,川西　貴之,3,5,"2,7",,2024/02/27 07:01&nbsp;更新
qW-ZPX5Na0y9CaoMyhsv46FHCLhrJiVHE_kDjwctnWwgDOgGUpOvk4YHcIrIStD9,20240227,岐阜,5,F1,Ｓ級一般,1,1,藤井　稜也,1,2,5,2,2024/02/27 07:01&nbsp;更新
qW-ZPX5Na0y9CaoMyhsv47MNH-PC3k3JGeq1Civmhq7eTkZV2e2tFz-FfF9CG9OC,20240227,岐阜,6,F1,Ｓ級一般,1,1,土岐　幹多,3,6,1,3,2024/02/27 07:01&nbsp;更新
qW-ZPX5Na0y9CaoMyhsv4-Egxmvtf2_5EDFKJFTcMZ6qY3_CjUUUtgxGBA0PQ-_H,20240227,岐阜,7,F1,Ｓ級一般,1,1,不破　将登,7,2,"4,6",,2024/02/27 07:01&nbsp;更新
qW-ZPX5Na0y9CaoMyhsv42-wkJdowkyUYLITFfERvnX8r_iwSRwujGzZ38It--r4,20240227,岐阜,8,F1,Ｓ級特選,1,1,上田　隼,2,3,2,4,2024/02/27 07:01&nbsp;更新
qW-ZPX5Na0y9CaoMyhsv4yVwZSVkKySGrxLW8Be1DVn630vssCqubvOKy1jx8Jux,20240227,岐阜,9,F1,Ｓ級特選,1,1,藤井　稜也,7,1,"5,6",,2024/02/27 07:01&nbsp;更新
qW-ZPX5Na0y9CaoMyhsv43dzl3sN7Y3L8R7iBZ0oom-iFCCOqaleTrPT4iJPKIBs,20240227,岐阜,10,F1,Ｓ級特選,1,1,土岐　幹多,2,7,5,7,2024/02/27 07:01&nbsp;更新
qW-ZPX5Na0y9CaoMyhsv4-X5SeSkfP-OA9eV3VCB3q7QBQ9OXyFd4rt4hJUwAeS3,20240227,岐阜,11,F1,Ａ級決勝,1,1,上田　隼,4,1,2,7,2024/02/27 07:01&nbsp;更新
qW-ZPX5Na0y9CaoMyhsv46lu7Q0YVVpZX_vz7DFs108yCL1VqkWOxR0TZKacT8-N,20240227,岐阜,12,F1,Ｓ級決勝,1,1,不破　将登,1,3,1,6,2024/02/27 07:01&nbsp;更新
dTawFXGT895LEmEj4dpxjo8mVp_05yhIK9GYikW8ikysPck6r3RaOoiDAgpXbLOW,20240227,久留米,1,F1,Ａ級一般,1,1,井上　将志,7,4,2,7,2024/02/27 07:01&nbsp;更新
dTawFXGT895LEmEj4dpxjuQWIRa8t78KKG87a4G-aW_ln0RVgi7o-_7_pc3duXHB,20240227,久留米,2,F1,Ａ級一般,1,1,檀　雄二,4,3,1,4,2024/02/27 07:01&nbsp;更新
dTawFXGT895LEmEj4dpxjmGeoiV1GvG4-3ZwiCmFT2QvMmmd07K2zCUMN0xOZ4x3,20240227,久留米,3,F1,Ａ級特選,1,1,竹元　健竜,4,2,7,1,2024/02/27 07:01&nbsp;更新
dTawFXGT895LEmEj4dpxjlLfEhNrt9KTDG6SBnRFs2z031FNocBFXNCi7YuVP46j,20240227,久留米,4,F1,Ａ級特選,1,1,井上　将志,1,5,7,5,2024/02/27 07:01&nbsp;更新
dTawFXGT895LEmEj4dpxji1AXJXBmfOPmIu1C2EvqhIhKE-uMcT8_74mshKUtIpZ,20240227,久留米,5,F1,Ｓ級一般,1,1,梶山裕次郎,5,3,1,3,2024/02/27 07:01&nbsp;更新
dTawFXGT895LEmEj4dpxjhOeci8JfDrtPmM60rmp0aY6hcoEjTO2QwI8Pcs-FCNY,20240227,久留米,6,F1,Ｓ級一般,1,1,中園　和剛,5,2,5,1,2024/02/27 07:01&nbsp;更新
dTawFXGT895LEmEj4dpxjgypwhPDxGLtOgaXRY3jxEfpkpkS6c5X7vBsEIzKZAgK,20240227,久留米,7,F1,Ｓ級一般,1,1,檀　雄二,4,7,4,6,2024/02/27 07:01&nbsp;更新
dTawFXGT895LEmEj4dpxjpALXsg_AOlH1Xnr0VbxZddJ59eT0ExchrFPgoIBrzwB,20240227,久留米,8,F1,Ｓ級特選,1,1,梶山裕次郎,4,5,4,3,2024/02/27 07:01&nbsp;更新
dTawFXGT895LEmEj4dpxjoLMFfu404kuzbMPvnzEqm719e82JVM026XDZK8RiNNZ,20240227,久留米,9,F1,Ｓ級特選,1,1,竹元　健竜,5,4,4,1,2024/02/27 07:01&nbsp;更新
dTawFXGT895LEmEj4dpxjgseXdRmBG6hCTFWgWul3RcNw-fli3iPtPNzp3fozit0,20240227,久留米,10,F1,Ｓ級特選,1,1,中園　和剛,1,3,7,2,2024/02/27 14:26&nbsp;更新
dTawFXGT895LEmEj4dpxjt4pL7t5MIUKMWBurWT-ubcDErrEs9uwZpYBlbLR9fR_,20240227,久留米,11,F1,Ａ級決勝,1,1,井上　将志,1,5,6,5,2024/02/27 07:01&nbsp;更新
dTawFXGT895LEmEj4dpxjv7ovenQgoUNRcFnN5niex6hzr5S_wRiNEngsoDd4cSI,20240227,久留米,12,F1,Ｓ級決勝,1,1,梶山裕次郎,1,4,5,7,2024/02/27 07:01&nbsp;更新
-32bEbegSFlX86kxXOAjQz0eU5oDcmmkQXMPaEvQuNZgK5LESTwkfsbWpWF7WfX7,20240227,前橋,1,F2,Ａ級チャレンジ一般,1,1,金子　真也,1,2,3,5,2024/02/27 12:50&nbsp;更新
-32bEbegSFlX86kxXOAjQ1VGJfl5Zn8VoGKbV01dV_HwhVrpQZqZaO99IKcQElvm,20240227,前橋,2,F2,Ａ級チャレンジ一般,1,1,矢内　良和,1,2,2,4,2024/02/27 12:50&nbsp;更新
-32bEbegSFlX86kxXOAjQ3Wj_EmCm3X2zaGbyNX0mmi_qAyp-iGs3IMKWzsrX5DG,20240227,前橋,3,F2,Ａ級チャレンジ選抜,1,1,梅山　英樹,1,"2,3",1,4,2024/02/27 12:50&nbsp;更新
-32bEbegSFlX86kxXOAjQ3U5PLhMSMyn90jc_zDI2ClhQ3Wwqp4TtRZ10YZXlqdz,20240227,前橋,4,F2,Ａ級チャレンジ選抜,1,1,山田　武,1,2,5,3,2024/02/27 12:50&nbsp;更新
-32bEbegSFlX86kxXOAjQyiFMpUbov2hrtl3msQxLMv9nzPovFKFCyG1zsvLFq2h,20240227,前橋,5,F2,Ａ級チャレンジ選抜,1,1,矢内　良和,1,2,1,2,2024/02/27 12:50&nbsp;更新
-32bEbegSFlX86kxXOAjQ-Ju8x_8DvzNyE5miXd4rP56ecHb17MhNcmOm4vUtnd3,20240227,前橋,6,F2,Ａ級チャレンジ決勝,1,1,金子　真也,1,2,"2,5",,2024/02/27 12:50&nbsp;更新
40e_64vLzizZus8EyHmUfA6NrWfOikQZ656Pl9yI9PE1xWpVCXqRlIqH77RcuFY4,20240227,京王閣,1,F2,Ａ級チャレンジ予選,1,1,永井　隆一,1,5,"5,7",,2024/02/27 07:01&nbsp;更新
40e_64vLzizZus8EyHmUfPUV7EUmYaGCAP-x3QgUk7enxV11tS0RiJeipBcFJB5C,20240227,京王閣,2,F2,Ａ級チャレンジ予選,1,1,浦山　一栄,2,3,3,7,2024/02/27 07:01&nbsp;更新
40e_64vLzizZus8EyHmUfBjNXZtZzfB5Qdexe2-74cu_rRyxgfu-JEVXmbKkty0F,20240227,京王閣,3,F2,Ａ級チャレンジ予選,1,1,飯島　亮,4,3,7,3,2024/02/27 07:01&nbsp;更新
40e_64vLzizZus8EyHmUfFoQie8nbW8BMkVyflYI9ehzAcHA5WvQdtr-5fmkCINO,20240227,京王閣,4,F2,Ａ級チャレンジ予選,1,1,鈴木雄一朗,1,5,2,5,2024/02/27 07:01&nbsp;更新
40e_64vLzizZus8EyHmUfPF-Cp1gcmIOTNdQxgqAHRMBl7T4mcw84W2Om7a8N5no,20240227,京王閣,5,F2,Ａ級チャレンジ予選,1,1,深井　高志,2,4,6,4,2024/02/27 07:01&nbsp;更新
40e_64vLzizZus8EyHmUfE95grbt_mnOxrsu4pUwacUVn2MBvJEnlVOpcm7riLmT,20240227,京王閣,6,F2,Ｌ級ガールズ予選（第１走）,1,1,鈴木　謙二,5,6,6,4,2024/02/27 07:01&nbsp;更新
40e_64vLzizZus8EyHmUfPoyxNxJ2kbHTVyUy4ppznqH1yHNlSftq-MzVmAPldRf,20240227,京王閣,7,F2,Ｌ級ガールズ予選（第１走）,1,1,永井　隆一,1,3,1,3,2024/02/27 07:01&nbsp;更新
40e_64vLzizZus8EyHmUfDv-16ZoGCvZqoQbzjR-nY-Q0jRPu3qLk-baLyxk91s3,20240227,京王閣,8,F2,Ａ級特予選,1,1,浦山　一栄,5,1,"1,4",,2024/02/27 07:01&nbsp;更新
40e_64vLzizZus8EyHmUfLjguP6LzrnJv2ybFeg6fzIqP0fv3haY1TDJB3U8y9t7,20240227,京王閣,9,F2,Ａ級特予選,1,1,飯島　亮,2,7,6,3,2024/02/27 07:01&nbsp;更新
40e_64vLzizZus8EyHmUfK86OQXkxUsBSLjCAWbFNN34znI0M4JMA3GRR9mQCO4p,20240227,京王閣,10,F2,Ａ級特予選,1,1,鈴木雄一朗,3,4,4,3,2024/02/27 07:01&nbsp;更新
40e_64vLzizZus8EyHmUfMOj-9XcacCA7C7FahgzyiYMvr72_Tbd1ySu6jFRB0c5,20240227,京王閣,11,F2,Ａ級特予選,1,1,深井　高志,3,1,3,7,2024/02/27 07:01&nbsp;更新
40e_64vLzizZus8EyHmUfOLOMbHuQh3g7u3F9jApjJqq3uWfwZrvhnVnCfbNcrSM,20240227,京王閣,12,F2,Ａ級初日特選,1,1,鈴木　謙二,4,2,7,2,2024/02/27 07:01&nbsp;更新
r7c8N-lTlOenJOhe9NDy6HQPCzMbFbPwI0fP8fds8NUx6FrgGUhKtIaFPj_Th2L5,20240227,松阪,1,F2,Ｌ級ガールズ一般,1,1,川口　聖翔,1,2,1,2,2024/02/27 11:01&nbsp;更新
r7c8N-lTlOenJOhe9NDy6Px18nuo7pj7o7CErAiMweDe9YEpFnshT79ypUP2Y7eE,20240227,松阪,2,F2,Ａ級特一般,1,1,倉田　紘希,1,2,1,7,2024/02/27 11:01&nbsp;更新
r7c8N-lTlOenJOhe9NDy6FShZ3hsrBMPJNPbNOWzJ6Xcab6brb_qxQG_BiyP4Elm,20240227,松阪,3,F2,Ａ級特一般,1,1,辻　力,1,2,2,7,2024/02/27 11:01&nbsp;更新
r7c8N-lTlOenJOhe9NDy6JeUotfScpATiT_5gQRPfRl9xx2gUahOpsIvMN4gE9Zt,20240227,松阪,4,F2,Ａ級特選,1,1,樋口　奨平,1,2,6,2,2024/02/27 11:01&nbsp;更新
r7c8N-lTlOenJOhe9NDy6MnssS29IZgkHS2X9NQNjU7VDGzA7khwV-qb3f0NC5uJ,20240227,松阪,5,F2,Ａ級特選,1,1,川口　聖翔,1,2,2,1,2024/02/27 11:01&nbsp;更新
r7c8N-lTlOenJOhe9NDy6BqtMDljYyeVKto-j_3Qp529X9yTPi4yiDmJ670RBIgA,20240227,松阪,6,F2,Ｌ級ガールズ決勝,1,1,倉田　紘希,1,2,"2,6",,2024/02/27 11:01&nbsp;更新
r7c8N-lTlOenJOhe9NDy6PnLDjLbi6SHkFeXBeBZjugNHUSD3sWzCAscAv5PbFgc,20240227,松阪,7,F2,Ａ級決勝,1,1,辻　力,"1,2",,4,7,2024/02/27 11:01&nbsp;更新
rBl6u-PQCfnEApS7lfmOv9Eo4GJzRZlmfxt3P_jlvY-GXBBdIAbPYkvrTQtysp7x,20240227,向日町,1,F2,Ａ級チャレンジ予選,1,1,佐野　洋継,3,1,3,4,2024/02/27 07:01&nbsp;更新
rBl6u-PQCfnEApS7lfmOvxPMA5fKhUcJlXO6lkVneIhcPrgp26Iq3GWTRikX0_Y5,20240227,向日町,2,F2,Ａ級チャレンジ予選,1,1,薮　謙治,5,3,5,7,2024/02/27 07:01&nbsp;更新
rBl6u-PQCfnEApS7lfmOvzH8CpZrw5wckQZnOAsuQ5PFMYTkrqjwnNwM8ZjQ8GKD,20240227,向日町,3,F2,Ａ級チャレンジ予選,1,1,南　大輔,7,4,4,1,2024/02/27 07:01&nbsp;更新
rBl6u-PQCfnEApS7lfmOv7p8TvCOWwsuNrlCEWemG2ZFLw4d-adz92LoPHZjdFMz,20240227,向日町,4,F2,Ａ級チャレンジ予選,1,1,藤木　裕,7,4,7,2,2024/02/27 07:01&nbsp;更新
rBl6u-PQCfnEApS7lfmOv7U5Nw48mprOXOf6Lz5aMPWGcumyKsMukHl4FV6N-PAQ,20240227,向日町,5,F2,Ａ級チャレンジ予選,1,1,佐野　洋継,1,4,5,1,2024/02/27 07:01&nbsp;更新
rBl6u-PQCfnEApS7lfmOv1SBWf47qisHlPNP6vgj8jsPrgdscIX7VWD4VJlsysFG,20240227,向日町,6,F2,Ｌ級ガールズ予選（第１走）,1,1,四宮　哲郎,7,2,7,4,2024/02/27 07:01&nbsp;更新
rBl6u-PQCfnEApS7lfmOv7IQRSeT0fCdXwVtqpcdIoFDwQu4sZssqkGCJv4pG-Ly,20240227,向日町,7,F2,Ｌ級ガールズ予選（第１走）,1,1,藤木　裕,4,1,6,1,2024/02/27 07:01&nbsp;更新
rBl6u-PQCfnEApS7lfmOv7UskAGdXC3zBZ7Gzue2B9LkmfZOHqa1L9HXgbj9yrsJ,20240227,向日町,8,F2,Ａ級特予選,1,1,四宮　哲郎,5,2,7,5,2024/02/27 07:01&nbsp;更新
rBl6u-PQCfnEApS7lfmOvz8UQmWoQ8dV0ZP_isRd3YRazOaSAlDifwZDojuz4Zdn,20240227,向日町,9,F2,Ａ級特予選,1,1,薮　謙治,2,7,1,"3,7",2024/02/27 07:01&nbsp;更新
rBl6u-PQCfnEApS7lfmOv5WrcfcF7iMdmRED2U1zR20UfXd4cE_X8g3eHW0Xu17V,20240227,向日町,10,F2,Ａ級特予選,1,1,南　大輔,7,5,7,3,2024/02/27 07:01&nbsp;更新
rBl6u-PQCfnEApS7lfmOv1LYYyWQwxq-i_uJgdak1IbMGuJbv2RiATn-adti4cRn,20240227,向日町,11,F2,Ａ級特予選,1,1,藤木　裕,4,5,4,5,2024/02/27 07:01&nbsp;更新
rBl6u-PQCfnEApS7lfmOvwln6-qlOR68HFppa1Bu-DHIFBvXzKOCNvpw4rAjHgW0,20240227,向日町,12,F2,Ａ級初日特選,1,1,四宮　哲郎,2,4,5,7,2024/02/27 07:01&nbsp;更新
5JBLdC8cyCWI9sEL6PUbQjZnDpgrB7MnydmjiMCUu8jJq31NTk9SexouwQ-iKt43,20240227,高松,1,F2,Ａ級チャレンジ一般,1,1,北野　佑汰,3,5,5,1,2024/02/27 07:01&nbsp;更新
5JBLdC8cyCWI9sEL6PUbQjC8NhmwM4VKRfKbO7FOYv7KLq-dQSXi_NGjx1FRplM6,20240227,高松,2,F2,Ａ級チャレンジ一般,1,1,大林　亮介,2,7,3,2,2024/02/27 07:01&nbsp;更新
5JBLdC8cyCWI9sEL6PUbQsmmoTGU5T7eu8f7TlgJdCmF9t1VcyOjWi4km0kZSzlS,20240227,高松,3,F2,Ａ級チャレンジ選抜,1,1,近藤　誠二,2,7,1,"2,3,5",2024/02/27 07:01&nbsp;更新
5JBLdC8cyCWI9sEL6PUbQtKXxGNWRJ2mUQd-qe5A8aVKlEXmZPer1kM9nWIrVWYi,20240227,高松,4,F2,Ａ級チャレンジ選抜,1,1,宮本　佳樹,2,4,2,6,2024/02/27 07:01&nbsp;更新
5JBLdC8cyCWI9sEL6PUbQiWC4vhyBb2tKs4m7CR2-TmPvaWKkNT2ho6UNv4ZEf36,20240227,高松,5,F2,Ｌ級ガールズ一般,1,1,北野　佑汰,7,6,6,,2024/02/27 07:01&nbsp;更新
5JBLdC8cyCWI9sEL6PUbQju-pDvxaIom_gy0Ql0ghZXE7GhlWC7OfMnsHfKiNA0M,20240227,高松,6,F2,Ａ級特一般,1,1,福島　栄一,5,4,5,7,2024/02/27 07:01&nbsp;更新
5JBLdC8cyCWI9sEL6PUbQjPO8g-x_NyVbaws1gKzTY8S7k40KPg5XBt6iFDKYSz9,20240227,高松,7,F2,Ａ級特一般,1,1,大林　亮介,1,4,1,2,2024/02/27 07:01&nbsp;更新
5JBLdC8cyCWI9sEL6PUbQi60X4gMZKrbkupEp2GuO_1gPWjhw8qoJ1m9Uukk5CG9,20240227,高松,8,F2,Ａ級特選,1,1,近藤　誠二,1,3,6,1,2024/02/27 07:01&nbsp;更新
5JBLdC8cyCWI9sEL6PUbQjxIkBdBesMjAUwM9ZKQSFQFFRyQNWQ2tNz9ZAwYN3Hh,20240227,高松,9,F2,Ａ級特選,1,1,福島　栄一,7,2,4,5,2024/02/27 07:01&nbsp;更新
5JBLdC8cyCWI9sEL6PUbQv_Bofb-ogI7CS80qgEpr7GCEu9z_da6TP-Bf0fk7UDm,20240227,高松,10,F2,Ａ級チャレンジ決勝,1,1,宮本　佳樹,3,4,2,7,2024/02/27 07:01&nbsp;更新
5JBLdC8cyCWI9sEL6PUbQp-Oq3alyofSklXNr2h87kOUPFx7LertasylA8Qhc4rZ,20240227,高松,11,F2,Ｌ級ガールズ決勝,1,1,大林　亮介,1,6,3,4,2024/02/27 07:01&nbsp;更新
5JBLdC8cyCWI9sEL6PUbQuBRmZHCyAapsoNVwj-8lOKAwuGTmvWXaiw26n28uaeg,20240227,高松,12,F2,Ａ級決勝,1,1,福島　栄一,7,"2,3",2,5,2024/02/27 07:01&nbsp;更新
TzXNr1IyQYXd8vmMpJjd_586N0lUoqFhBpsCST9QRbeJi9WF_BPYw4e9BI3AC3Ut,20240227,小倉,1,F2,Ｌ級ガールズ一般,1,1,松永　真太,1,2,3,7,2024/02/27 10:16&nbsp;更新
TzXNr1IyQYXd8vmMpJjd_z26mnM9rrjim_USbJdH5hpEJxDFIkU8XvY3twlbZUSz,20240227,小倉,2,F2,Ａ級特一般,1,1,瓦田　勝也,1,2,5,2,2024/02/27 10:20&nbsp;更新
TzXNr1IyQYXd8vmMpJjd_4Y-Jcs2zmwxyoRkMy_opelsCK861VT0FV5xa6hhZOnM,20240227,小倉,3,F2,Ａ級特一般,1,1,城戸崎隆史,1,2,7,"1,3",2024/02/27 10:23&nbsp;更新
TzXNr1IyQYXd8vmMpJjd_72Lp-wCB4NOuHgg5Lby1gYjo90t6PLx3DlqdPBzC_rQ,20240227,小倉,4,F2,Ａ級特選,1,1,松永　真太,1,2,2,7,2024/02/27 10:26&nbsp;更新
TzXNr1IyQYXd8vmMpJjd_5mgOqgHgcvHnBuxUJig6S3Y8N7X4HOtGsjPeL_YjFDR,20240227,小倉,5,F2,Ａ級特選,1,1,瓦田　勝也,1,2,"2,6",,2024/02/27 10:33&nbsp;更新
TzXNr1IyQYXd8vmMpJjd_6c2DEY1915sIOLTEk6-AkZWtBGuK-v9Euv_-B5FEc8S,20240227,小倉,6,F2,Ｌ級ガールズ決勝,1,1,秋永　共之,1,2,3,2,2024/02/27 10:17&nbsp;更新
TzXNr1IyQYXd8vmMpJjd_0GKEr2LGndtQdo9L1r-iRPB_3F-n5x4HEyqYSzyN8qj,20240227,小倉,7,F2,Ａ級決勝,1,1,城戸崎隆史,1,2,3,7,2024/02/27 10:40&nbsp;更新
6WBVJpA-uKT9ycVIuSeDZkK58liMm0MFlDsIOXd8tipFGDlJqoYqOC5FKqoLkLFo,20240228,西武園,1,F1,Ａ級一般,1,1,金子周一郎,2,4,"4,6",,2024/02/28 07:03&nbsp;更新
6WBVJpA-uKT9ycVIuSeDZi6KKjNfgJGabQrzsYZl46W_X2wsYMHcSxgIYO8lVEcv,20240228,西武園,2,F1,Ａ級一般,1,1,高橋　昇平,3,4,7,5,2024/02/28 07:03&nbsp;更新
6WBVJpA-uKT9ycVIuSeDZmbmWJ2ObUHr0OrMCD-nEcvdpIDBSEBujxhZucJpsidE,20240228,西武園,3,F1,Ａ級特選,1,1,金子周一郎,3,1,7,6,2024/02/28 07:03&nbsp;更新
6WBVJpA-uKT9ycVIuSeDZkeJ7C2eF3K5lZulkR5x6LVOMR-GpXpcNuuvrPKcdrYZ,20240228,西武園,4,F1,Ａ級特選,1,1,高橋　昇平,5,3,6,7,2024/02/28 07:03&nbsp;更新
6WBVJpA-uKT9ycVIuSeDZqkGP4KYdwWagOHxRmgk5tzBKNqLmRoSXQY_-RXOU8Ni,20240228,西武園,5,F1,Ｓ級一般,1,1,金子周一郎,3,1,7,5,2024/02/28 07:03&nbsp;更新
6WBVJpA-uKT9ycVIuSeDZsxgAgyHEEtZwCSwFLcRc3BWrOvhKdB_dywkFHFbKf1g,20240228,西武園,6,F1,Ｓ級一般,1,1,高橋　昇平,4,7,6,,2024/02/28 07:03&nbsp;更新
6WBVJpA-uKT9ycVIuSeDZsKkdSWgFkdKi0UAvD08lQl6oa0rRKi3BnSG838mynDO,20240228,西武園,7,F1,Ｓ級一般,1,1,平原　啓多,2,1,2,,2024/02/28 07:03&nbsp;更新
6WBVJpA-uKT9ycVIuSeDZq6XTCHzjoTyxMPzYh43FT5ECEKQSFfbYViO6pGXrrLI,20240228,西武園,8,F1,Ｓ級特選,1,1,台　和紀,5,4,6,7,2024/02/28 07:03&nbsp;更新
6WBVJpA-uKT9ycVIuSeDZnL_I4m5i95lWWbm8oxf5IYEm2DiHYx2Nr7dVPbAKUgm,20240228,西武園,9,F1,Ｓ級特選,1,1,野中　祐志,4,2,3,5,2024/02/28 07:03&nbsp;更新
6WBVJpA-uKT9ycVIuSeDZrmBat6DwtsXkWJfmQn8gh4O9bgKkRbgtWYX6ht3Vrd4,20240228,西武園,10,F1,Ｓ級特選,1,1,台　和紀,2,7,6,2,2024/02/28 07:03&nbsp;更新
6WBVJpA-uKT9ycVIuSeDZi4OZFzV1WW3fztg7koMO2iT4Lt4PUfTRD6uXQ6uOPvp,20240228,西武園,11,F1,Ａ級決勝,1,1,野中　祐志,5,1,7,1,2024/02/28 07:03&nbsp;更新
6WBVJpA-uKT9ycVIuSeDZl5NrRg5INraRIlxhhIu-iT_553HudZ_y7CUS5oD1Uui,20240228,西武園,12,F1,Ｓ級決勝,1,1,平原　啓多,5,3,6,"2,4",2024/02/28 07:03&nbsp;更新
w57HAKWIMSmn3TMso-iDiznmxKJB9kOxqRUoH1xWGC6H9060W4ibGePyT5Z1eXe9,20240228,佐世保,1,F1,Ａ級予選,1,1,船倉　卓郎,3,4,5,7,2024/02/28 07:03&nbsp;更新
w57HAKWIMSmn3TMso-iDiw7Ya3VM4EF6lucZfiy6GIQ4ukO3_wlkdSCM7loEs_zk,20240228,佐世保,2,F1,Ａ級予選,1,1,松尾　大樹,1,3,5,1,2024/02/28 07:03&nbsp;更新
w57HAKWIMSmn3TMso-iDi1UyEZ8iBAe-K_RBorA9zYwmRyBTOWV8bmwOUsgz91KZ,20240228,佐世保,3,F1,Ａ級予選,1,1,山口　龍也,7,2,3,7,2024/02/28 07:03&nbsp;更新
w57HAKWIMSmn3TMso-iDi4ZQ3p3rFPvFcYDH1xKJdgjJ8dtCihlXZtzIT_tkjcXc,20240228,佐世保,4,F1,Ａ級予選,1,1,船倉　卓郎,1,7,6,2,2024/02/28 07:03&nbsp;更新
w57HAKWIMSmn3TMso-iDi3qChkGc7NTHPbJjkKr1dxG1jDA9LE5tXscu8WAYtAge,20240228,佐世保,5,F1,Ａ級初日特選,1,1,松尾　大樹,5,4,7,4,2024/02/28 07:03&nbsp;更新
w57HAKWIMSmn3TMso-iDi80dzP6Nzl7Hz3Cewu44mwEQy7YrzTY3-tbrOOIWZZ18,20240228,佐世保,6,F1,Ｓ級予選,1,1,山口　龍也,3,4,7,6,2024/02/28 07:03&nbsp;更新
w57HAKWIMSmn3TMso-iDi6fF3CNDb2jiQlgspnc-HhgBXIOV-I5SyIqPm6RT6UVM,20240228,佐世保,7,F1,Ｓ級予選,1,1,阪本　正和,4,3,5,2,2024/02/28 07:03&nbsp;更新
w57HAKWIMSmn3TMso-iDi3E6nhzvjWsvCcsZA1x_OecBRLmoJbrE3nHMnhzHWF2_,20240228,佐世保,8,F1,Ｓ級予選,1,1,井手　健,2,7,4,2,2024/02/28 07:03&nbsp;更新
w57HAKWIMSmn3TMso-iDi-3eROt8vn39LAfzDQ3y-sfVYmTuRp1c3Lwh7aQrVxx5,20240228,佐世保,9,F1,Ｓ級予選,1,1,松尾　大樹,4,3,1,4,2024/02/28 07:03&nbsp;更新
w57HAKWIMSmn3TMso-iDi3n7TTO0csy-640Vu0AtWAlkl7oHZWCQbYKikAIjoYjs,20240228,佐世保,10,F1,Ｓ級予選,1,1,阪本　正和,3,1,4,7,2024/02/28 07:03&nbsp;更新
w57HAKWIMSmn3TMso-iDi3M0o0wNSI1Tu_HmB_Zzz1nF3bNX0Mzhqnq8YdoVDsNP,20240228,佐世保,11,F1,Ｓ級予選,1,1,山口　龍也,1,4,2,7,2024/02/28 07:03&nbsp;更新
w57HAKWIMSmn3TMso-iDi3Eu1Q9_xIOhSKdg02m7mSykJ6cGsI0G9oPsaRyfql35,20240228,佐世保,12,F1,Ｓ級初日特選,1,1,井手　健,5,2,1,4,2024/02/28 07:03&nbsp;更新
40e_64vLzizZus8EyHmUfC6cwYjiWF-8UAwnO7YZzxCZUhQ_ehWobaRRKC0tHU7t,20240228,京王閣,1,F2,Ａ級チャレンジ一般,1,1,永井　隆一,2,1,,,2024/02/28 08:41&nbsp;更新
40e_64vLzizZus8EyHmUfHQ2ECwLL7c8ILwjrNGcIHJtchNLmwkJZCEMx6naHUZa,20240228,京王閣,2,F2,Ａ級チャレンジ一般,1,1,浦山　一栄,7,1,1,,2024/02/28 08:41&nbsp;更新
40e_64vLzizZus8EyHmUfO6Ayp2kOWEK78JMzIEiAXTRdkF0qsyFVxGwY2Q9JRpM,20240228,京王閣,3,F2,Ａ級チャレンジ準決勝,1,1,飯島　亮,7,3,2,6,2024/02/28 08:41&nbsp;更新
40e_64vLzizZus8EyHmUfFXajhPDCzLb8bsadJIugWCtHj3_v0dIuusDLk5ucftQ,20240228,京王閣,4,F2,Ａ級チャレンジ準決勝,1,1,鈴木雄一朗,4,2,2,3,2024/02/28 08:41&nbsp;更新
40e_64vLzizZus8EyHmUfKffwl9QmjFsioXS-pMOCsaIKtK6PoJulmLQ0XC8c5wE,20240228,京王閣,5,F2,Ａ級チャレンジ準決勝,1,1,深井　高志,7,2,5,2,2024/02/28 08:41&nbsp;更新
40e_64vLzizZus8EyHmUfEai2Z7bW0bg1Dx9HLX6_SINEEh2MgfEQ-r7Fa9mpR8j,20240228,京王閣,6,F2,Ｌ級ガールズ予選（第２走）,1,1,鈴木　謙二,4,6,4,6,2024/02/28 08:18&nbsp;更新
40e_64vLzizZus8EyHmUfBHT5Lm6M4hiHALotXtekxWc4-Jjfb6Dz989DvfR0lPG,20240228,京王閣,7,F2,Ｌ級ガールズ予選（第２走）,1,1,永井　隆一,6,1,6,5,2024/02/28 08:18&nbsp;更新
40e_64vLzizZus8EyHmUfCNn3fTBEiEDuH-OXkr8l0A2ehaRbaPCF35GaiQ_eSFf,20240228,京王閣,8,F2,Ａ級特一般,1,1,浦山　一栄,5,4,6,2,2024/02/28 08:41&nbsp;更新
40e_64vLzizZus8EyHmUfNpfPDPBLdnbErZKKweTbODCpzSHEGWsKgcPp0N_U8Xx,20240228,京王閣,9,F2,Ａ級特一般,1,1,飯島　亮,4,2,7,1,2024/02/28 08:41&nbsp;更新
40e_64vLzizZus8EyHmUfHZLkvTHbBaqxoq6SnWgDvNZnkJFsg7VRJF_AlzlhG3x,20240228,京王閣,10,F2,Ａ級準決勝,1,1,鈴木雄一朗,5,3,1,4,2024/02/28 08:41&nbsp;更新
40e_64vLzizZus8EyHmUfK2THpuTEPhWqO7sKfxYtGamsV6-BI7d60RHfld8LxBM,20240228,京王閣,11,F2,Ａ級準決勝,1,1,深井　高志,1,2,7,1,2024/02/28 08:41&nbsp;更新
40e_64vLzizZus8EyHmUfEzgH2FwNncQufaLjfE0hQ200biFwTKKMP637upAY-3h,20240228,京王閣,12,F2,Ａ級準決勝,1,1,鈴木　謙二,1,4,4,2,2024/02/28 08:41&nbsp;更新
qB0b7MkHtkbTo5CbxWit4-MG-FHETXRabeDKmwZxjcwIHVzHomBo6qxH6mhmrbRe,20240228,川崎,1,F2,Ａ級チャレンジ予選,1,1,藤田　和彦,1,2,3,"6,7",2024/02/28 07:03&nbsp;更新
qB0b7MkHtkbTo5CbxWit40MMjZTn3lRoOebjxlRtokCuFejzg1LoZtElVIIwRl_k,20240228,川崎,2,F2,Ａ級チャレンジ予選,1,1,巴　直也,1,2,2,4,2024/02/28 07:03&nbsp;更新
qB0b7MkHtkbTo5CbxWit40Qo6KmQUS2j_s4yuz0gvk3hlA_S4kSZ3bOwTzRA5dBm,20240228,川崎,3,F2,Ａ級チャレンジ予選,1,1,三住　博昭,1,2,2,5,2024/02/28 07:03&nbsp;更新
qB0b7MkHtkbTo5CbxWit42bE2UXeXgFwOTQaGUfvNMkKEZICuSxAeQ8_9iS3h9MB,20240228,川崎,4,F2,Ａ級チャレンジ予選,1,1,藤田　和彦,1,2,1,2,2024/02/28 07:03&nbsp;更新
qB0b7MkHtkbTo5CbxWit4z2a7WZgXmr92ZTsX9WX1qRtESf094B6xoxu--epMp6o,20240228,川崎,5,F2,Ａ級特予選,1,1,巴　直也,1,2,1,2,2024/02/28 07:03&nbsp;更新
qB0b7MkHtkbTo5CbxWit4wC5gxQ3uWgRqYATV3ekAyTdvD2HnX8oaVofEowsG5QI,20240228,川崎,6,F2,Ａ級特予選,1,1,松坂　英司,1,2,3,7,2024/02/28 07:03&nbsp;更新
qB0b7MkHtkbTo5CbxWit42GlV0nkY-JN5UTUQ5lFv2rPKy-LUKzod0YesS69iilV,20240228,川崎,7,F2,Ａ級特予選,1,1,三住　博昭,1,2,7,4,2024/02/28 07:03&nbsp;更新
qB0b7MkHtkbTo5CbxWit49q9yHroM9DpxiI9DLyvwTE1QkWdFXCpBFobWz45q3zw,20240228,川崎,8,F2,Ａ級特予選,1,1,巴　直也,1,2,5,2,2024/02/28 07:03&nbsp;更新
qB0b7MkHtkbTo5CbxWit4ydYsiZUwHKwjoN8eGprU5qVNwZObnC9jEhr7jFF7I4q,20240228,川崎,9,F2,Ａ級初日特選,1,1,松坂　英司,1,2,1,2,2024/02/28 07:03&nbsp;更新
pjpbN8xQZYQT1-bYupLW5zcZ4Wwm3hffzTA9bfuTzppOtk0yYdxNf7YclaKBxSy_,20240228,小田原,1,F2,Ａ級予選,1,1,遠澤　健二,5,1,7,1,2024/02/28 07:03&nbsp;更新
pjpbN8xQZYQT1-bYupLW50_xnDCFtggo3eDPdMgzprXQ-HvX5aMkL8G_K0Jwnz0R,20240228,小田原,2,F2,Ａ級予選,1,1,桐山敬太郎,2,3,4,2,2024/02/28 07:03&nbsp;更新
pjpbN8xQZYQT1-bYupLW51FThy3_9JVPOMShn3RAU_OR2VJL2EU5t08xU0lSvkhv,20240228,小田原,3,F2,Ａ級予選,1,1,中西　司,1,5,2,5,2024/02/28 07:03&nbsp;更新
pjpbN8xQZYQT1-bYupLW54XZ_tiwjZ5_qT2GBWu_XDPjihXFElPbH112QrUHNNvA,20240228,小田原,4,F2,Ａ級予選,1,1,小菅　誠,7,5,1,7,2024/02/28 07:03&nbsp;更新
pjpbN8xQZYQT1-bYupLW5-cuzIrnNPsGTjEppCUbaLmAajvym0U7jdmeUHikU_da,20240228,小田原,5,F2,Ａ級予選,1,1,遠澤　健二,2,4,3,4,2024/02/28 07:03&nbsp;更新
pjpbN8xQZYQT1-bYupLW59JirZ4a8VY6sy4UdgoaqUG5gRIJiLWgcVqg8Q9mo3Jv,20240228,小田原,6,F2,Ａ級予選,1,1,桐山敬太郎,1,7,2,5,2024/02/28 07:03&nbsp;更新
pjpbN8xQZYQT1-bYupLW5zE04DTLAL4WxMTZfYn5BO7n_uAE1up6kzYc4xrNReFn,20240228,小田原,7,F2,Ａ級初日特選,1,1,中西　司,7,1,5,"1,6",2024/02/28 07:03&nbsp;更新
lrrgkIOCNWMkGpMAgnwNNqLvs_JvHMAn_X5WYxH2Zwpm6OfYcoYRSJy9Hn-h953H,20240228,奈良,1,F2,Ａ級チャレンジ予選,1,1,肥後　公允,1,2,3,5,2024/02/28 07:03&nbsp;更新
lrrgkIOCNWMkGpMAgnwNNs5cgy939GmNjNeJxq0guJNfJOTwTaAtVb00VvEvou17,20240228,奈良,2,F2,Ａ級チャレンジ予選,1,1,貴志　修己,1,2,3,1,2024/02/28 07:03&nbsp;更新
lrrgkIOCNWMkGpMAgnwNNtOo_qsB--tl4WACexRnfB5287MDCSZ_1KhpaTSYKSwj,20240228,奈良,3,F2,Ａ級チャレンジ予選,1,1,元砂　海人,1,2,1,4,2024/02/28 07:03&nbsp;更新
lrrgkIOCNWMkGpMAgnwNNvAnkPPdIsLgeUHUGhcyqbqybQ-gGCsKc9f4HryIQQUT,20240228,奈良,4,F2,Ａ級チャレンジ予選,1,1,千原　洋晋,1,2,1,4,2024/02/28 07:03&nbsp;更新
lrrgkIOCNWMkGpMAgnwNNo5ZTuTugnab2HaSkVQ7oMfA0KyNjo46MSqmHWh8LJOd,20240228,奈良,5,F2,Ａ級特予選,1,1,肥後　公允,1,2,2,4,2024/02/28 07:03&nbsp;更新
lrrgkIOCNWMkGpMAgnwNNomSq9SqQ5ajfAiUgsOJ9olZSy_sq-oRQ4jzWSjdTYHX,20240228,奈良,6,F2,Ａ級特予選,1,1,貴志　修己,1,2,1,4,2024/02/28 07:03&nbsp;更新
lrrgkIOCNWMkGpMAgnwNNkduQmGwYsKwEdsoD3v18nCdxbsNg7wKyXm5dBxa7HcH,20240228,奈良,7,F2,Ａ級特予選,1,1,元砂　海人,1,2,1,5,2024/02/28 07:03&nbsp;更新
lrrgkIOCNWMkGpMAgnwNNoZinlv_RVF-uBj_-gjgfGOVHT_C8GjiAOJV2cyPwCvg,20240228,奈良,8,F2,Ａ級特予選,1,1,千原　洋晋,1,2,1,4,2024/02/28 07:03&nbsp;更新
lrrgkIOCNWMkGpMAgnwNNoL_DKHXuADUNRp13mCKYdRwYj1HDNTCJjZh8swm60p8,20240228,奈良,9,F2,Ａ級初日特選,1,1,肥後　公允,1,2,6,3,2024/02/28 07:03&nbsp;更新
rBl6u-PQCfnEApS7lfmOv60tBim0kqhagPlHp5V2ECXfJ5xqAqJ0MD9KyO8HynzS,20240228,向日町,1,F2,Ａ級チャレンジ一般,1,1,佐野　洋継,4,5,3,4,2024/02/28 07:03&nbsp;更新
rBl6u-PQCfnEApS7lfmOv4c-ZNHP-aedDK7J_PnVV0-fRduESPsZ1KHaS2BQYGv4,20240228,向日町,2,F2,Ａ級チャレンジ一般,1,1,薮　謙治,2,5,3,5,2024/02/28 07:03&nbsp;更新
rBl6u-PQCfnEApS7lfmOv049fdFZ_cqeo4CCZhJkEsjVsFvkhk_syEpWmGkhz1R0,20240228,向日町,3,F2,Ａ級チャレンジ準決勝,1,1,藤木　裕,3,7,7,4,2024/02/28 07:03&nbsp;更新
rBl6u-PQCfnEApS7lfmOv8dqLVpXNFILaBtWUInDOK35-G3cUFWrQBt906YXypuw,20240228,向日町,4,F2,Ａ級チャレンジ準決勝,1,1,四宮　哲郎,4,5,4,5,2024/02/28 07:03&nbsp;更新
rBl6u-PQCfnEApS7lfmOv6s9kp8bEGru-4uqwD8e16bapI3CiVpzEWxVMWFYZSiV,20240228,向日町,5,F2,Ａ級チャレンジ準決勝,1,1,南　大輔,7,5,3,7,2024/02/28 07:03&nbsp;更新
rBl6u-PQCfnEApS7lfmOv3-r5dfe7LgMP8XHQsQ3Oqt9zjtNZzT_8lDh1SN_Lkrm,20240228,向日町,6,F2,Ｌ級ガールズ予選（第２走）,1,1,藤木　裕,3,6,3,6,2024/02/28 07:03&nbsp;更新
rBl6u-PQCfnEApS7lfmOvwdGGGJ2CNMX6OZsF1AyIW3rhmOW6D2Dq2uOaTwdrXOc,20240228,向日町,7,F2,Ｌ級ガールズ予選（第２走）,1,1,四宮　哲郎,7,4,2,5,2024/02/28 07:03&nbsp;更新
rBl6u-PQCfnEApS7lfmOv4meD97mYAew5LHtDtkoKi5qqdTOxJ_Hje6kWcRChNuR,20240228,向日町,8,F2,Ａ級特一般,1,1,佐野　洋継,5,7,7,4,2024/02/28 07:03&nbsp;更新
rBl6u-PQCfnEApS7lfmOv7YUyvhn4w7_2JlruB6WqOEtGlZcNl6jCNLQaWlhj8PS,20240228,向日町,9,F2,Ａ級特一般,1,1,薮　謙治,3,1,3,5,2024/02/28 07:03&nbsp;更新
rBl6u-PQCfnEApS7lfmOv9OZd5QS0-JvBTiVWeXmdPf5zYoggwVlAUq0TWn_ZYNA,20240228,向日町,10,F2,Ａ級準決勝,1,1,南　大輔,3,1,6,4,2024/02/28 07:03&nbsp;更新
rBl6u-PQCfnEApS7lfmOv-hSrZ90vsHFNgSlA0ZRapozNuprVeXfJ7u04KtzTlAt,20240228,向日町,11,F2,Ａ級準決勝,1,1,藤木　裕,7,3,1,5,2024/02/28 07:03&nbsp;更新
rBl6u-PQCfnEApS7lfmOv0UlNN6YeF_oRtxInFm1J54qGpkfHrmHsxdbp6yD_OEK,20240228,向日町,12,F2,Ａ級準決勝,1,1,四宮　哲郎,4,7,7,2,2024/02/28 07:03&nbsp;更新
hHQoBSTIFmBY5TBll3-vbh-HeDeWieHAyw02gkeMU-FoKwDeOsOKkeyl_oH5lXSI,20240229,玉野,1,G3,Ｓ級一次予選,1,1,近藤　修康,2,5,1,5,2024/02/29 07:05&nbsp;更新
hHQoBSTIFmBY5TBll3-vbpoSQBnTzZ-BTIxJRb63v-i4UkOMsrB98UewH8SnCaad,20240229,玉野,2,G3,Ｓ級一次予選,1,1,丹波　靖貴,2,7,"3,8",,2024/02/29 07:05&nbsp;更新
hHQoBSTIFmBY5TBll3-vbhmVfuSHgYMQV6vSnyKESRnp-v_jCvkiEzFLU0Uk84Wr,20240229,玉野,3,G3,Ｓ級一次予選,1,1,守谷　陽介,7,3,6,2,2024/02/29 07:05&nbsp;更新
hHQoBSTIFmBY5TBll3-vbuE5FVH6XACZ0P7pzmBBJPUQ-wh6qbE9QWD2oPCUzraL,20240229,玉野,4,G3,Ｓ級一次予選,1,1,峰重祐之介,7,1,2,7,2024/02/29 07:05&nbsp;更新
hHQoBSTIFmBY5TBll3-vbrAZn-0HFicINa3P7edQsDIbyE59Z2Ko1fcju0u5vH2y,20240229,玉野,5,G3,Ｓ級一次予選,1,1,田中　勇二,5,1,1,7,2024/02/29 07:05&nbsp;更新
hHQoBSTIFmBY5TBll3-vbuIzXR4JjwXP2QTaHdHzig5zaea6lrIQYpVrlYH5Ijms,20240229,玉野,6,G3,Ｓ級一次予選,1,1,守谷　陽介,9,2,1,"5,7",2024/02/29 07:05&nbsp;更新
hHQoBSTIFmBY5TBll3-vbpwjvKasrw_rDbb0X4yu6GE5OWgmNOPY7oydshyebxiI,20240229,玉野,7,G3,Ｓ級一次予選,1,1,峰重祐之介,5,3,7,3,2024/02/29 07:05&nbsp;更新
hHQoBSTIFmBY5TBll3-vboouGs1bH9vWZGuyKalcB6avCHUKzZ3GREEsw55gajyw,20240229,玉野,8,G3,Ｓ級一次予選,1,1,近藤　修康,3,2,5,3,2024/02/29 07:05&nbsp;更新
hHQoBSTIFmBY5TBll3-vbuxLeabu3000RDHBLdAgDxv7qd3O2lEQcUB112AKAxlz,20240229,玉野,9,G3,Ｓ級一次予選,1,1,丹波　靖貴,2,5,2,7,2024/02/29 07:05&nbsp;更新
hHQoBSTIFmBY5TBll3-vbnKSxfGtV-Ehdjw7PBTYYKX63vHotgJMJqzO7g2doBrw,20240229,玉野,10,G3,Ｓ級一次予選,1,1,守谷　陽介,5,3,8,1,2024/02/29 07:05&nbsp;更新
hHQoBSTIFmBY5TBll3-vbnLa6zDx6h17mLCL41xGNJbKd5vQX5xafVznV7AWGZdr,20240229,玉野,11,G3,Ｓ級一次予選,1,1,田中　勇二,7,1,7,6,2024/02/29 07:05&nbsp;更新
hHQoBSTIFmBY5TBll3-vbqB3yGA4MPcH6oyo8fEDNeUdZsnYf8z4pLVXjTTTu0rq,20240229,玉野,12,G3,Ｓ級初日特選,1,1,峰重祐之介,5,1,6,7,2024/02/29 07:05&nbsp;更新
w57HAKWIMSmn3TMso-iDi9xMfkd4loa0vsqtEAXu3gFiuU7EET-JcquFNdOWFwgY,20240229,佐世保,1,F1,Ａ級一般,1,1,船倉　卓郎,4,2,3,7,2024/02/29 07:05&nbsp;更新
w57HAKWIMSmn3TMso-iDi9aQmmpBSCbFkbLiNs6jCmcjv_aIGspgV_3v2HPeZnux,20240229,佐世保,2,F1,Ａ級一般,1,1,松尾　大樹,4,5,3,"4,5,6",2024/02/29 07:05&nbsp;更新
w57HAKWIMSmn3TMso-iDi1QrtcPJiAaWVMV1cn9XPgshDhfJtVLgYsIvZXqD4uxt,20240229,佐世保,3,F1,Ａ級準決勝,1,1,山口　龍也,2,1,6,4,2024/02/29 07:05&nbsp;更新
w57HAKWIMSmn3TMso-iDiymMfGzieCZUIYsIeb87SUw4DWwtsOB56VQgN9-fX61w,20240229,佐世保,4,F1,Ａ級準決勝,1,1,井手　健,5,4,7,4,2024/02/29 07:05&nbsp;更新
w57HAKWIMSmn3TMso-iDi-MyCiM5PF8lacMejzkndkQL7ycxTrm9Tx1Rv0dPkLrd,20240229,佐世保,5,F1,Ａ級準決勝,1,1,船倉　卓郎,5,7,6,5,2024/02/29 07:05&nbsp;更新
w57HAKWIMSmn3TMso-iDi_mmyv_2rz7Qq-dkVmCam4pve6QkrHpG2o7px8KWBIWb,20240229,佐世保,6,F1,Ｓ級一般,1,1,松尾　大樹,4,5,4,1,2024/02/29 07:05&nbsp;更新
w57HAKWIMSmn3TMso-iDi0Cj6TIkSEm8zMfBLol9PdryUY9LH5mk2lEpwfMRDn1J,20240229,佐世保,7,F1,Ｓ級一般,1,1,井手　健,7,1,7,2,2024/02/29 07:05&nbsp;更新
w57HAKWIMSmn3TMso-iDi13nV2w_maUb2PAGaT7kwt0oy3aAWvudhML0jOdn7nI0,20240229,佐世保,8,F1,Ｓ級選抜,1,1,阪本　正和,2,7,6,5,2024/02/29 07:05&nbsp;更新
w57HAKWIMSmn3TMso-iDi6d5QYimKWkH4Bar1_rPIUvaGyzGaBi2widhPrQiSIHc,20240229,佐世保,9,F1,Ｓ級選抜,1,1,松尾　大樹,7,2,"1,2",,2024/02/29 07:05&nbsp;更新
w57HAKWIMSmn3TMso-iDizPcVkcQEiSUyfnf13te9IoFGgs5QKCjdyFu6zuJT2xt,20240229,佐世保,10,F1,Ｓ級準決勝,1,1,山口　龍也,2,1,7,6,2024/02/29 07:05&nbsp;更新
w57HAKWIMSmn3TMso-iDi7I7NnNTdwt9_6uMAegnQ5mAbwOfikyRab8XXI7lLX1K,20240229,佐世保,11,F1,Ｓ級準決勝,1,1,井手　健,5,2,2,3,2024/02/29 07:05&nbsp;更新
w57HAKWIMSmn3TMso-iDi9mxKXFUrMM5AHYC1UmhGZcxWE6qDMFLg-rfWza7gDL8,20240229,佐世保,12,F1,Ｓ級準決勝,1,1,阪本　正和,1,4,4,6,2024/02/29 07:05&nbsp;更新
40e_64vLzizZus8EyHmUfD1nNBtPgAfauwPwLHTAj4U7xh8ineenr-wX7PLt14te,20240229,京王閣,1,F2,Ａ級チャレンジ一般,1,1,永井　隆一,4,1,1,,2024/02/29 09:19&nbsp;更新
40e_64vLzizZus8EyHmUfKSkqf9g-Lgs-r29dybX9WFFgBZPgqBsLDgTV8JxANij,20240229,京王閣,2,F2,Ａ級チャレンジ一般,1,1,浦山　一栄,3,2,7,,2024/02/29 09:19&nbsp;更新
40e_64vLzizZus8EyHmUfGsGE8s3Yw-7zIPO_p8uSvq9-dNHfLRqWiuFQm4iom3j,20240229,京王閣,3,F2,Ａ級チャレンジ選抜,1,1,飯島　亮,2,1,3,5,2024/02/29 09:19&nbsp;更新
40e_64vLzizZus8EyHmUfL2eECrCwpIdrGxMiicnHJkgzpGyjAHyGCGDb-DG1i83,20240229,京王閣,4,F2,Ａ級チャレンジ選抜,1,1,鈴木雄一朗,1,4,1,6,2024/02/29 09:19&nbsp;更新
40e_64vLzizZus8EyHmUfOemWhCLMct_xLF0JTrLFifPZNZKGSnPQUgquOo6qlZk,20240229,京王閣,5,F2,Ｌ級ガールズ一般,1,1,鈴木　謙二,6,4,1,"5,7",2024/02/29 09:10&nbsp;更新
40e_64vLzizZus8EyHmUfODPC6wHqJuFNuzhKeuYLNjWugfWo9PiPOUqiXemPoix,20240229,京王閣,6,F2,Ａ級特一般,1,1,深井　高志,3,1,5,1,2024/02/29 09:19&nbsp;更新
40e_64vLzizZus8EyHmUfN92UONSqf8xHNUzy2SMjA98svTUcazFX0nEqwx6LIHC,20240229,京王閣,7,F2,Ａ級特一般,1,1,浦山　一栄,1,5,6,4,2024/02/29 14:15&nbsp;更新
40e_64vLzizZus8EyHmUfFCcG7KIaOdWU33xsVVOI1ntxWBCcAO_t5XQ3z-Fcpo1,20240229,京王閣,8,F2,Ａ級チャレンジ決勝,1,1,飯島　亮,5,3,1,7,2024/02/29 09:19&nbsp;更新
40e_64vLzizZus8EyHmUfMGrngfQ8d83kv3S9JT6heTyjq5C-gwrpqWgNbh1NXdB,20240229,京王閣,9,F2,Ｌ級ガールズ決勝,1,1,永井　隆一,5,6,1,5,2024/02/29 09:10&nbsp;更新
40e_64vLzizZus8EyHmUfPBd5m4r7NLbVjeZuHeYzHdw_65oIk8aT-5JvKQ-QZ6C,20240229,京王閣,10,F2,Ａ級特選,1,1,鈴木雄一朗,1,3,2,7,2024/02/29 09:19&nbsp;更新
40e_64vLzizZus8EyHmUfHg-0WIhGJMWgnMk3SAL-2IqN2L4Qed8vGTyXoUyiy9v,20240229,京王閣,11,F2,Ａ級特選,1,1,深井　高志,1,2,1,3,2024/02/29 09:19&nbsp;更新
40e_64vLzizZus8EyHmUfKJ0xql7XgQY8v9OVODAc1X0io8hldNpqmPTVfdUW11-,20240229,京王閣,12,F2,Ａ級決勝,1,1,鈴木　謙二,5,4,2,6,2024/02/29 09:19&nbsp;更新
qB0b7MkHtkbTo5CbxWit4_rcaZnqsLTKKveR4nexjdivFSHXdfbNwMLXlG16ksgE,20240229,川崎,1,F2,Ａ級チャレンジ一般,1,1,巴　直也,1,2,3,4,2024/02/29 07:05&nbsp;更新
qB0b7MkHtkbTo5CbxWit4720uJvtCTP06X7z36tn9vxHHmMlF6JDRGDJVfXvIX2M,20240229,川崎,2,F2,Ａ級チャレンジ一般,1,1,藤田　和彦,1,2,7,"1,5",2024/02/29 07:05&nbsp;更新
qB0b7MkHtkbTo5CbxWit40rcZDg9zP_ItKj_E-LYql1ISDPrIIP_QgQP83EnLSR0,20240229,川崎,3,F2,Ａ級チャレンジ準決勝,1,1,三住　博昭,1,2,5,2,2024/02/29 07:05&nbsp;更新
qB0b7MkHtkbTo5CbxWit42avnTqf5rbx7Y-zcJ34FlvmmaD5AstGw6XE3ZyaRwUH,20240229,川崎,4,F2,Ａ級チャレンジ準決勝,1,1,松坂　英司,1,2,3,2,2024/02/29 07:05&nbsp;更新
qB0b7MkHtkbTo5CbxWit46XRjcpYgN8sUk-yyWs44CqbDYdtGHXkpY-zox2wBMtg,20240229,川崎,5,F2,Ａ級特一般,1,1,藤田　和彦,1,2,3,4,2024/02/29 07:05&nbsp;更新
qB0b7MkHtkbTo5CbxWit44o-qCr4rYegoiTAZC7mMlRUgYA1sGUgkGBOgRoIbc8W,20240229,川崎,6,F2,Ａ級特一般,1,1,三住　博昭,1,2,7,2,2024/02/29 07:05&nbsp;更新
qB0b7MkHtkbTo5CbxWit4-vWA883Ek275ZDKYUQwgDN4fcRKQ8j8bfWAuDiFu12t,20240229,川崎,7,F2,Ａ級準決勝,1,1,巴　直也,1,2,6,4,2024/02/29 07:05&nbsp;更新
qB0b7MkHtkbTo5CbxWit48k3GyqpQZ_y-ggFpXfNvARNWzgSyZMOUZk_sj9RiApT,20240229,川崎,8,F2,Ａ級準決勝,1,1,松坂　英司,1,2,4,1,2024/02/29 07:05&nbsp;更新
qB0b7MkHtkbTo5CbxWit4wBWtqyf8yy_02XG3urhNfm8JXLifzCiH2KYnnFVXzQO,20240229,川崎,9,F2,Ａ級準決勝,1,1,三住　博昭,1,2,4,7,2024/02/29 07:05&nbsp;更新
pjpbN8xQZYQT1-bYupLW5zi8R7Ip3hgpkoJniyltI6Gg-tqWxW6w6-r2DXm9Udhw,20240229,小田原,1,F2,Ａ級一般,1,1,小菅　誠,4,1,1,3,2024/02/29 07:05&nbsp;更新
pjpbN8xQZYQT1-bYupLW563IImxfkm4c--Ecl6PQ_l8VzinkqhV9p2XoGKb0xzBY,20240229,小田原,2,F2,Ａ級一般,1,1,桐山敬太郎,3,7,3,1,2024/02/29 07:05&nbsp;更新
pjpbN8xQZYQT1-bYupLW57EjM3okfZbXN7QzWKk6Ylu9GWTC5uBohdvYuu7Ezi27,20240229,小田原,3,F2,Ａ級選抜,1,1,中西　司,1,5,1,4,2024/02/29 07:05&nbsp;更新
pjpbN8xQZYQT1-bYupLW5-kq3kxDOu7VoE4aZxJIeIH9OAusqKMbZjfnvXZ9-vrL,20240229,小田原,4,F2,Ａ級選抜,1,1,遠澤　健二,2,1,2,,2024/02/29 07:05&nbsp;更新
pjpbN8xQZYQT1-bYupLW58VaGEIdChJ3mqWUdOVnwWnNypFUxmfDbP1ZuvE14JAp,20240229,小田原,5,F2,Ａ級準決勝,1,1,小菅　誠,7,1,"2,3",,2024/02/29 07:05&nbsp;更新
pjpbN8xQZYQT1-bYupLW5ybbtYQ8Un5APzKBTbnes4JCvpROPUQ4nX7MesocDLcW,20240229,小田原,6,F2,Ａ級準決勝,1,1,中西　司,4,1,5,3,2024/02/29 07:05&nbsp;更新
pjpbN8xQZYQT1-bYupLW5yZOSrjFtqZhgT2k9bV9upeYAcXJal6HhYe9I8P-oHZ4,20240229,小田原,7,F2,Ａ級準決勝,1,1,桐山敬太郎,1,2,6,1,2024/02/29 07:05&nbsp;更新
lrrgkIOCNWMkGpMAgnwNNou-wniFe54t8fnYafYW2xQBuUBwe3NXpBB389sfyuRN,20240229,奈良,1,F2,Ａ級チャレンジ一般,1,1,肥後　公允,1,2,2,6,2024/02/29 12:13&nbsp;更新
lrrgkIOCNWMkGpMAgnwNNgCpdOfVLxCpK5w2T4x9lGn4__cvjSkPEwlBYfAS0O-S,20240229,奈良,2,F2,Ａ級チャレンジ一般,1,1,貴志　修己,1,2,2,4,2024/02/29 12:13&nbsp;更新
lrrgkIOCNWMkGpMAgnwNNpkdR9Z2c7WCURsDZoxAsOwWBG051KrttgC1GiBwzN0B,20240229,奈良,3,F2,Ａ級チャレンジ準決勝,1,1,元砂　海人,1,2,5,2,2024/02/29 12:13&nbsp;更新
lrrgkIOCNWMkGpMAgnwNNgqTnRkgT5GgTXbiANazzDPeM8mqSsjYDkNpmBRACal1,20240229,奈良,4,F2,Ａ級チャレンジ準決勝,1,1,千原　洋晋,1,2,4,1,2024/02/29 12:13&nbsp;更新
lrrgkIOCNWMkGpMAgnwNNr3Y5gOVovNKy1RwyhTF9F1qs-axTYjuOaZHe839MogU,20240229,奈良,5,F2,Ａ級特一般,1,1,肥後　公允,1,2,7,2,2024/02/29 12:13&nbsp;更新
lrrgkIOCNWMkGpMAgnwNNjVbyCpRiWzvLeTJK0XPSdBemghPa2kCNsjYH9yfwDRW,20240229,奈良,6,F2,Ａ級特一般,1,1,貴志　修己,1,2,1,2,2024/02/29 12:13&nbsp;更新
lrrgkIOCNWMkGpMAgnwNNoeB5uPLZwWaDtMDE_aKkuaBwzXnsSRUGRiKCeuzdt8Q,20240229,奈良,7,F2,Ａ級準決勝,1,1,元砂　海人,1,2,2,1,2024/02/29 12:13&nbsp;更新
lrrgkIOCNWMkGpMAgnwNNu2m5RTEZ_aQZNAj8ZBytIwIndL7tmPdF-6p5uwUlGdT,20240229,奈良,8,F2,Ａ級準決勝,1,1,千原　洋晋,1,2,5,4,2024/02/29 12:13&nbsp;更新
lrrgkIOCNWMkGpMAgnwNNpH0zabbYHNjP4Te_ubtTMkjjyGN2FKz7a_-y9AgOuDP,20240229,奈良,9,F2,Ａ級準決勝,1,1,肥後　公允,1,2,2,5,2024/02/29 12:13&nbsp;更新
rBl6u-PQCfnEApS7lfmOv0UisLSU3UWXPeDS33j0ePYo2rQ_xqq308QYNYdtI6Ff,20240229,向日町,1,F2,Ａ級チャレンジ一般,1,1,佐野　洋継,3,2,4,2,2024/02/29 07:05&nbsp;更新
rBl6u-PQCfnEApS7lfmOv9E8wEb9DRCsOP-gJByaQcRuyVMZYuDy1U1n70w2pwGu,20240229,向日町,2,F2,Ａ級チャレンジ一般,1,1,薮　謙治,1,5,5,,2024/02/29 07:05&nbsp;更新
rBl6u-PQCfnEApS7lfmOvx7UZ9D1omtp_tLyGcZgV6D3NZGjBi700Zf_aasP6YX5,20240229,向日町,3,F2,Ａ級チャレンジ選抜,1,1,藤木　裕,2,1,1,6,2024/02/29 07:05&nbsp;更新
rBl6u-PQCfnEApS7lfmOv-71VeDv1GrDZR4hQUegt7bhmrNV3dERyVSs7LmnjQVX,20240229,向日町,4,F2,Ａ級チャレンジ選抜,1,1,四宮　哲郎,1,2,4,7,2024/02/29 07:05&nbsp;更新
rBl6u-PQCfnEApS7lfmOv8SLGC1UIROgQcuR1M8-3rYlL5f85KJW13kupvSeHXFW,20240229,向日町,5,F2,Ａ級特一般,1,1,南　大輔,3,2,7,1,2024/02/29 07:05&nbsp;更新
rBl6u-PQCfnEApS7lfmOvzDPvCI1dLssR8TL6I-_Ae47V74UklLEGXV7CTGqiR4A,20240229,向日町,6,F2,Ａ級特一般,1,1,藤木　裕,3,4,4,1,2024/02/29 07:05&nbsp;更新
rBl6u-PQCfnEApS7lfmOvx-4vmI6jVyS44kVqqXbyhHtpg31cRn58DXn9yg_vMs7,20240229,向日町,7,F2,Ｌ級ガールズ一般,1,1,佐野　洋継,1,3,1,5,2024/02/29 07:05&nbsp;更新
rBl6u-PQCfnEApS7lfmOv6LO03lJiN1ggwa9xBRG7GqUmIOELAsbbDDh0p3aFHum,20240229,向日町,8,F2,Ａ級特選,1,1,四宮　哲郎,4,7,7,"1,5",2024/02/29 07:05&nbsp;更新
rBl6u-PQCfnEApS7lfmOv7fj4T2OIJ9XH8uzJA2MU1t0_cEElGgPb4cgE2M0Zo6f,20240229,向日町,9,F2,Ａ級特選,1,1,藤木　裕,2,5,5,1,2024/02/29 07:05&nbsp;更新
rBl6u-PQCfnEApS7lfmOv0FRLvVZAEnA9TSUznnJByxP-L2oeb63h9Y9DMkZKCL7,20240229,向日町,10,F2,Ａ級チャレンジ決勝,1,1,南　大輔,1,2,2,3,2024/02/29 07:05&nbsp;更新
rBl6u-PQCfnEApS7lfmOv2MQxL-sLyaNsR_oOt4AiysEUtp2v1pa1zuvRGK-EIdW,20240229,向日町,11,F2,Ｌ級ガールズ決勝,1,1,薮　謙治,1,2,2,"3,5",2024/02/29 07:05&nbsp;更新
rBl6u-PQCfnEApS7lfmOv81yH6mgZ_7N7K4eihgTOWYpvQXMYsPhEZZ84EC0uti5,20240229,向日町,12,F2,Ａ級決勝,1,1,四宮　哲郎,7,4,"1,6",,2024/02/29 07:05&nbsp;更新
