﻿category,grade,kaisai_name,keirin_cd,meeting_icon,pos1_car_no,pos1_decision,pos1_name,pos1_region,pos2_car_no,pos2_decision,pos2_name,pos2_region,pos3_car_no,pos3_decision,pos3_name,pos3_region,quinella,quinella_payout,quinella_popularity,race_date,race_no,track,trifecta,trifecta_payout,trifecta_popularity
Ｓ級一般,G3,,86,3,5,差し,開坂　秀明,青　森,8,捲り,猪狩　祐樹,福　島,9,,青井　賢治,徳　島,5-8,"4,340円",(15),20240727,1R,別府,5-8-9,"37,230円",(114)
Ｓ級一般,G3,,86,3,1,差し,金子　真也,群　馬,9,逃げ,鈴木　陸来,静　岡,2,,山内　卓也,愛　知,1-9,"11,380円",(36),20240727,2R,別府,1-9-2,"80,730円",(229)
Ｓ級一般,G3,,86,3,9,差し,竹山　陵太,宮　城,5,差し,栗田　貴徳,愛　媛,7,,小笠原　光,岩　手,9-5,"4,040円",(16),20240727,3R,別府,9-5-7,"22,500円",(67)
Ｓ級選抜,G3,,86,3,3,捲り,嵯峨昇喜郎,青　森,1,差し,立部　楓真,佐　賀,6,,林　昌幸,愛　媛,3-1,"2,580円",(11),20240727,4R,別府,3-1-6,"39,780円",(112)
Ｓ級選抜,G3,,86,3,5,差し,保科　千春,宮　城,7,差し,渡部　哲男,愛　媛,8,,木村　弘,青　森,5-7,"12,730円",(32),20240727,5R,別府,5-7-8,"52,790円",(151)
Ｓ級選抜,G3,,86,3,9,差し,香川　雄介,香　川,7,逃げ,真鍋　顕汰,三　重,2,,畑段　嵐士,京　都,9-7,"3,420円",(11),20240727,6R,別府,9-7-2,"12,190円",(38)
Ｓ級特選,G3,,86,3,7,差し,田中　誠,福　岡,5,差し,大塚　玲,神奈川,2,,池野　健太,兵　庫,7-5,"13,060円",(37),20240727,7R,別府,7-5-2,"195,180円",(318)
Ｓ級特選,G3,,86,3,5,捲り,山口　拳矢,岐　阜,3,捲り,佐々木　豪,愛　媛,9,,小川　丈太,徳　島,5-3,830円,(4),20240727,9R,別府,5-3-9,"2,470円",(5)
Ｓ級準決勝,G3,,86,3,9,差し,阿部　将大,大　分,7,差し,浅井　康太,三　重,1,,伊藤　颯馬,沖　縄,9-7,480円,(2),20240727,10R,別府,9-7-1,"1,690円",(3)
Ｓ級準決勝,G3,,86,3,9,差し,岩津　裕介,岡　山,1,差し,松浦　悠士,広　島,3,,武藤　龍生,埼　玉,9-1,910円,(2),20240727,11R,別府,9-1-3,"4,360円",(8)
Ｓ級準決勝,G3,,86,3,1,差し,古性　優作,大　阪,4,捲り,中釜　章成,大　阪,3,,松谷　秀幸,神奈川,1-4,660円,(2),20240727,12R,別府,1-4-3,"5,890円",(15)
Ａ級予選,F1,,55,1,2,差し,高橋　泰裕,埼　玉,7,逃げ,寺沼　伊織,東　京,3,,竹澤　雅也,福　井,2-7,740円,(4),20240727,1R,和歌山,2-7-3,"3,540円",(13)
Ａ級予選,F1,,55,1,2,捲り,堺　文人,和歌山,5,逃げ,梅田加津也,神奈川,1,,杉浦　康一,北海道,2-5,"2,900円",(9),20240727,2R,和歌山,2-5-1,"29,400円",(49)
Ａ級予選,F1,,55,1,6,捲り,緑川　修平,福　島,1,差し,布居　寛幸,和歌山,2,,榎本　光男,静　岡,6-1,"4,670円",(10),20240727,3R,和歌山,6-1-2,"46,910円",(69)
Ａ級予選,F1,,55,1,7,捲り,門脇　翼,秋　田,1,マーク,三ッ井　武,神奈川,3,,新井　剛央,埼　玉,7-1,"3,100円",(10),20240727,4R,和歌山,7-1-3,"9,650円",(27)
Ａ級初日特選,F1,,55,1,4,捲り,小原丈一郎,青　森,5,差し,鈴木謙太郎,茨　城,2,,水谷　好宏,大　阪,4-5,"1,920円",(9),20240727,5R,和歌山,4-5-2,"14,630円",(61)
Ｓ級予選,F1,,55,1,7,捲り,高橋　和也,愛　知,4,差し,芦澤　大輔,茨　城,3,,吉田　昌司,茨　城,7-4,"1,730円",(7),20240727,6R,和歌山,7-4-3,"11,730円",(32)
Ｓ級予選,F1,,55,1,5,逃げ,木村　佑来,宮　城,4,マーク,萩原　孝之,静　岡,3,,江守　昇,千　葉,5-4,530円,(2),20240727,7R,和歌山,5-4-3,"1,030円",(2)
Ｓ級予選,F1,,55,1,3,差し,尾形　鉄馬,宮　城,4,捲り,坂本　紘規,青　森,2,,近藤　俊明,神奈川,3-4,320円,(1),20240727,8R,和歌山,3-4-2,"1,050円",(2)
Ｓ級予選,F1,,55,1,2,差し,松坂　洋平,神奈川,5,捲り,高久保雄介,京　都,1,,澤田　義和,兵　庫,2-5,"1,270円",(3),20240727,9R,和歌山,2-5-1,"4,260円",(10)
Ｓ級予選,F1,,55,1,7,差し,佐藤　一伸,福　島,2,捲り,谷　和也,大　阪,5,,佐藤　和也,青　森,7-2,810円,(3),20240727,10R,和歌山,7-2-5,"1,870円",(5)
Ｓ級予選,F1,,55,1,4,差し,古賀　勝大,和歌山,2,差し,石毛　克幸,千　葉,1,,貴志　修己,和歌山,4-2,"3,670円",(11),20240727,11R,和歌山,4-2-1,"6,950円",(20)
Ｓ級初日特選,F1,,55,1,1,差し,守澤　太志,秋　田,2,差し,南　修二,大　阪,5,,石塚輪太郎,和歌山,1-2,620円,(1),20240727,12R,和歌山,1-2-5,"4,040円",(9)
Ａ級一般,F1,,61,1,1,差し,芳野　匠,愛　媛,7,捲り,木村　浩宣,香　川,5,,林　成人,愛　媛,1-7,390円,(1),20240727,1R,玉野,1-7-5,560円,(1)
Ａ級一般,F1,,61,1,6,捲り,立石　拓也,福　岡,2,捲り,松下　綾馬,岡　山,7,,在本　直樹,岡　山,6-2,"4,700円",(15),20240727,2R,玉野,6-2-7,"12,770円",(34)
Ａ級特選,F1,,61,1,5,差し,浦川　尊明,茨　城,2,逃げ,柿本　大貴,東　京,3,,赤井　学,千　葉,5-2,290円,(1),20240727,3R,玉野,5-2-3,440円,(1)
Ａ級特選,F1,,61,1,7,差し,榊原　洋,岡　山,2,捲り,宗崎　世連,高　知,6,,藤田　竜矢,埼　玉,7-2,970円,(3),20240727,4R,玉野,7-2-6,"8,390円",(21)
Ｓ級一般,F1,,61,1,4,捲り,畝木　聖,岡　山,5,マーク,瀬戸　晋作,長　崎,6,,吉松　直人,高　知,4-5,"1,780円",(6),20240727,5R,玉野,4-5-6,"22,170円",(82)
Ｓ級一般,F1,,61,1,1,差し,坂本　修一,岡　山,3,マーク,大崎飛雄馬,愛　媛,4,,昼田　達哉,岡　山,1-3,540円,(2),20240727,6R,玉野,1-3-4,970円,(2)
Ｓ級一般,F1,,61,1,1,差し,関　貴之,茨　城,7,差し,山本　拳也,高　知,5,,小島　歩,神奈川,1-7,"4,460円",(16),20240727,7R,玉野,1-7-5,"15,300円",(51)
Ｓ級特選,F1,,61,1,2,差し,山口　貴弘,佐　賀,4,逃げ,平尾　一晃,長　崎,3,,宿口　潤平,埼　玉,2-4,650円,(1),20240727,8R,玉野,2-4-3,"1,600円",(1)
Ｓ級特選,F1,,61,1,3,差し,月森　亮輔,岡　山,6,差し,小林　圭介,茨　城,4,,武田　豊樹,茨　城,3-6,"13,780円",(34),20240727,9R,玉野,3-6-4,"60,560円",(139)
Ｓ級特選,F1,,61,1,4,差し,大西　祐,愛　媛,7,マーク,桑名　僚也,埼　玉,5,,佐々木　龍,神奈川,4-7,"9,910円",(26),20240727,10R,玉野,4-7-5,"33,160円",(93)
Ａ級決勝,F1,,61,1,6,差し,佐伯　辰哉,広　島,5,差し,近藤　修康,岡　山,4,,須藤　誠,千　葉,6-5,"27,970円",(40),20240727,11R,玉野,6-5-4,"136,010円",(191)
Ｓ級決勝,F1,,61,1,2,捲り,片岡　迪之,岡　山,7,差し,山形　一気,徳　島,5,,久米　良,徳　島,2-7,"4,520円",(15),20240727,12R,玉野,2-7-5,"11,990円",(34)
Ａ級チャレンジ一般,F2,,12,1,7,差し,玉木　英典,北海道,1,逃げ,渡邉　正人,福　島,5,,亀井　宏佳,宮　城,7-1,480円,(2),20240727,1R,青森,7-1-5,540円,(2)
Ａ級チャレンジ一般,F2,,12,1,3,逃げ,織茂雄一郎,山　梨,4,マーク,茂木　和臣,埼　玉,7,,栗原　稔貴,栃　木,3-4,350円,(1),20240727,2R,青森,3-4-7,630円,(1)
Ａ級チャレンジ準決勝,F2,,12,1,1,逃げ,横田　政直,群　馬,5,マーク,櫻井　紀幸,群　馬,7,,奈良　基,宮　城,1-5,870円,(5),20240727,3R,青森,1-5-7,"4,050円",(15)
Ａ級チャレンジ準決勝,F2,,12,1,2,逃げ,福田　健太,宮　城,4,マーク,櫻井　利之,神奈川,7,,渡辺　聖,神奈川,2-4,"1,030円",(4),20240727,4R,青森,2-4-7,"1,380円",(3)
Ａ級チャレンジ準決勝,F2,,12,1,4,逃げ,中石　湊,北海道,1,マーク,煤賀　隆幸,秋　田,6,,田崎良太郎,福　島,4-1,160円,(1),20240727,5R,青森,4-1-6,330円,(1)
Ｌ級ガールズ予選（第２走）,F2,,12,1,5,捲り,山口　真未,静　岡,2,マーク,鈴木　奈央,静　岡,4,,高橋　朋恵,東　京,5-2,430円,(2),20240727,6R,青森,5-2-4,"1,830円",(5)
Ｌ級ガールズ予選（第２走）,F2,,12,1,1,差し,小林　莉子,東　京,7,捲り,吉岡　詩織,広　島,5,,加藤　舞,沖　縄,1-7,220円,(1),20240727,7R,青森,1-7-5,"2,540円",(9)
Ａ級特一般,F2,,12,1,7,差し,大西　健士,神奈川,1,逃げ,佐藤　啓斗,青　森,4,,楢原　由将,福　岡,7-1,"1,900円",(6),20240727,8R,青森,7-1-4,"11,540円",(37)
Ａ級特一般,F2,,12,1,1,差し,松尾　玄太,佐　賀,5,マーク,内藤　敦,岡　山,7,,阿部　功,高　知,1-5,"6,820円",(14),20240727,9R,青森,1-5-7,"145,640円",(138)
Ａ級準決勝,F2,,12,1,3,差し,今井　聡,東　京,6,マーク,小宮　剛,東　京,4,,能代谷　元,神奈川,3-6,"4,610円",(15),20240727,10R,青森,3-6-4,"26,100円",(62)
Ａ級準決勝,F2,,12,1,6,捲り,依田　翔大,山　梨,3,マーク,川口　満宏,東　京,1,,森山　智徳,熊　本,6-3,"1,540円",(5),20240727,11R,青森,6-3-1,"7,290円",(23)
Ａ級準決勝,F2,,12,1,2,差し,佐々木翔一,佐　賀,7,差し,小川将二郎,徳　島,1,,田口　勇介,秋　田,2-7,"2,870円",(8),20240727,12R,青森,2-7-1,"5,120円",(26)
Ａ級一般,F2,,13,5,1,差し,白石　大輔,福　島,4,差し,塚本　和宏,栃　木,3,,田中　誇士,静　岡,1-4,"3,340円",(7),20240727,1R,いわき平,1-4-3,"15,040円",(29)
Ａ級一般,F2,,13,5,6,逃げ,菅田　和宏,宮　城,2,差し,山口　慎吾,北海道,7,,鈴木　裕斗,宮　城,6-2,760円,(1),20240727,2R,いわき平,6-2-7,"3,020円",(5)
Ａ級一般,F2,,13,5,4,差し,辻　力,石　川,2,逃げ,山崎　晃,石　川,1,,赤塚　悠人,山　形,4-2,970円,(3),20240727,3R,いわき平,4-2-1,"3,840円",(13)
Ａ級特選,F2,,13,5,3,捲り,奥出　良,石　川,1,マーク,篠原　忍,愛　知,4,,吉竹　尚城,静　岡,3-1,800円,(2),20240727,4R,いわき平,3-1-4,"2,390円",(5)
Ａ級特選,F2,,13,5,7,捲り,布居　大地,和歌山,3,マーク,菅谷　隆司,東　京,1,,大洞　翔平,岐　阜,7-3,"3,840円",(16),20240727,5R,いわき平,7-3-1,"12,340円",(48)
Ａ級特選,F2,,13,5,5,差し,梅山　英樹,群　馬,4,逃げ,根藤　浩二,千　葉,6,,牛田樹希斗,愛　知,5-4,"3,040円",(10),20240727,6R,いわき平,5-4-6,"46,080円",(100)
Ａ級決勝,F2,,13,5,2,捲り,橋本　智昭,宮　城,5,マーク,長谷部　翔,静　岡,1,,梁島　邦友,茨　城,2-5,580円,(1),20240727,7R,いわき平,2-5-1,"3,260円",(5)
Ａ級チャレンジ予選,F2,,36,8,1,逃げ,岡部　陸斗,栃　木,5,マーク,川上真二郎,新　潟,4,,小塚　潤,愛　知,1-5,130円,(1),20240727,1R,小田原,1-5-4,890円,(2)
Ａ級チャレンジ予選,F2,,36,8,2,逃げ,山下　祐輔,千　葉,7,マーク,宮倉　勇,千　葉,3,,真船　拓磨,福　島,2-7,140円,(1),20240727,2R,小田原,2-7-3,"2,180円",(5)
Ａ級チャレンジ予選,F2,,36,8,3,捲り,助川翔太郎,埼　玉,4,マーク,黒田　篤,栃　木,6,,村松　俊弥,山　梨,3-4,240円,(1),20240727,3R,小田原,3-4-6,580円,(1)
Ａ級チャレンジ予選,F2,,36,8,4,逃げ,齊藤英伊須,青　森,6,マーク,渡辺福太郎,神奈川,2,,小林　宏年,静　岡,4-6,"2,140円",(5),20240727,4R,小田原,4-6-2,"6,170円",(16)
Ａ級チャレンジ予選,F2,,36,8,5,捲り,岩井　芯,岐　阜,1,マーク,塚本　貴雄,岐　阜,3,,齋藤　和也,福　島,5-1,120円,(1),20240727,5R,小田原,5-1-3,160円,(1)
Ｌ級ガールズ予選（第１走）,F2,,36,8,1,差し,板根　茜弥,東　京,4,逃げ,岡本　二菜,東　京,2,,西脇美唯奈,愛　知,1-4,"5,540円",(13),20240727,6R,小田原,1-4-2,"25,410円",(43)
Ｌ級ガールズ予選（第１走）,F2,,36,8,1,捲り,田中　まい,千　葉,7,捲り,鈴木　美教,静　岡,5,,元砂七夕美,奈　良,1-7,"2,000円",(8),20240727,7R,小田原,1-7-5,"5,700円",(20)
Ａ級チャレンジ一般,F2,,45,1,2,逃げ,岡田　大門,愛　知,1,マーク,太田　良政,岡　山,4,,服部　克久,熊　本,2-1,580円,(1),20240727,1R,豊橋,2-1-4,"1,090円",(1)
Ａ級チャレンジ一般,F2,,45,1,5,捲り,井坂　泰誓,大　阪,6,逃げ,永田　隼一,福　岡,2,,富永　昌久,佐　賀,5-6,"1,000円",(5),20240727,2R,豊橋,5-6-2,"1,980円",(8)
Ａ級チャレンジ選抜,F2,,45,1,4,捲り,岡崎　昭次,愛　媛,6,マーク,川本　隆史,岡　山,7,,杉山　正和,三　重,4-6,"13,170円",(28),20240727,3R,豊橋,4-6-7,"72,040円",(118)
Ａ級チャレンジ選抜,F2,,45,1,4,差し,鳥丸　晃順,岡　山,5,差し,高嶋　一朗,岡　山,2,,友永　龍介,山　口,4-5,"19,950円",(24),20240727,4R,豊橋,4-5-2,"49,460円",(73)
Ｌ級ガールズ一般,F2,,45,1,5,捲り,又多　風緑,石　川,2,逃げ,渡口まりあ,山　口,6,,宮地　寧々,岐　阜,5-2,"1,250円",(6),20240727,5R,豊橋,5-2-6,"5,420円",(19)
Ａ級特一般,F2,,45,1,5,逃げ,飯塚　隼人,佐　賀,1,マーク,川又　裕樹,鹿児島,6,,山田　祥明,岐　阜,5-1,990円,(3),20240727,6R,豊橋,5-1-6,"1,390円",(3)
Ａ級特一般,F2,,45,1,2,差し,土井　勲,岡　山,1,逃げ,伊藤　成紀,大　阪,4,,小川　大地,愛　知,2-1,"3,630円",(7),20240727,7R,豊橋,2-1-4,"13,640円",(20)
Ａ級特選,F2,,45,1,4,差し,小川　将人,愛　知,6,逃げ,下沖　功児,宮　崎,5,,藤原　悠斗,岡　山,4-6,790円,(3),20240727,8R,豊橋,4-6-5,"8,580円",(21)
Ａ級特選,F2,,45,1,2,逃げ,境　啓亨,熊　本,3,差し,中石　昌芳,広　島,1,,伊原　弘幸,福　井,2-3,"1,510円",(6),20240727,9R,豊橋,2-3-1,"4,630円",(11)
Ａ級チャレンジ決勝,F2,,45,1,5,捲り,志田愛希飛,富　山,7,捲り,松本　定,福　岡,1,,佐藤　大地,三　重,5-7,570円,(2),20240727,10R,豊橋,5-7-1,"1,370円",(3)
Ｌ級ガールズ決勝,F2,,45,1,1,捲り,中野　咲,愛　知,7,マーク,豊岡　英子,大　阪,3,,林　真奈美,福　岡,1-7,"1,860円",(8),20240727,11R,豊橋,1-7-3,"5,950円",(23)
Ａ級決勝,F2,,45,1,4,差し,今野　有樹,愛　媛,3,マーク,高市　訓但,愛　媛,6,,徳永　泰粋,熊　本,4-3,500円,(1),20240727,12R,豊橋,4-3-6,"2,240円",(5)
Ａ級チャレンジ一般,F2,,47,5,3,捲り,五反田豊和,宮　崎,1,マーク,永山　英司,神奈川,2,,柴田　昌樹,愛　知,3-1,"3,080円",(12),20240727,1R,松阪,3-1-2,"9,530円",(33)
Ａ級チャレンジ一般,F2,,47,5,6,差し,板羽　俊一,埼　玉,1,差し,長田　彰人,宮　城,4,,菅原　洋輔,岩　手,6-1,"10,180円",(18),20240727,2R,松阪,6-1-4,"29,510円",(63)
Ａ級チャレンジ一般,F2,,47,5,1,逃げ,相川　巧,埼　玉,2,マーク,佐川　拓也,福　島,4,,吉橋　秀城,埼　玉,1-2,660円,(3),20240727,3R,松阪,1-2-4,"2,140円",(6)
Ａ級チャレンジ選抜,F2,,47,5,3,逃げ,楠本　政明,福　岡,6,マーク,澤亀　浩司,福　岡,4,,本間　慎吾,新　潟,3-6,810円,(2),20240727,4R,松阪,3-6-4,"10,990円",(38)
Ａ級チャレンジ選抜,F2,,47,5,1,差し,中村　淳,栃　木,3,逃げ,猪野　泰介,山　形,6,,渡邊　一洋,静　岡,1-3,390円,(1),20240727,5R,松阪,1-3-6,"3,640円",(9)
Ａ級チャレンジ選抜,F2,,47,5,1,差し,北村　篤,岐　阜,3,逃げ,水谷　亮太,愛　知,5,,町田　勝志,静　岡,1-3,280円,(2),20240727,6R,松阪,1-3-5,"3,270円",(9)
Ａ級チャレンジ決勝,F2,,47,5,5,捲り,谷内　健太,京　都,4,差し,伊東　佑晟,三　重,7,,福田　稔希,栃　木,5-4,"1,020円",(5),20240727,7R,松阪,5-4-7,"3,110円",(10)
Ａ級チャレンジ一般,F2,,74,5,2,差し,黒木　誠一,兵　庫,5,マーク,高田　隼人,千　葉,3,,藤田　和彦,神奈川,2-5,"1,980円",(8),20240727,1R,高知,2-5-3,"6,700円",(26)
Ａ級チャレンジ一般,F2,,74,5,2,逃げ,野見　泰要,岡　山,1,マーク,白崎　芳典,福　井,3,,田島　高志,三　重,2-1,220円,(1),20240727,2R,高知,2-1-3,260円,(1)
Ａ級チャレンジ一般,F2,,74,5,3,差し,木下　章,長　野,1,捲り,倉田　紘希,三　重,5,,浦山　一栄,東　京,3-1,"1,150円",(5),20240727,3R,高知,3-1-5,"3,920円",(11)
Ａ級チャレンジ選抜,F2,,74,5,5,逃げ,國井　裕樹,神奈川,3,マーク,羽石　国臣,栃　木,1,,竜門　孝宗,兵　庫,5-3,170円,(1),20240727,4R,高知,5-3-1,250円,(1)
Ａ級チャレンジ選抜,F2,,74,5,3,捲り,倉松　涼,高　知,7,捲り,東　隆之,宮　崎,1,,内村　竜也,山　口,3-7,"2,380円",(10),20240727,5R,高知,3-7-1,"9,080円",(30)
Ａ級チャレンジ選抜,F2,,74,5,3,差し,片山　直人,福　岡,2,マーク,岡田　雅也,高　知,5,,磯村　蓮太,愛　知,3-2,390円,(1),20240727,6R,高知,3-2-5,"2,770円",(8)
Ａ級チャレンジ決勝,F2,,74,5,2,捲り,南部　翔大,大　阪,3,マーク,岡部　伶音,福　島,4,,遠藤　拓巳,香　川,2-3,"1,220円",(3),20240727,7R,高知,2-3-4,"8,900円",(26)
Ａ級一般,F2,,87,8,3,差し,木本　賢二,大　阪,7,逃げ,江端　隆司,福　井,1,,三浦　稔希,愛　知,3-7,420円,(2),20240727,1R,熊本,3-7-1,"1,780円",(4)
Ａ級一般,F2,,87,8,4,捲り,藤田　剣次,福　岡,2,マーク,田中　弘章,福　岡,3,,大庭　正紀,富　山,4-2,"1,890円",(6),20240727,2R,熊本,4-2-3,"5,360円",(15)
Ａ級選抜,F2,,87,8,3,差し,小原　将通,大　分,7,捲り,大竹野裕樹,鹿児島,1,,長野　和弘,福　岡,3-7,"1,220円",(5),20240727,3R,熊本,3-7-1,"2,780円",(10)
Ａ級選抜,F2,,87,8,6,逃げ,枝村　弘樹,宮　崎,2,マーク,冨尾　享平,沖　縄,1,,藤木　裕,京　都,6-2,330円,(1),20240727,4R,熊本,6-2-1,"1,190円",(4)
Ａ級準決勝,F2,,87,8,4,差し,佐藤　竜太,愛　知,2,マーク,金子　貴志,愛　知,5,,土岐　幹多,岐　阜,4-2,600円,(3),20240727,5R,熊本,4-2-5,"1,090円",(1)
Ａ級準決勝,F2,,87,8,1,差し,木村　幸希,広　島,7,逃げ,村上　竜馬,広　島,6,,山川　奨太,熊　本,1-7,420円,(2),20240727,6R,熊本,1-7-6,"2,640円",(10)
Ａ級準決勝,F2,,87,8,5,逃げ,日野　博幸,愛　媛,2,マーク,藤原　浩,高　知,1,,小柳　智徳,長　崎,5-2,"1,700円",(4),20240727,7R,熊本,5-2-1,"7,760円",(20)
