{
  "races": 3221,
  "entries": 23018,
  "race_columns": [
    "race_encp",
    "race_date",
    "track",
    "race_no",
    "grade",
    "syumoku",
    "syoriKbn",
    "syusouInfoExistFlg",
    "yudoSensyuName",
    "raceResult1Syaban",
    "raceResult2Syaban",
    "backCnt1Syaban",
    "backCnt2Syaban",
    "lastUpdateTime"
  ],
  "entry_columns": [
    "race_encp",
    "race_date",
    "track",
    "race_no",
    "grade",
    "syumoku",
    "syabanBgColorInfo",
    "syabanCharColorInfo",
    "syaban",
    "wakuban",
    "sensyuRegistNo",
    "sensyuName",
    "ketujyouTuikaHojyuColorInfo",
    "ketujyouTuikaHojyu",
    "huKen",
    "prevKyuhan",
    "kyuhan",
    "kyakusitu",
    "heikinTokuten",
    "nigeCnt",
    "makuriCnt",
    "sasiCnt",
    "markCnt",
    "backCnt"
  ],
  "source_prerace": "data\\keirin_prerace_20251005_20251231.csv",
  "output_race": "data\\keirin_race_detail_race_20251005_20251231.csv",
  "output_entries": "data\\keirin_race_detail_entries_20251005_20251231.csv"
}