﻿category,grade,kaisai_name,keirin_cd,meeting_icon,pos1_car_no,pos1_decision,pos1_name,pos1_region,pos2_car_no,pos2_decision,pos2_name,pos2_region,pos3_car_no,pos3_decision,pos3_name,pos3_region,quinella,quinella_payout,quinella_popularity,race_date,race_no,track,trifecta,trifecta_payout,trifecta_popularity
Ｓ級一般,G1,,81,3,7,差し,山口　富生,岐　阜,4,捲り,月森　亮輔,岡　山,6,,田尾　駿介,高　知,7-4,"20,790円",(50),20241124,1R,小倉,7-4-6,"306,540円",(423)
Ｓ級一般,G1,,81,3,5,捲り,小川真太郎,徳　島,3,差し,川口公太朗,岐　阜,6,,坂本　修一,岡　山,5-3,"3,580円",(13),20241124,2R,小倉,5-3-6,"90,030円",(274)
Ｓ級一般,G1,,81,3,9,差し,志智　俊夫,岐　阜,3,マーク,大矢　崇弘,東　京,1,,川口　聖二,岐　阜,9-3,"10,810円",(33),20241124,3R,小倉,9-3-1,"35,860円",(119)
Ｓ級選抜,G1,,81,3,2,差し,和田健太郎,千　葉,3,マーク,竹内　智彦,宮　城,9,,根田　空史,千　葉,2-3,850円,(1),20241124,4R,小倉,2-3-9,"2,630円",(3)
Ｓ級選抜,G1,,81,3,2,捲り,嘉永　泰斗,熊　本,9,差し,守澤　太志,秋　田,3,,小原　佑太,青　森,2-9,"2,750円",(12),20241124,5R,小倉,2-9-3,"20,250円",(71)
Ｓ級選抜,G1,,81,3,8,差し,青野　将大,神奈川,2,差し,清水　裕友,山　口,5,,福島　武士,香　川,8-2,"6,790円",(18),20241124,6R,小倉,8-2-5,"33,420円",(81)
Ｓ級特選,G1,,81,3,5,捲り,窓場千加頼,京　都,2,マーク,三谷　将太,奈　良,6,,東口　善朋,和歌山,5-2,560円,(1),20241124,7R,小倉,5-2-6,"1,630円",(1)
Ｓ級特選,G1,,81,3,3,逃げ,北井　佑季,神奈川,5,マーク,和田真久留,神奈川,7,,南　修二,大　阪,3-5,"1,150円",(2),20241124,8R,小倉,3-5-7,"3,880円",(6)
Ｓ級特選,G1,,81,3,1,差し,郡司　浩平,神奈川,7,捲り,松井　宏佑,神奈川,4,,宿口　陽一,埼　玉,1-7,310円,(1),20241124,9R,小倉,1-7-4,"3,320円",(7)
Ｓ級特別優秀,G1,,81,3,5,捲り,森田　優弥,埼　玉,9,逃げ,太田　海也,岡　山,7,,永澤　剛,青　森,5-9,"14,420円",(57),20241124,10R,小倉,5-9-7,"153,730円",(411)
Ｓ級特別優秀,G1,,81,3,1,捲り,眞杉　匠,栃　木,4,差し,伊藤　颯馬,沖　縄,9,,武藤　龍生,埼　玉,1-4,"1,380円",(4),20241124,11R,小倉,1-4-9,"4,250円",(7)
Ｓ級決勝,G1,,81,3,2,捲り,脇本　雄太,福　井,7,マーク,犬伏　湧也,徳　島,1,,松浦　悠士,広　島,2-7,"3,180円",(11),20241124,12R,小倉,2-7-1,"10,270円",(31)
Ａ級一般,F1,,37,1,7,捲り,門脇　翼,秋　田,2,差し,吉川　裕二,大　分,3,,藤井　準也,岐　阜,7-2,"3,180円",(13),20241124,1R,伊東,7-2-3,"10,740円",(45)
Ａ級一般,F1,,37,1,2,逃げ,増田　利明,静　岡,7,捲り,中川　拓也,群　馬,3,,大久保直也,徳　島,2-7,"2,030円",(9),20241124,2R,伊東,2-7-3,"12,370円",(42)
Ａ級特選,F1,,37,1,2,逃げ,矢部　駿人,岡　山,4,差し,三澤　康人,宮　城,7,,土井　勲,岡　山,2-4,"1,350円",(7),20241124,3R,伊東,2-4-7,"4,970円",(18)
Ａ級特選,F1,,37,1,5,捲り,森本桂太郎,愛　媛,1,逃げ,保田　浩輔,岡　山,2,,亀井　久幸,千　葉,5-1,"1,410円",(5),20241124,4R,伊東,5-1-2,"13,920円",(41)
Ｓ級一般,F1,,37,1,7,逃げ,上杉　嘉槻,福　井,2,マーク,磯川　勝裕,東　京,3,,菊池竣太朗,静　岡,7-2,"2,140円",(7),20241124,5R,伊東,7-2-3,"22,090円",(44)
Ｓ級一般,F1,,37,1,5,差し,荻原　尚人,宮　城,7,逃げ,磯島　成介,青　森,2,,伊藤　大志,青　森,5-7,270円,(1),20241124,6R,伊東,5-7-2,460円,(1)
Ｓ級特選,F1,,37,1,4,捲り,松本秀之介,熊　本,5,マーク,飯野　祐太,福　島,3,,青森　伸也,福　島,4-5,"2,340円",(10),20241124,7R,伊東,4-5-3,"8,700円",(31)
Ｓ級特選,F1,,37,1,6,逃げ,長田　龍拳,静　岡,1,マーク,松村　友和,大　阪,,,,,6-1,"1,180円",(10),20241124,8R,伊東,6-1-3,"12,350円",(93)
Ａ級決勝,F1,,37,1,6,捲り,石川　航大,宮　崎,4,マーク,東矢　昇太,熊　本,5,,肥後　尚己,大　阪,6-4,570円,(1),20241124,9R,伊東,6-4-5,"4,830円",(15)
Ｓ級決勝,F1,,37,1,4,差し,恩田　淳平,群　馬,3,差し,長島　大介,栃　木,7,,鈴木　薫,東　京,4-3,"1,570円",(5),20241124,10R,伊東,4-3-7,"9,820円",(38)
Ａ級一般,F1,,61,1,1,差し,谷口　幸司,高　知,2,逃げ,小笠原一真,青　森,4,,森岡　正臣,高　知,1-2,480円,(2),20241124,1R,玉野,1-2-4,610円,(2)
Ａ級一般,F1,,61,1,7,捲り,高橋綜一郎,大　分,1,マーク,高橋　隆太,静　岡,3,,四元　慎也,宮　崎,7-1,"1,040円",(5),20241124,2R,玉野,7-1-3,"4,920円",(16)
Ａ級特選,F1,,61,1,1,差し,宇佐見優介,福　島,7,差し,川口　直人,神奈川,3,,小林　申太,茨　城,1-7,"2,320円",(7),20241124,3R,玉野,1-7-3,"3,440円",(8)
Ａ級特選,F1,,61,1,5,差し,佐々木翔一,佐　賀,6,捲り,遠藤　拓巳,香　川,1,,増原　正人,広　島,5-6,"1,590円",(6),20241124,4R,玉野,5-6-1,"4,620円",(15)
Ｓ級一般,F1,,61,1,5,捲り,加藤　将武,埼　玉,2,マーク,小林　令,山　梨,1,,木村　佑来,宮　城,5-2,"3,670円",(15),20241124,5R,玉野,5-2-1,"22,100円",(73)
Ｓ級一般,F1,,61,1,4,差し,朝倉　佳弘,東　京,1,差し,才迫　開,広　島,5,,大塚　玲,神奈川,4-1,"18,350円",(42),20241124,6R,玉野,4-1-5,"111,900円",(202)
Ｓ級特選,F1,,61,1,5,差し,杉本　正隆,茨　城,2,マーク,磯田　旭,栃　木,4,,阿部　大樹,埼　玉,5-2,370円,(1),20241124,7R,玉野,5-2-4,"1,550円",(3)
Ｓ級特選,F1,,61,1,3,差し,福田　知也,神奈川,7,捲り,渡邉　雄太,静　岡,1,,柿澤　大貴,長　野,3-7,800円,(3),20241124,8R,玉野,3-7-1,"2,830円",(7)
Ａ級決勝,F1,,61,1,4,捲り,松崎　広太,茨　城,6,差し,岩本　純,岡　山,1,,吉本　哲郎,広　島,4-6,"1,060円",(4),20241124,9R,玉野,4-6-1,"2,920円",(6)
Ｓ級決勝,F1,,61,1,5,差し,渡部　哲男,愛　媛,4,差し,瀬戸　栄作,長　崎,7,,鈴木　竜士,東　京,5-4,"14,630円",(42),20241124,10R,玉野,5-4-7,"162,350円",(210)
Ａ級予選,F2,,13,5,2,捲り,岩城　佑典,愛　知,1,マーク,太田　剛司,愛　知,3,,松澤　敬輔,北海道,2-1,660円,(2),20241124,1R,いわき平,2-1-3,"1,800円",(4)
Ａ級予選,F2,,13,5,1,差し,須藤　直道,群　馬,3,マーク,堀　政美,茨　城,2,,中井　勇介,大　阪,1-3,500円,(2),20241124,2R,いわき平,1-3-2,680円,(3)
Ａ級予選,F2,,13,5,2,逃げ,吉田　篤史,奈　良,4,捲り,齋藤　宗徳,千　葉,5,,金田健一郎,大　阪,2-4,"3,130円",(9),20241124,3R,いわき平,2-4-5,"26,130円",(48)
Ａ級予選,F2,,13,5,5,差し,荒木　伸哉,静　岡,1,差し,鈴木　謙二,東　京,6,,辻　力,石　川,5-1,"8,390円",(20),20241124,4R,いわき平,5-1-6,"94,260円",(121)
Ａ級予選,F2,,13,5,6,逃げ,塩島嵩一朗,神奈川,1,マーク,副島　和人,神奈川,3,,牛田樹希斗,愛　知,6-1,160円,(1),20241124,5R,いわき平,6-1-3,660円,(2)
Ａ級予選,F2,,13,5,2,差し,坂本　拓也,福　島,1,逃げ,斉藤　樂,宮　城,5,,柴田　竜史,静　岡,2-1,170円,(1),20241124,6R,いわき平,2-1-5,"1,240円",(6)
Ａ級初日特選,F2,,13,5,4,捲り,菅谷　隆司,東　京,1,捲り,棚瀬　義大,岐　阜,6,,岡本　英之,千　葉,4-1,"4,810円",(12),20241124,7R,いわき平,4-1-6,"19,920円",(47)
Ａ級チャレンジ一般,F2,,23,8,5,差し,天沼　雅貴,埼　玉,3,逃げ,小林　寛弥,静　岡,6,,廣瀬　裕道,茨　城,5-3,280円,(1),20241124,1R,取手,5-3-6,"5,400円",(20)
Ａ級チャレンジ一般,F2,,23,8,6,差し,石井　孝,千　葉,2,差し,三澤　勝成,宮　城,5,,門馬　琢麿,北海道,6-2,"5,330円",(22),20241124,2R,取手,6-2-5,"24,660円",(92)
Ａ級チャレンジ一般,F2,,23,8,1,差し,長崎　達也,神奈川,5,逃げ,國井　裕樹,神奈川,2,,平山　優太,福　島,1-5,990円,(5),20241124,3R,取手,1-5-2,"3,560円",(15)
Ａ級チャレンジ選抜,F2,,23,8,1,逃げ,助川翔太郎,埼　玉,5,捲り,中尾　翔,岡　山,2,,永田　修一,熊　本,1-5,900円,(3),20241124,4R,取手,1-5-2,"5,010円",(18)
Ａ級チャレンジ選抜,F2,,23,8,3,差し,井上　将志,兵　庫,7,差し,山口　茂,福　島,2,,桜井　大地,静　岡,3-7,"5,490円",(14),20241124,5R,取手,3-7-2,"37,000円",(76)
Ａ級チャレンジ選抜,F2,,23,8,3,逃げ,秋末　蓮,兵　庫,7,マーク,岡崎　和久,奈　良,4,,伊狩　知人,奈　良,3-7,240円,(1),20241124,6R,取手,3-7-4,400円,(1)
Ａ級チャレンジ決勝,F2,,23,8,3,捲り,森崎　英登,愛　知,6,マーク,渡邊　一洋,静　岡,7,,今井　希,埼　玉,3-6,"2,330円",(11),20241124,7R,取手,3-6-7,"10,660円",(38)
Ａ級チャレンジ一般,F2,,43,1,5,逃げ,樋口有樹郎,兵　庫,1,マーク,舟元　権造,大　阪,3,,山村　慮太,大　阪,5-1,620円,(3),20241124,1R,岐阜,5-1-3,"1,130円",(2)
Ａ級チャレンジ一般,F2,,43,1,2,逃げ,竹田　慎一,富　山,4,マーク,岡田　大門,愛　知,5,,中畑　利英,和歌山,2-4,370円,(2),20241124,2R,岐阜,2-4-5,580円,(2)
Ａ級チャレンジ選抜,F2,,43,1,7,差し,大中　拓磨,兵　庫,4,捲り,田山　誠,長　崎,1,,油谷　蒼,兵　庫,7-4,"1,820円",(5),20241124,3R,岐阜,7-4-1,"5,010円",(14)
Ａ級チャレンジ選抜,F2,,43,1,2,捲り,山本　和虎,愛　知,,,,,5,,大崎龍一郎,奈　良,2-7,260円,(2),20241124,4R,岐阜,2-7-5,810円,(2)
Ａ級特一般,F2,,43,1,1,捲り,市村　昌樹,兵　庫,7,マーク,佐野　洋継,京　都,2,,有賀　高士,石　川,1-7,880円,(4),20241124,5R,岐阜,1-7-2,"3,370円",(11)
Ａ級特一般,F2,,43,1,1,差し,山田　裕哉,岐　阜,4,逃げ,中村　泰輔,和歌山,6,,柴田　祐也,岐　阜,1-4,450円,(1),20241124,6R,岐阜,1-4-6,"1,420円",(3)
Ｌ級ガールズ一般,F2,,43,1,2,捲り,又多　風緑,石　川,6,マーク,宮西　令奈,石　川,1,,戸田　瑞姫,茨　城,2-6,640円,(2),20241124,7R,岐阜,2-6-1,"1,800円",(4)
Ａ級特選,F2,,43,1,3,差し,小林　卓人,大　阪,1,捲り,中山遼太郎,熊　本,7,,吉堂　将規,奈　良,3-1,"4,690円",(22),20241124,8R,岐阜,3-1-7,"12,920円",(57)
Ａ級特選,F2,,43,1,3,差し,辰己　豊,奈　良,4,捲り,金子　貴志,愛　知,2,,山川　奨太,熊　本,3-4,"3,780円",(18),20241124,9R,岐阜,3-4-2,"56,590円",(151)
Ａ級チャレンジ決勝,F2,,43,1,4,捲り,岩元　叶馬,富　山,7,差し,水谷　亮太,愛　知,5,,合地　登汰,岡　山,4-7,500円,(2),20241124,10R,岐阜,4-7-5,"4,730円",(16)
Ｌ級ガールズ決勝,F2,,43,1,5,差し,當銘沙恵美,愛　知,1,差し,増田　夕華,岐　阜,7,,大浦　彩瑛,神奈川,5-1,580円,(2),20241124,11R,岐阜,5-1-7,"1,870円",(5)
Ａ級決勝,F2,,43,1,4,捲り,橋本　宇宙,佐　賀,1,マーク,角　令央奈,福　岡,5,,伊藤　世哉,三　重,4-1,290円,(1),20241124,12R,岐阜,4-1-5,"4,150円",(9)
Ａ級予選,F2,,47,5,2,逃げ,南部　翔大,大　阪,4,マーク,薮　謙治,京　都,5,,田中　俊充,福　井,2-4,220円,(1),20241124,1R,松阪,2-4-5,470円,(1)
Ａ級予選,F2,,47,5,7,差し,高田　大輔,徳　島,2,差し,山田　雅之,岐　阜,5,,松田　直也,大　分,7-2,"64,680円",(37),20241124,2R,松阪,7-2-5,"402,130円",(166)
Ａ級予選,F2,,47,5,5,捲り,鮫島　康治,大　阪,1,逃げ,奥出　良,石　川,4,,伊原　弘幸,福　井,5-1,"4,650円",(13),20241124,3R,松阪,5-1-4,"11,750円",(26)
Ａ級予選,F2,,47,5,3,差し,芳野　匠,愛　媛,1,マーク,下岡　将也,三　重,2,,福田　真平,愛　知,3-1,"2,260円",(8),20241124,4R,松阪,3-1-2,"5,710円",(21)
Ａ級予選,F2,,47,5,1,逃げ,小松原正登,福　井,2,マーク,一ノ瀬貴将,大　阪,4,,藤原　亮太,岡　山,1-2,200円,(1),20241124,5R,松阪,1-2-4,"1,920円",(5)
Ａ級予選,F2,,47,5,2,差し,篠原　忍,愛　知,1,逃げ,尾方　祐仁,岐　阜,7,,鮒田　博文,三　重,2-1,200円,(1),20241124,6R,松阪,2-1-7,430円,(1)
Ａ級初日特選,F2,,47,5,5,捲り,浅見　隼,福　岡,4,差し,良永　浩一,福　岡,3,,堀　兼壽,岐　阜,5-4,"7,190円",(27),20241124,7R,松阪,5-4-3,"63,740円",(177)
Ａ級予選,F2,,71,5,4,逃げ,龍野琳太郎,岡　山,3,マーク,吉岡　篤志,徳　島,6,,田村　浩章,徳　島,4-3,650円,(2),20241124,1R,高松,4-3-6,"1,610円",(6)
Ａ級予選,F2,,71,5,1,差し,冨尾　享平,沖　縄,4,差し,土屋　仁,茨　城,2,,梶原　大地,福　岡,1-4,"2,340円",(4),20241124,2R,高松,1-4-2,"6,550円",(14)
Ａ級予選,F2,,71,5,1,差し,寺林　正秋,宮　城,3,差し,船曳　義之,香　川,6,,滝山　実,徳　島,1-3,"4,360円",(11),20241124,3R,高松,1-3-6,"23,860円",(50)
Ａ級予選,F2,,71,5,1,差し,須藤　誠,千　葉,2,捲り,水森　湧太,東　京,4,,三木　健治,沖　縄,1-2,740円,(4),20241124,4R,高松,1-2-4,"1,680円",(5)
Ａ級予選,F2,,71,5,1,逃げ,土田　栄二,茨　城,3,マーク,平石　浩之,茨　城,5,,山崎　充央,東　京,1-3,210円,(1),20241124,5R,高松,1-3-5,290円,(1)
Ａ級予選,F2,,71,5,2,逃げ,吉竹　尚城,静　岡,1,マーク,野村　純宏,神奈川,7,,西巻　秀太,新　潟,2-1,230円,(1),20241124,6R,高松,2-1-7,"6,630円",(14)
Ａ級初日特選,F2,,71,5,7,捲り,菅野　航基,宮　城,2,マーク,三浦　翔大,宮　城,6,,本郷　雄三,熊　本,7-2,"4,820円",(23),20241124,7R,高松,7-2-6,"16,490円",(64)
